,timestamp,ambient_temperature,load_density
0,2026-01-01 00:00:00,308.9379648461855,0.28
1,2026-01-01 00:01:00,308.87295942213103,0.239
2,2026-01-01 00:02:00,308.8717924158406,0.44299999999999995
3,2026-01-01 00:03:00,308.02136538201347,0.511
4,2026-01-01 00:04:00,310.14818660618903,0.3
5,2026-01-01 00:05:00,308.7667227160841,0.196
6,2026-01-01 00:06:00,308.70484383355677,0.484
7,2026-01-01 00:07:00,309.4012846283109,0.466
8,2026-01-01 00:08:00,308.9426278702275,0.456
9,2026-01-01 00:09:00,309.1963969764837,0.545
10,2026-01-01 00:10:00,309.4242220362709,0.325
11,2026-01-01 00:11:00,309.1934633854846,0.42700000000000005
12,2026-01-01 00:12:00,309.6886970319232,0.44799999999999995
13,2026-01-01 00:13:00,309.1803756561361,0.307
14,2026-01-01 00:14:00,308.8875919496087,0.257
15,2026-01-01 00:15:00,309.5095852964885,0.373
16,2026-01-01 00:16:00,309.00395777850645,0.233
17,2026-01-01 00:17:00,309.7176987753873,0.39
18,2026-01-01 00:18:00,308.61127878132424,0.24600000000000002
19,2026-01-01 00:19:00,309.75113829992756,0.442
20,2026-01-01 00:20:00,308.869250322785,0.301
21,2026-01-01 00:21:00,309.90731314311404,0.48200000000000004
22,2026-01-01 00:22:00,309.80122263580773,0.255
23,2026-01-01 00:23:00,310.08690006461717,0.483
24,2026-01-01 00:24:00,309.23900572472394,0.325
25,2026-01-01 00:25:00,309.06515808567417,0.34700000000000003
26,2026-01-01 00:26:00,309.15359548730817,0.486
27,2026-01-01 00:27:00,309.5261524370689,0.36700000000000005
28,2026-01-01 00:28:00,309.163320901923,0.392
29,2026-01-01 00:29:00,309.39757506840493,0.507
30,2026-01-01 00:30:00,309.03441983095024,0.525
31,2026-01-01 00:31:00,309.79288170265795,0.45399999999999996
32,2026-01-01 00:32:00,310.16215844559656,0.508
33,2026-01-01 00:33:00,309.2565464632844,0.491
34,2026-01-01 00:34:00,309.5702614394633,0.485
35,2026-01-01 00:35:00,308.95392935135277,0.475
36,2026-01-01 00:36:00,309.23771044593644,0.491
37,2026-01-01 00:37:00,309.4888760592644,0.258
38,2026-01-01 00:38:00,309.06449492988423,0.46299999999999997
39,2026-01-01 00:39:00,308.51317492710353,0.539
40,2026-01-01 00:40:00,308.93782498863686,0.441
41,2026-01-01 00:41:00,309.07215784325166,0.046
42,2026-01-01 00:42:00,309.78579993211144,0.5489999999999999
43,2026-01-01 00:43:00,309.3035670903137,0.43799999999999994
44,2026-01-01 00:44:00,308.73860378238965,0.35100000000000003
45,2026-01-01 00:45:00,308.88144243690147,0.301
46,2026-01-01 00:46:00,309.49620413904904,0.40700000000000003
47,2026-01-01 00:47:00,308.5461189654309,0.424
48,2026-01-01 00:48:00,309.2997884521847,0.40299999999999997
49,2026-01-01 00:49:00,308.7076638007216,0.295
50,2026-01-01 00:50:00,309.40139105646637,0.544
51,2026-01-01 00:51:00,308.77598436889735,0.526
52,2026-01-01 00:52:00,309.4263941281251,0.382
53,2026-01-01 00:53:00,308.54442372018946,0.22899999999999998
54,2026-01-01 00:54:00,309.4961805358279,0.259
55,2026-01-01 00:55:00,309.61584986890034,0.386
56,2026-01-01 00:56:00,309.33099099463914,0.451
57,2026-01-01 00:57:00,309.03933987673634,0.287
58,2026-01-01 00:58:00,308.68931808433916,0.441
59,2026-01-01 00:59:00,308.2498957029171,0.324
60,2026-01-01 01:00:00,309.3853934031003,0.657
61,2026-01-01 01:01:00,308.87347247666463,0.226
62,2026-01-01 01:02:00,308.94438959487167,0.455
63,2026-01-01 01:03:00,309.3125232024477,0.444
64,2026-01-01 01:04:00,309.4991727633943,0.35
65,2026-01-01 01:05:00,309.2538786794858,0.32299999999999995
66,2026-01-01 01:06:00,309.09266995402714,0.467
67,2026-01-01 01:07:00,309.7916358843826,0.479
68,2026-01-01 01:08:00,308.61756782075526,0.413
69,2026-01-01 01:09:00,309.7241562841876,0.515
70,2026-01-01 01:10:00,308.83078184690623,0.379
71,2026-01-01 01:11:00,308.68903963284487,0.499
72,2026-01-01 01:12:00,310.08400919756394,0.475
73,2026-01-01 01:13:00,308.3513891855872,0.408
74,2026-01-01 01:14:00,309.2003599301219,0.401
75,2026-01-01 01:15:00,308.286096533976,0.47600000000000003
76,2026-01-01 01:16:00,308.92705949071586,0.268
77,2026-01-01 01:17:00,308.13054087270194,0.439
78,2026-01-01 01:18:00,308.3822878152003,0.318
79,2026-01-01 01:19:00,308.8750283864156,0.452
80,2026-01-01 01:20:00,309.2419751998549,0.395
81,2026-01-01 01:21:00,307.6907941911741,0.258
82,2026-01-01 01:22:00,308.229186043253,0.249
83,2026-01-01 01:23:00,309.0610452541275,0.271
84,2026-01-01 01:24:00,308.5380234648412,0.43
85,2026-01-01 01:25:00,308.4325372810008,0.319
86,2026-01-01 01:26:00,308.4223824174385,0.522
87,2026-01-01 01:27:00,308.82354363483955,0.353
88,2026-01-01 01:28:00,309.06014884538257,0.299
89,2026-01-01 01:29:00,307.6613644647244,0.327
90,2026-01-01 01:30:00,308.63624470876033,0.444
91,2026-01-01 01:31:00,309.0224479238147,0.25
92,2026-01-01 01:32:00,309.07466068308014,0.207
93,2026-01-01 01:33:00,308.9898074061027,0.406
94,2026-01-01 01:34:00,309.19670175628914,0.405
95,2026-01-01 01:35:00,309.00020716625454,0.434
96,2026-01-01 01:36:00,308.2388692077605,0.311
97,2026-01-01 01:37:00,308.27103242146086,0.485
98,2026-01-01 01:38:00,308.00783722209576,0.46799999999999997
99,2026-01-01 01:39:00,309.2413293446128,0.327
100,2026-01-01 01:40:00,308.75053023515744,0.341
101,2026-01-01 01:41:00,308.3372637871549,0.225
102,2026-01-01 01:42:00,308.70834923805006,0.435
103,2026-01-01 01:43:00,308.3908881389733,0.395
104,2026-01-01 01:44:00,308.3870287220269,0.419
105,2026-01-01 01:45:00,308.84505262526557,0.294
106,2026-01-01 01:46:00,308.4073313378926,0.457
107,2026-01-01 01:47:00,308.00924621302227,0.341
108,2026-01-01 01:48:00,308.95288471350244,0.33
109,2026-01-01 01:49:00,309.6019913202113,0.281
110,2026-01-01 01:50:00,308.60613869022717,0.40700000000000003
111,2026-01-01 01:51:00,307.94691874676795,0.447
112,2026-01-01 01:52:00,308.6876962567435,0.41200000000000003
113,2026-01-01 01:53:00,308.7893382605997,0.507
114,2026-01-01 01:54:00,308.5561665876092,0.434
115,2026-01-01 01:55:00,308.79945300465295,0.294
116,2026-01-01 01:56:00,309.1268177148317,0.322
117,2026-01-01 01:57:00,308.7577940493811,0.605
118,2026-01-01 01:58:00,309.124102516209,0.465
119,2026-01-01 01:59:00,308.7939544803259,0.386
120,2026-01-01 02:00:00,308.69220570874427,0.34299999999999997
121,2026-01-01 02:01:00,307.67069662010846,0.41100000000000003
122,2026-01-01 02:02:00,308.27558720973946,0.27699999999999997
123,2026-01-01 02:03:00,309.17925632103345,0.43200000000000005
124,2026-01-01 02:04:00,308.14644789175384,0.496
125,2026-01-01 02:05:00,308.4198298219011,0.53
126,2026-01-01 02:06:00,309.0043740301049,0.285
127,2026-01-01 02:07:00,308.6455127247412,0.457
128,2026-01-01 02:08:00,308.57384908443225,0.5529999999999999
129,2026-01-01 02:09:00,308.30775175608323,0.494
130,2026-01-01 02:10:00,308.68882522435405,0.5579999999999999
131,2026-01-01 02:11:00,308.8569269647987,0.361
132,2026-01-01 02:12:00,308.2449684144751,0.35200000000000004
133,2026-01-01 02:13:00,309.22759618538237,0.282
134,2026-01-01 02:14:00,307.5348686662082,0.505
135,2026-01-01 02:15:00,309.0747789998414,0.424
136,2026-01-01 02:16:00,308.3732797800245,0.336
137,2026-01-01 02:17:00,308.2027157089061,0.361
138,2026-01-01 02:18:00,308.316185301295,0.401
139,2026-01-01 02:19:00,308.8082482018444,0.48
140,2026-01-01 02:20:00,308.2628807898079,0.39899999999999997
141,2026-01-01 02:21:00,308.3355650587741,0.42700000000000005
142,2026-01-01 02:22:00,308.1382979661308,0.376
143,2026-01-01 02:23:00,307.8699369941862,0.41
144,2026-01-01 02:24:00,308.28545877382237,0.27
145,2026-01-01 02:25:00,308.3437098648704,0.36200000000000004
146,2026-01-01 02:26:00,307.99415580712764,0.198
147,2026-01-01 02:27:00,308.5819437000601,0.46
148,2026-01-01 02:28:00,308.5721069818,0.435
149,2026-01-01 02:29:00,308.35944350896614,0.4
150,2026-01-01 02:30:00,307.3029723086259,0.47
151,2026-01-01 02:31:00,308.1332588630163,0.607
152,2026-01-01 02:32:00,308.9660697787972,0.523
153,2026-01-01 02:33:00,309.2409296465779,0.355
154,2026-01-01 02:34:00,309.36307268197305,0.43799999999999994
155,2026-01-01 02:35:00,308.402048496388,0.436
156,2026-01-01 02:36:00,308.2125861947776,0.26
157,2026-01-01 02:37:00,307.6756900225016,0.326
158,2026-01-01 02:38:00,308.1318271525891,0.429
159,2026-01-01 02:39:00,307.9894770267497,0.623
160,2026-01-01 02:40:00,308.0374062036592,0.591
161,2026-01-01 02:41:00,308.28309997950305,0.35
162,2026-01-01 02:42:00,306.8051815560948,0.508
163,2026-01-01 02:43:00,307.0464927158656,0.20800000000000002
164,2026-01-01 02:44:00,308.38309384325925,0.337
165,2026-01-01 02:45:00,307.9879167138219,0.583
166,2026-01-01 02:46:00,308.37325203188493,0.435
167,2026-01-01 02:47:00,308.6884381792841,0.34700000000000003
168,2026-01-01 02:48:00,308.51283583253365,0.214
169,2026-01-01 02:49:00,309.0809666274895,0.502
170,2026-01-01 02:50:00,307.52976377981037,0.498
171,2026-01-01 02:51:00,308.01993813449934,0.499
172,2026-01-01 02:52:00,307.3929292228822,0.242
173,2026-01-01 02:53:00,308.3357364985663,0.48100000000000004
174,2026-01-01 02:54:00,308.9847820889524,0.40700000000000003
175,2026-01-01 02:55:00,308.75331742135603,0.306
176,2026-01-01 02:56:00,308.7508084802144,0.382
177,2026-01-01 02:57:00,308.607190227676,0.56
178,2026-01-01 02:58:00,308.0444605828392,0.431
179,2026-01-01 02:59:00,308.60443061584795,0.336
180,2026-01-01 03:00:00,308.39614663725143,0.434
181,2026-01-01 03:01:00,308.8879410053701,0.499
182,2026-01-01 03:02:00,307.9521706548151,0.34600000000000003
183,2026-01-01 03:03:00,308.5862093251232,0.518
184,2026-01-01 03:04:00,308.35219991986554,0.34600000000000003
185,2026-01-01 03:05:00,308.8679299872028,0.107
186,2026-01-01 03:06:00,308.6382700674008,0.429
187,2026-01-01 03:07:00,308.2545958925091,0.495
188,2026-01-01 03:08:00,309.0236768070617,0.409
189,2026-01-01 03:09:00,308.293360512859,0.35
190,2026-01-01 03:10:00,309.5923518778758,0.47100000000000003
191,2026-01-01 03:11:00,308.4667653064244,0.35
192,2026-01-01 03:12:00,309.28402004920235,0.41200000000000003
193,2026-01-01 03:13:00,308.51921921692553,0.35700000000000004
194,2026-01-01 03:14:00,308.49147048453443,0.379
195,2026-01-01 03:15:00,308.39424511569956,0.32799999999999996
196,2026-01-01 03:16:00,308.3185345030331,0.53
197,2026-01-01 03:17:00,308.9578149956152,0.353
198,2026-01-01 03:18:00,306.88873736604955,0.607
199,2026-01-01 03:19:00,307.2871931556196,0.36700000000000005
200,2026-01-01 03:20:00,309.1688775894983,0.44
201,2026-01-01 03:21:00,308.870914639411,0.361
202,2026-01-01 03:22:00,308.3697565459593,0.33899999999999997
203,2026-01-01 03:23:00,308.6516200903136,0.529
204,2026-01-01 03:24:00,309.0158190863501,0.449
205,2026-01-01 03:25:00,307.76714519960825,0.371
206,2026-01-01 03:26:00,309.0350703949786,0.40299999999999997
207,2026-01-01 03:27:00,308.9103948312632,0.38299999999999995
208,2026-01-01 03:28:00,308.6191733177275,0.316
209,2026-01-01 03:29:00,309.327119066917,0.381
210,2026-01-01 03:30:00,307.81270116112944,0.462
211,2026-01-01 03:31:00,307.919100834488,0.527
212,2026-01-01 03:32:00,308.33174926845993,0.243
213,2026-01-01 03:33:00,308.49059597112785,0.45
214,2026-01-01 03:34:00,308.21592021513607,0.344
215,2026-01-01 03:35:00,308.94550170377323,0.293
216,2026-01-01 03:36:00,308.05470555128665,0.5379999999999999
217,2026-01-01 03:37:00,307.5507033906371,0.49200000000000005
218,2026-01-01 03:38:00,308.67903718300056,0.361
219,2026-01-01 03:39:00,308.6073211862937,0.371
220,2026-01-01 03:40:00,308.2593100055271,0.322
221,2026-01-01 03:41:00,307.9941618474745,0.348
222,2026-01-01 03:42:00,307.40253453635046,0.431
223,2026-01-01 03:43:00,308.74868246659963,0.47600000000000003
224,2026-01-01 03:44:00,308.08573404804895,0.349
225,2026-01-01 03:45:00,308.0198181271811,0.429
226,2026-01-01 03:46:00,308.2466304458625,0.337
227,2026-01-01 03:47:00,308.4834226158625,0.387
228,2026-01-01 03:48:00,308.4530258766226,0.366
229,2026-01-01 03:49:00,307.5700397243939,0.503
230,2026-01-01 03:50:00,307.8175086530275,0.306
231,2026-01-01 03:51:00,307.30391490531116,0.516
232,2026-01-01 03:52:00,308.526250340954,0.243
233,2026-01-01 03:53:00,307.94519618699957,0.588
234,2026-01-01 03:54:00,307.5560110093465,0.441
235,2026-01-01 03:55:00,307.83363116590186,0.491
236,2026-01-01 03:56:00,307.7111466052563,0.314
237,2026-01-01 03:57:00,308.26326738490934,0.335
238,2026-01-01 03:58:00,307.86624256104807,0.455
239,2026-01-01 03:59:00,308.16237612114895,0.568
240,2026-01-01 04:00:00,307.4008162315313,0.562
241,2026-01-01 04:01:00,308.4359640621981,0.327
242,2026-01-01 04:02:00,307.8872660668993,0.426
243,2026-01-01 04:03:00,308.0365034215742,0.358
244,2026-01-01 04:04:00,308.9063484578767,0.48200000000000004
245,2026-01-01 04:05:00,307.6398035519628,0.379
246,2026-01-01 04:06:00,307.55084406174944,0.40399999999999997
247,2026-01-01 04:07:00,308.97870220760603,0.63
248,2026-01-01 04:08:00,307.8239960753989,0.295
249,2026-01-01 04:09:00,308.4300255483674,0.379
250,2026-01-01 04:10:00,308.45085863011286,0.639
251,2026-01-01 04:11:00,307.8188419794719,0.491
252,2026-01-01 04:12:00,308.1995777137226,0.321
253,2026-01-01 04:13:00,308.11738947527965,0.268
254,2026-01-01 04:14:00,307.8060870083605,0.32299999999999995
255,2026-01-01 04:15:00,308.5715084476682,0.475
256,2026-01-01 04:16:00,307.5801800805805,0.371
257,2026-01-01 04:17:00,306.55674891485864,0.43700000000000006
258,2026-01-01 04:18:00,307.83276448133984,0.21100000000000002
259,2026-01-01 04:19:00,307.7202305894446,0.248
260,2026-01-01 04:20:00,308.008752326232,0.37
261,2026-01-01 04:21:00,307.68259743876547,0.396
262,2026-01-01 04:22:00,308.87820752792015,0.408
263,2026-01-01 04:23:00,307.76447913766935,0.40399999999999997
264,2026-01-01 04:24:00,307.725227769966,0.46
265,2026-01-01 04:25:00,309.2042755691735,0.285
266,2026-01-01 04:26:00,307.14582781699573,0.547
267,2026-01-01 04:27:00,307.423591089113,0.266
268,2026-01-01 04:28:00,307.94514225088346,0.507
269,2026-01-01 04:29:00,307.11185639786913,0.294
270,2026-01-01 04:30:00,307.4163569430668,0.23399999999999999
271,2026-01-01 04:31:00,309.43552278465324,0.43700000000000006
272,2026-01-01 04:32:00,307.7304592993717,0.365
273,2026-01-01 04:33:00,308.39559466115566,0.498
274,2026-01-01 04:34:00,308.47538093591163,0.43
275,2026-01-01 04:35:00,308.2868408102719,0.192
276,2026-01-01 04:36:00,309.4994692310428,0.36
277,2026-01-01 04:37:00,308.1601352633915,0.332
278,2026-01-01 04:38:00,308.0276118346589,0.316
279,2026-01-01 04:39:00,307.7765581300404,0.42200000000000004
280,2026-01-01 04:40:00,308.4199092832375,0.467
281,2026-01-01 04:41:00,308.3501850619124,0.456
282,2026-01-01 04:42:00,308.63415439271455,0.426
283,2026-01-01 04:43:00,307.99297449807233,0.402
284,2026-01-01 04:44:00,308.27873299994803,0.44799999999999995
285,2026-01-01 04:45:00,307.7414610120263,0.511
286,2026-01-01 04:46:00,307.4685745822252,0.307
287,2026-01-01 04:47:00,308.83650457144296,0.462
288,2026-01-01 04:48:00,308.3727868592975,0.253
289,2026-01-01 04:49:00,308.2851848479994,0.187
290,2026-01-01 04:50:00,308.0508191528828,0.35600000000000004
291,2026-01-01 04:51:00,308.3827533538605,0.38299999999999995
292,2026-01-01 04:52:00,309.1657302795148,0.271
293,2026-01-01 04:53:00,308.5581888076657,0.35100000000000003
294,2026-01-01 04:54:00,307.76622467070183,0.435
295,2026-01-01 04:55:00,308.7085444512075,0.275
296,2026-01-01 04:56:00,307.6293647370629,0.192
297,2026-01-01 04:57:00,307.85891990498067,0.47100000000000003
298,2026-01-01 04:58:00,307.85043783003016,0.366
299,2026-01-01 04:59:00,308.6006012840134,0.47200000000000003
300,2026-01-01 05:00:00,307.7194399219795,0.408
301,2026-01-01 05:01:00,308.4026873825246,0.418
302,2026-01-01 05:02:00,308.0120435954804,0.441
303,2026-01-01 05:03:00,308.6785204746496,0.36
304,2026-01-01 05:04:00,309.0170865791054,0.508
305,2026-01-01 05:05:00,309.04658285566734,0.53
306,2026-01-01 05:06:00,308.34825015070544,0.406
307,2026-01-01 05:07:00,308.3981727608092,0.332
308,2026-01-01 05:08:00,308.39860218126813,0.284
309,2026-01-01 05:09:00,309.0592131759813,0.39899999999999997
310,2026-01-01 05:10:00,307.87074115873264,0.321
311,2026-01-01 05:11:00,308.9347003030609,0.382
312,2026-01-01 05:12:00,308.152600064181,0.325
313,2026-01-01 05:13:00,308.78095018367884,0.4
314,2026-01-01 05:14:00,307.7768495552914,0.46299999999999997
315,2026-01-01 05:15:00,307.4733323868539,0.419
316,2026-01-01 05:16:00,308.1621249428372,0.278
317,2026-01-01 05:17:00,308.11697316402115,0.414
318,2026-01-01 05:18:00,309.10174067224887,0.5670000000000001
319,2026-01-01 05:19:00,308.1491241551642,0.314
320,2026-01-01 05:20:00,307.9294843424208,0.299
321,2026-01-01 05:21:00,308.9675245983343,0.419
322,2026-01-01 05:22:00,307.9533154440157,0.519
323,2026-01-01 05:23:00,308.24418993754284,0.402
324,2026-01-01 05:24:00,308.07259880018137,0.313
325,2026-01-01 05:25:00,308.9998426378335,0.44799999999999995
326,2026-01-01 05:26:00,308.01308091163355,0.259
327,2026-01-01 05:27:00,307.56542335825463,0.205
328,2026-01-01 05:28:00,308.76885902091163,0.27699999999999997
329,2026-01-01 05:29:00,308.4402226839797,0.382
330,2026-01-01 05:30:00,307.6252918765696,0.322
331,2026-01-01 05:31:00,307.6912697914671,0.39399999999999996
332,2026-01-01 05:32:00,308.0455684777655,0.326
333,2026-01-01 05:33:00,308.22444448073014,0.465
334,2026-01-01 05:34:00,308.3230862870504,0.486
335,2026-01-01 05:35:00,308.57760380775534,0.138
336,2026-01-01 05:36:00,308.1463327528426,0.32899999999999996
337,2026-01-01 05:37:00,308.070370511909,0.452
338,2026-01-01 05:38:00,307.5998420564828,0.408
339,2026-01-01 05:39:00,308.15552679422666,0.317
340,2026-01-01 05:40:00,308.48721507897244,0.34299999999999997
341,2026-01-01 05:41:00,307.5186053331723,0.44299999999999995
342,2026-01-01 05:42:00,308.4453328287021,0.31
343,2026-01-01 05:43:00,308.5654734748111,0.46
344,2026-01-01 05:44:00,308.3560799459504,0.3
345,2026-01-01 05:45:00,309.29230534875336,0.34299999999999997
346,2026-01-01 05:46:00,308.4586981067676,0.369
347,2026-01-01 05:47:00,308.6319148235556,0.489
348,2026-01-01 05:48:00,307.73826463325844,0.342
349,2026-01-01 05:49:00,308.50078257270604,0.36700000000000005
350,2026-01-01 05:50:00,308.153826109259,0.34600000000000003
351,2026-01-01 05:51:00,307.5578952615708,0.382
352,2026-01-01 05:52:00,308.1752931245862,0.368
353,2026-01-01 05:53:00,308.572180174921,0.309
354,2026-01-01 05:54:00,308.57239753754595,0.478
355,2026-01-01 05:55:00,308.4945408066081,0.552
356,2026-01-01 05:56:00,307.93923061241424,0.575
357,2026-01-01 05:57:00,308.69142258097537,0.409
358,2026-01-01 05:58:00,307.91636110278324,0.38299999999999995
359,2026-01-01 05:59:00,307.82842539633907,0.395
360,2026-01-01 06:00:00,308.89387301855953,0.361
361,2026-01-01 06:01:00,307.96339271934346,0.37200000000000005
362,2026-01-01 06:02:00,308.176937953368,0.381
363,2026-01-01 06:03:00,307.7704619020711,0.517
364,2026-01-01 06:04:00,307.79017091153105,0.42
365,2026-01-01 06:05:00,308.93169118495376,0.43
366,2026-01-01 06:06:00,308.8631336755914,0.374
367,2026-01-01 06:07:00,307.6752145575915,0.519
368,2026-01-01 06:08:00,308.75943826547535,0.539
369,2026-01-01 06:09:00,308.20268656592566,0.294
370,2026-01-01 06:10:00,308.41590051384674,0.268
371,2026-01-01 06:11:00,308.1394666620452,0.128
372,2026-01-01 06:12:00,308.29755421718056,0.40399999999999997
373,2026-01-01 06:13:00,309.1863163897968,0.48
374,2026-01-01 06:14:00,308.9995766933091,0.27
375,2026-01-01 06:15:00,308.4967677524486,0.268
376,2026-01-01 06:16:00,308.2987805461706,0.45399999999999996
377,2026-01-01 06:17:00,307.80409537090196,0.509
378,2026-01-01 06:18:00,309.03968863305636,0.604
379,2026-01-01 06:19:00,308.5717205454586,0.48200000000000004
380,2026-01-01 06:20:00,309.121491467642,0.5479999999999999
381,2026-01-01 06:21:00,308.6788037493745,0.467
382,2026-01-01 06:22:00,307.5733147624792,0.381
383,2026-01-01 06:23:00,308.1668032023614,0.434
384,2026-01-01 06:24:00,307.98943348568537,0.522
385,2026-01-01 06:25:00,307.9632727493129,0.39899999999999997
386,2026-01-01 06:26:00,308.22241057762085,0.377
387,2026-01-01 06:27:00,308.0672449867898,0.426
388,2026-01-01 06:28:00,307.44151271072263,0.289
389,2026-01-01 06:29:00,309.0701184847504,0.436
390,2026-01-01 06:30:00,307.8350466843025,0.49700000000000005
391,2026-01-01 06:31:00,308.38309328385833,0.16899999999999998
392,2026-01-01 06:32:00,309.3178924014989,0.304
393,2026-01-01 06:33:00,309.1461032368111,0.32299999999999995
394,2026-01-01 06:34:00,308.10383671095906,0.598
395,2026-01-01 06:35:00,308.7975463099888,0.45899999999999996
396,2026-01-01 06:36:00,308.7908007344892,0.5760000000000001
397,2026-01-01 06:37:00,308.94858749136085,0.519
398,2026-01-01 06:38:00,308.3037079891847,0.42100000000000004
399,2026-01-01 06:39:00,309.1951125054722,0.444
400,2026-01-01 06:40:00,307.4622477535912,0.413
401,2026-01-01 06:41:00,308.63232499992046,0.449
402,2026-01-01 06:42:00,309.3065234459696,0.44299999999999995
403,2026-01-01 06:43:00,308.6746197444531,0.48200000000000004
404,2026-01-01 06:44:00,308.57431282102544,0.345
405,2026-01-01 06:45:00,308.86432743127847,0.325
406,2026-01-01 06:46:00,308.58471620806984,0.428
407,2026-01-01 06:47:00,307.42873593661244,0.37799999999999995
408,2026-01-01 06:48:00,308.79619618642874,0.501
409,2026-01-01 06:49:00,308.831700637319,0.177
410,2026-01-01 06:50:00,307.74700029879335,0.382
411,2026-01-01 06:51:00,309.9243505292134,0.396
412,2026-01-01 06:52:00,308.5116855478564,0.311
413,2026-01-01 06:53:00,307.92171884282607,0.552
414,2026-01-01 06:54:00,309.09373886337397,0.439
415,2026-01-01 06:55:00,308.54840011813536,0.457
416,2026-01-01 06:56:00,308.5892553852914,0.289
417,2026-01-01 06:57:00,309.89990396312396,0.449
418,2026-01-01 06:58:00,308.59326971894575,0.42200000000000004
419,2026-01-01 06:59:00,308.66554400954374,0.369
420,2026-01-01 07:00:00,309.1681253098026,0.623
421,2026-01-01 07:01:00,308.0477861934675,0.371
422,2026-01-01 07:02:00,308.67392057625483,0.419
423,2026-01-01 07:03:00,308.79055075242434,0.397
424,2026-01-01 07:04:00,308.3456746104745,0.237
425,2026-01-01 07:05:00,309.1879675814597,0.447
426,2026-01-01 07:06:00,308.3597201306047,0.41200000000000003
427,2026-01-01 07:07:00,308.1975887143885,0.363
428,2026-01-01 07:08:00,309.0167079520226,0.385
429,2026-01-01 07:09:00,308.40222024560575,0.522
430,2026-01-01 07:10:00,308.5323580920174,0.34600000000000003
431,2026-01-01 07:11:00,308.37943458148743,0.392
432,2026-01-01 07:12:00,308.95195835021633,0.466
433,2026-01-01 07:13:00,308.5398181730071,0.615
434,2026-01-01 07:14:00,308.48596729841853,0.451
435,2026-01-01 07:15:00,309.77173772562634,0.37200000000000005
436,2026-01-01 07:16:00,307.9186467970429,0.267
437,2026-01-01 07:17:00,308.5759368029042,0.39
438,2026-01-01 07:18:00,309.45936585449704,0.599
439,2026-01-01 07:19:00,309.0222559545557,0.449
440,2026-01-01 07:20:00,308.77897557680683,0.379
441,2026-01-01 07:21:00,308.51714644981143,0.41700000000000004
442,2026-01-01 07:22:00,308.16188282083885,0.461
443,2026-01-01 07:23:00,309.30270769781595,0.31
444,2026-01-01 07:24:00,309.64785656874517,0.36200000000000004
445,2026-01-01 07:25:00,308.11389290888627,0.466
446,2026-01-01 07:26:00,308.7787298590904,0.574
447,2026-01-01 07:27:00,309.5119092583726,0.47600000000000003
448,2026-01-01 07:28:00,308.1561834612866,0.536
449,2026-01-01 07:29:00,309.2562724405621,0.426
450,2026-01-01 07:30:00,308.72396354134605,0.423
451,2026-01-01 07:31:00,308.3350668174897,0.42
452,2026-01-01 07:32:00,309.29335906414565,0.402
453,2026-01-01 07:33:00,309.05628277295267,0.434
454,2026-01-01 07:34:00,308.4091572478548,0.042
455,2026-01-01 07:35:00,307.56571941036015,0.35700000000000004
456,2026-01-01 07:36:00,308.3054419498115,0.429
457,2026-01-01 07:37:00,308.97116488731257,0.415
458,2026-01-01 07:38:00,308.0949186910559,0.165
459,2026-01-01 07:39:00,308.5309052746505,0.316
460,2026-01-01 07:40:00,308.1442230704376,0.327
461,2026-01-01 07:41:00,309.1934720368019,0.442
462,2026-01-01 07:42:00,309.3470497062728,0.424
463,2026-01-01 07:43:00,309.10913664418126,0.418
464,2026-01-01 07:44:00,308.8520458075446,0.37
465,2026-01-01 07:45:00,309.04714773030935,0.498
466,2026-01-01 07:46:00,309.2422253868788,0.41100000000000003
467,2026-01-01 07:47:00,308.6851223000476,0.379
468,2026-01-01 07:48:00,309.51818837796196,0.414
469,2026-01-01 07:49:00,309.3924968414073,0.226
470,2026-01-01 07:50:00,308.61958074573573,0.573
471,2026-01-01 07:51:00,308.6986520600006,0.32
472,2026-01-01 07:52:00,308.05173889906945,0.395
473,2026-01-01 07:53:00,309.1234796653389,0.374
474,2026-01-01 07:54:00,308.78003131761784,0.569
475,2026-01-01 07:55:00,309.8353267401645,0.337
476,2026-01-01 07:56:00,308.4486901449481,0.307
477,2026-01-01 07:57:00,308.15988282160237,0.359
478,2026-01-01 07:58:00,310.09680279772704,0.35
479,2026-01-01 07:59:00,309.6085158219865,0.428
480,2026-01-01 08:00:00,308.1958185600166,0.5579999999999999
481,2026-01-01 08:01:00,308.6345350496633,0.379
482,2026-01-01 08:02:00,309.14961299237365,0.456
483,2026-01-01 08:03:00,309.0051958730261,0.435
484,2026-01-01 08:04:00,309.91593415016723,0.38799999999999996
485,2026-01-01 08:05:00,308.6282645877826,0.498
486,2026-01-01 08:06:00,309.9901265959091,0.49700000000000005
487,2026-01-01 08:07:00,308.9558081796399,0.4
488,2026-01-01 08:08:00,309.5373734378915,0.392
489,2026-01-01 08:09:00,309.6024837528345,0.302
490,2026-01-01 08:10:00,309.20055899401973,0.35100000000000003
491,2026-01-01 08:11:00,308.5782230846286,0.27399999999999997
492,2026-01-01 08:12:00,309.3825984648903,0.462
493,2026-01-01 08:13:00,308.87665589982737,0.433
494,2026-01-01 08:14:00,309.8538214795832,0.48100000000000004
495,2026-01-01 08:15:00,308.6155070694402,0.419
496,2026-01-01 08:16:00,309.5731789558112,0.35
497,2026-01-01 08:17:00,308.59773597559706,0.34299999999999997
498,2026-01-01 08:18:00,309.4674417185146,0.48200000000000004
499,2026-01-01 08:19:00,309.0210110578513,0.24600000000000002
500,2026-01-01 08:20:00,309.1892462484764,0.413
501,2026-01-01 08:21:00,309.4614950497905,0.375
502,2026-01-01 08:22:00,309.4899968518185,0.39399999999999996
503,2026-01-01 08:23:00,309.6724313699776,0.44799999999999995
504,2026-01-01 08:24:00,309.180310242853,0.38799999999999996
505,2026-01-01 08:25:00,308.49383144864134,0.332
506,2026-01-01 08:26:00,308.37799984287733,0.28
507,2026-01-01 08:27:00,308.75011940437327,0.299
508,2026-01-01 08:28:00,309.58517021382437,0.5820000000000001
509,2026-01-01 08:29:00,308.899707193738,0.20600000000000002
510,2026-01-01 08:30:00,308.923352368754,0.198
511,2026-01-01 08:31:00,309.9563056112303,0.36200000000000004
512,2026-01-01 08:32:00,309.222534740459,0.358
513,2026-01-01 08:33:00,309.53520774691873,0.43700000000000006
514,2026-01-01 08:34:00,309.86082655889965,0.45899999999999996
515,2026-01-01 08:35:00,309.2341271461891,0.354
516,2026-01-01 08:36:00,310.0616544018055,0.455
517,2026-01-01 08:37:00,309.3260446405349,0.506
518,2026-01-01 08:38:00,309.71324010428043,0.358
519,2026-01-01 08:39:00,310.33713907424976,0.424
520,2026-01-01 08:40:00,309.56520935545007,0.36200000000000004
521,2026-01-01 08:41:00,309.0841734792943,0.322
522,2026-01-01 08:42:00,310.34440073256854,0.349
523,2026-01-01 08:43:00,309.7583954504274,0.45399999999999996
524,2026-01-01 08:44:00,309.58729348124695,0.298
525,2026-01-01 08:45:00,309.23109652556644,0.33399999999999996
526,2026-01-01 08:46:00,308.3026674675078,0.524
527,2026-01-01 08:47:00,309.8618230777377,0.248
528,2026-01-01 08:48:00,308.8998415956436,0.43
529,2026-01-01 08:49:00,309.3143189774192,0.368
530,2026-01-01 08:50:00,309.4976846341905,0.258
531,2026-01-01 08:51:00,309.7975539171195,0.455
532,2026-01-01 08:52:00,309.9166336869997,0.523
533,2026-01-01 08:53:00,308.9178272731801,0.247
534,2026-01-01 08:54:00,309.12457265067775,0.361
535,2026-01-01 08:55:00,308.79963203707035,0.266
536,2026-01-01 08:56:00,309.6965158849756,0.221
537,2026-01-01 08:57:00,309.9139612267249,0.243
538,2026-01-01 08:58:00,309.3937780656765,0.39299999999999996
539,2026-01-01 08:59:00,309.39121340903836,0.532
540,2026-01-01 09:00:00,309.49615885659705,0.40399999999999997
541,2026-01-01 09:01:00,308.97042588156006,0.294
542,2026-01-01 09:02:00,308.7132538693414,0.5429999999999999
543,2026-01-01 09:03:00,309.3730053651312,0.35
544,2026-01-01 09:04:00,309.25251216509275,0.36
545,2026-01-01 09:05:00,309.5265479830301,0.45299999999999996
546,2026-01-01 09:06:00,309.3515746787886,0.42200000000000004
547,2026-01-01 09:07:00,308.7834104377872,0.501
548,2026-01-01 09:08:00,309.5652811769312,0.483
549,2026-01-01 09:09:00,309.77024744124367,0.34600000000000003
550,2026-01-01 09:10:00,309.92979164789506,0.406
551,2026-01-01 09:11:00,309.5577078875276,0.5820000000000001
552,2026-01-01 09:12:00,309.5528030132616,0.344
553,2026-01-01 09:13:00,309.36456467472067,0.309
554,2026-01-01 09:14:00,309.531173716309,0.35200000000000004
555,2026-01-01 09:15:00,309.33904189042937,0.321
556,2026-01-01 09:16:00,309.26478775925364,0.358
557,2026-01-01 09:17:00,308.7189453643976,0.337
558,2026-01-01 09:18:00,309.2302838555152,0.302
559,2026-01-01 09:19:00,309.7552941357948,0.221
560,2026-01-01 09:20:00,310.49410810442265,0.35200000000000004
561,2026-01-01 09:21:00,310.0615048487718,0.41
562,2026-01-01 09:22:00,310.56632206688266,0.29
563,2026-01-01 09:23:00,309.46258048207136,0.49
564,2026-01-01 09:24:00,310.3663430588433,0.45
565,2026-01-01 09:25:00,309.4166848913553,0.41700000000000004
566,2026-01-01 09:26:00,309.98045635950655,0.5539999999999999
567,2026-01-01 09:27:00,310.1035777454061,0.511
568,2026-01-01 09:28:00,309.1713637759353,0.377
569,2026-01-01 09:29:00,309.672824974425,0.368
570,2026-01-01 09:30:00,310.5807472234262,0.313
571,2026-01-01 09:31:00,309.7061459748859,0.255
572,2026-01-01 09:32:00,308.8592600004859,0.429
573,2026-01-01 09:33:00,309.56062891772154,0.49200000000000005
574,2026-01-01 09:34:00,309.48082217606236,0.322
575,2026-01-01 09:35:00,309.4933763946491,0.48200000000000004
576,2026-01-01 09:36:00,309.59959879393926,0.205
577,2026-01-01 09:37:00,309.9142455665753,0.498
578,2026-01-01 09:38:00,309.48909344681397,0.331
579,2026-01-01 09:39:00,308.59374519341657,0.33399999999999996
580,2026-01-01 09:40:00,309.48462369553835,0.402
581,2026-01-01 09:41:00,309.83710074260347,0.36700000000000005
582,2026-01-01 09:42:00,309.0047224039884,0.41700000000000004
583,2026-01-01 09:43:00,309.17605055368654,0.27899999999999997
584,2026-01-01 09:44:00,309.76228637976084,0.507
585,2026-01-01 09:45:00,309.1365800241789,0.504
586,2026-01-01 09:46:00,309.4633485905278,0.531
587,2026-01-01 09:47:00,309.7675474864413,0.373
588,2026-01-01 09:48:00,310.2302865666174,0.466
589,2026-01-01 09:49:00,310.8565206567516,0.479
590,2026-01-01 09:50:00,309.8402326069108,0.311
591,2026-01-01 09:51:00,310.23507891653435,0.373
592,2026-01-01 09:52:00,309.88699593814346,0.168
593,2026-01-01 09:53:00,310.1188531830825,0.213
594,2026-01-01 09:54:00,309.4674161986707,0.716
595,2026-01-01 09:55:00,309.9220390733038,0.33799999999999997
596,2026-01-01 09:56:00,309.57008466761897,0.299
597,2026-01-01 09:57:00,309.8063464318455,0.505
598,2026-01-01 09:58:00,309.62813863928307,0.33899999999999997
599,2026-01-01 09:59:00,310.1078607823979,0.47700000000000004
600,2026-01-01 10:00:00,310.0022039670373,0.325
601,2026-01-01 10:01:00,309.7908361837916,0.337
602,2026-01-01 10:02:00,310.109828910318,0.409
603,2026-01-01 10:03:00,310.3652758726314,0.32799999999999996
604,2026-01-01 10:04:00,309.6226660106311,0.3
605,2026-01-01 10:05:00,310.49347213228117,0.452
606,2026-01-01 10:06:00,309.93378986207244,0.304
607,2026-01-01 10:07:00,310.713416483344,0.29100000000000004
608,2026-01-01 10:08:00,310.53006222785325,0.431
609,2026-01-01 10:09:00,310.4928833684691,0.442
610,2026-01-01 10:10:00,311.11180603141764,0.447
611,2026-01-01 10:11:00,309.7668113881393,0.496
612,2026-01-01 10:12:00,309.94374084369406,0.45299999999999996
613,2026-01-01 10:13:00,309.8757048329425,0.32
614,2026-01-01 10:14:00,310.0549147775844,0.237
615,2026-01-01 10:15:00,310.72369144657165,0.376
616,2026-01-01 10:16:00,310.3289300076825,0.363
617,2026-01-01 10:17:00,310.14152022418057,0.35200000000000004
618,2026-01-01 10:18:00,309.9006596162107,0.42200000000000004
619,2026-01-01 10:19:00,310.43861561893436,0.578
620,2026-01-01 10:20:00,309.9144009814319,0.45899999999999996
621,2026-01-01 10:21:00,309.7479159686406,0.47600000000000003
622,2026-01-01 10:22:00,309.18868633876093,0.373
623,2026-01-01 10:23:00,310.6242171924298,0.47100000000000003
624,2026-01-01 10:24:00,310.37668104240737,0.439
625,2026-01-01 10:25:00,309.8746726692697,0.41600000000000004
626,2026-01-01 10:26:00,309.0929908085495,0.239
627,2026-01-01 10:27:00,309.8287185598485,0.439
628,2026-01-01 10:28:00,310.14757584782757,0.374
629,2026-01-01 10:29:00,309.48335256831314,0.373
630,2026-01-01 10:30:00,310.1502681647374,0.513
631,2026-01-01 10:31:00,309.7752964192673,0.38799999999999996
632,2026-01-01 10:32:00,309.1252069259355,0.479
633,2026-01-01 10:33:00,310.3643469069359,0.5870000000000001
634,2026-01-01 10:34:00,309.4060361796535,0.365
635,2026-01-01 10:35:00,308.7341688551825,0.302
636,2026-01-01 10:36:00,308.7261461444365,0.441
637,2026-01-01 10:37:00,310.2425610062655,0.43700000000000006
638,2026-01-01 10:38:00,308.95891945614295,0.369
639,2026-01-01 10:39:00,309.9538739959213,0.489
640,2026-01-01 10:40:00,308.7685921668565,0.28800000000000003
641,2026-01-01 10:41:00,309.46987677903553,0.331
642,2026-01-01 10:42:00,308.8725380527766,0.389
643,2026-01-01 10:43:00,309.4653173518186,0.445
644,2026-01-01 10:44:00,310.1427553892338,0.201
645,2026-01-01 10:45:00,309.95100119006105,0.309
646,2026-01-01 10:46:00,309.22590936901304,0.38799999999999996
647,2026-01-01 10:47:00,308.9464792025129,0.281
648,2026-01-01 10:48:00,308.67540112669906,0.586
649,2026-01-01 10:49:00,308.995172918073,0.368
650,2026-01-01 10:50:00,309.49582495875774,0.491
651,2026-01-01 10:51:00,309.0225036074703,0.27399999999999997
652,2026-01-01 10:52:00,309.9003204482449,0.456
653,2026-01-01 10:53:00,309.73958666205596,0.381
654,2026-01-01 10:54:00,309.1359369323404,0.44
655,2026-01-01 10:55:00,308.98794704422033,0.474
656,2026-01-01 10:56:00,308.9062471673184,0.281
657,2026-01-01 10:57:00,308.78227042087656,0.435
658,2026-01-01 10:58:00,309.4880709539272,0.485
659,2026-01-01 10:59:00,308.7743624347311,0.24
660,2026-01-01 11:00:00,309.12691694654535,0.377
661,2026-01-01 11:01:00,309.30894746571147,0.254
662,2026-01-01 11:02:00,308.91057723712106,0.348
663,2026-01-01 11:03:00,308.35877964019096,0.43200000000000005
664,2026-01-01 11:04:00,308.9013251698827,0.47700000000000004
665,2026-01-01 11:05:00,308.8281489016273,0.41200000000000003
666,2026-01-01 11:06:00,309.1831694659688,0.455
667,2026-01-01 11:07:00,309.325154012759,0.34700000000000003
668,2026-01-01 11:08:00,308.9897594327506,0.397
669,2026-01-01 11:09:00,308.8651307765878,0.612
670,2026-01-01 11:10:00,309.47159903291515,0.473
671,2026-01-01 11:11:00,309.1282086732831,0.426
672,2026-01-01 11:12:00,309.575855360093,0.332
673,2026-01-01 11:13:00,310.0352022773511,0.488
674,2026-01-01 11:14:00,309.2190195561181,0.244
675,2026-01-01 11:15:00,309.35079471240755,0.43200000000000005
676,2026-01-01 11:16:00,309.1579132009647,0.297
677,2026-01-01 11:17:00,309.0010845125759,0.40399999999999997
678,2026-01-01 11:18:00,308.64667923250045,0.424
679,2026-01-01 11:19:00,308.90202526768263,0.264
680,2026-01-01 11:20:00,308.5997372177017,0.556
681,2026-01-01 11:21:00,308.6174606016712,0.402
682,2026-01-01 11:22:00,309.19162021219523,0.39299999999999996
683,2026-01-01 11:23:00,308.8222380844347,0.42100000000000004
684,2026-01-01 11:24:00,310.0082203501047,0.38299999999999995
685,2026-01-01 11:25:00,310.52209791192666,0.5
686,2026-01-01 11:26:00,309.7232667482382,0.45399999999999996
687,2026-01-01 11:27:00,308.88914446120503,0.253
688,2026-01-01 11:28:00,308.8410124735161,0.397
689,2026-01-01 11:29:00,308.2584301163253,0.402
690,2026-01-01 11:30:00,308.6369148493706,0.392
691,2026-01-01 11:31:00,309.530100729001,0.316
692,2026-01-01 11:32:00,309.79226775639194,0.401
693,2026-01-01 11:33:00,308.50948381277277,0.483
694,2026-01-01 11:34:00,308.4783984727919,0.409
695,2026-01-01 11:35:00,308.66066952389974,0.337
696,2026-01-01 11:36:00,309.12551732824005,0.382
697,2026-01-01 11:37:00,309.38715983533393,0.433
698,2026-01-01 11:38:00,309.66550801790174,0.273
699,2026-01-01 11:39:00,309.0690914465977,0.45899999999999996
700,2026-01-01 11:40:00,307.3299086168392,0.49700000000000005
701,2026-01-01 11:41:00,309.55178490444575,0.281
702,2026-01-01 11:42:00,309.08067670822743,0.462
703,2026-01-01 11:43:00,308.6818294543016,0.376
704,2026-01-01 11:44:00,308.9603193274086,0.46399999999999997
705,2026-01-01 11:45:00,308.9226238463795,0.36200000000000004
706,2026-01-01 11:46:00,308.30518611647244,0.591
707,2026-01-01 11:47:00,308.04358441857346,0.45799999999999996
708,2026-01-01 11:48:00,309.0859324272996,0.369
709,2026-01-01 11:49:00,309.32283734093227,0.39
710,2026-01-01 11:50:00,309.16782632781144,0.581
711,2026-01-01 11:51:00,309.4310084895821,0.23800000000000002
712,2026-01-01 11:52:00,309.54163579254595,0.309
713,2026-01-01 11:53:00,308.73285822759203,0.447
714,2026-01-01 11:54:00,308.66258657477823,0.46299999999999997
715,2026-01-01 11:55:00,308.91695294070513,0.446
716,2026-01-01 11:56:00,308.4753179507725,0.342
717,2026-01-01 11:57:00,308.80748651892367,0.374
718,2026-01-01 11:58:00,308.2765025810905,0.376
719,2026-01-01 11:59:00,308.7367165199601,0.503
720,2026-01-01 12:00:00,308.4679756387092,0.377
721,2026-01-01 12:01:00,309.318146303068,0.507
722,2026-01-01 12:02:00,309.40555897058636,0.53
723,2026-01-01 12:03:00,307.71840262126835,0.221
724,2026-01-01 12:04:00,308.0930944295137,0.42
725,2026-01-01 12:05:00,307.5114281748677,0.546
726,2026-01-01 12:06:00,308.366902855879,0.324
727,2026-01-01 12:07:00,307.67668369999177,0.382
728,2026-01-01 12:08:00,308.43836550716065,0.392
729,2026-01-01 12:09:00,309.0147952962853,0.45899999999999996
730,2026-01-01 12:10:00,308.62052915018074,0.418
731,2026-01-01 12:11:00,308.2240553509238,0.469
732,2026-01-01 12:12:00,307.78114695601266,0.38799999999999996
733,2026-01-01 12:13:00,308.07742210896373,0.34700000000000003
734,2026-01-01 12:14:00,307.6296406696208,0.5379999999999999
735,2026-01-01 12:15:00,307.28187564199186,0.409
736,2026-01-01 12:16:00,307.2458841867055,0.507
737,2026-01-01 12:17:00,308.15631440195415,0.62
738,2026-01-01 12:18:00,308.19849069048985,0.483
739,2026-01-01 12:19:00,307.64770180186935,0.46299999999999997
740,2026-01-01 12:20:00,308.37742638159307,0.223
741,2026-01-01 12:21:00,307.46480567517733,0.368
742,2026-01-01 12:22:00,307.8073624171732,0.242
743,2026-01-01 12:23:00,307.2085588228626,0.48700000000000004
744,2026-01-01 12:24:00,308.0119677998916,0.40399999999999997
745,2026-01-01 12:25:00,308.35151659346405,0.44299999999999995
746,2026-01-01 12:26:00,308.4925524661121,0.43700000000000006
747,2026-01-01 12:27:00,307.81188223107495,0.40399999999999997
748,2026-01-01 12:28:00,307.6768508322428,0.337
749,2026-01-01 12:29:00,307.04505502157076,0.41700000000000004
750,2026-01-01 12:30:00,307.71433502180116,0.363
751,2026-01-01 12:31:00,307.6807488027145,0.39399999999999996
752,2026-01-01 12:32:00,307.37354199539897,0.34600000000000003
753,2026-01-01 12:33:00,307.5391615752912,0.605
754,2026-01-01 12:34:00,307.41923432476136,0.475
755,2026-01-01 12:35:00,307.6563148538682,0.565
756,2026-01-01 12:36:00,307.73126087381564,0.539
757,2026-01-01 12:37:00,307.32141935608763,0.38299999999999995
758,2026-01-01 12:38:00,308.63928753707694,0.311
759,2026-01-01 12:39:00,308.8800170721868,0.293
760,2026-01-01 12:40:00,308.05550438979145,0.445
761,2026-01-01 12:41:00,306.91667318288137,0.544
762,2026-01-01 12:42:00,307.7435471366443,0.586
763,2026-01-01 12:43:00,308.5189449267626,0.51
764,2026-01-01 12:44:00,308.5483688557329,0.39399999999999996
765,2026-01-01 12:45:00,307.1650166872374,0.488
766,2026-01-01 12:46:00,307.9899651794879,0.46
767,2026-01-01 12:47:00,306.91554897117425,0.392
768,2026-01-01 12:48:00,308.31585336846587,0.475
769,2026-01-01 12:49:00,307.4073529322313,0.322
770,2026-01-01 12:50:00,307.66348561212897,0.298
771,2026-01-01 12:51:00,307.92080235070625,0.507
772,2026-01-01 12:52:00,308.6620881239187,0.297
773,2026-01-01 12:53:00,307.26255544263626,0.308
774,2026-01-01 12:54:00,308.43895893030583,0.33399999999999996
775,2026-01-01 12:55:00,308.93190701193595,0.27899999999999997
776,2026-01-01 12:56:00,308.00671610998734,0.44799999999999995
777,2026-01-01 12:57:00,307.9707068158128,0.28800000000000003
778,2026-01-01 12:58:00,308.4777874723916,0.45299999999999996
779,2026-01-01 12:59:00,308.0640925921041,0.46299999999999997
780,2026-01-01 13:00:00,308.0986793301245,0.33299999999999996
781,2026-01-01 13:01:00,307.5891873899549,0.45399999999999996
782,2026-01-01 13:02:00,307.0193061952053,0.354
783,2026-01-01 13:03:00,308.153094581221,0.429
784,2026-01-01 13:04:00,308.05301769567626,0.318
785,2026-01-01 13:05:00,309.52456287037836,0.326
786,2026-01-01 13:06:00,308.29666187916536,0.37
787,2026-01-01 13:07:00,307.08787247225115,0.18899999999999997
788,2026-01-01 13:08:00,307.2549202202945,0.401
789,2026-01-01 13:09:00,307.98854039188365,0.24600000000000002
790,2026-01-01 13:10:00,308.06728607641134,0.341
791,2026-01-01 13:11:00,307.5088641632293,0.242
792,2026-01-01 13:12:00,307.1467501417713,0.521
793,2026-01-01 13:13:00,307.869330857207,0.35
794,2026-01-01 13:14:00,307.3753727918581,0.37799999999999995
795,2026-01-01 13:15:00,307.4461381323864,0.376
796,2026-01-01 13:16:00,308.47212407257496,0.474
797,2026-01-01 13:17:00,307.76329039665507,0.53
798,2026-01-01 13:18:00,308.15980046604324,0.228
799,2026-01-01 13:19:00,308.1875869050956,0.433
800,2026-01-01 13:20:00,307.1600953802556,0.457
801,2026-01-01 13:21:00,307.5375934757811,0.397
802,2026-01-01 13:22:00,307.20260215019437,0.376
803,2026-01-01 13:23:00,308.10070566624427,0.444
804,2026-01-01 13:24:00,307.5686133762949,0.4
805,2026-01-01 13:25:00,307.92883967225765,0.45899999999999996
806,2026-01-01 13:26:00,306.66046530858654,0.36700000000000005
807,2026-01-01 13:27:00,307.28716104410535,0.483
808,2026-01-01 13:28:00,307.6064965040313,0.52
809,2026-01-01 13:29:00,307.62761264619826,0.48700000000000004
810,2026-01-01 13:30:00,307.6654897199497,0.467
811,2026-01-01 13:31:00,307.7017935771089,0.374
812,2026-01-01 13:32:00,307.774523437088,0.41700000000000004
813,2026-01-01 13:33:00,307.46463956765166,0.34700000000000003
814,2026-01-01 13:34:00,308.2970876418092,0.39899999999999997
815,2026-01-01 13:35:00,307.35411091896685,0.428
816,2026-01-01 13:36:00,307.0852853123052,0.4
817,2026-01-01 13:37:00,307.2944188693729,0.382
818,2026-01-01 13:38:00,307.4384219399722,0.42100000000000004
819,2026-01-01 13:39:00,308.40070563126665,0.37200000000000005
820,2026-01-01 13:40:00,307.0565155115232,0.345
821,2026-01-01 13:41:00,306.37189157176533,0.35
822,2026-01-01 13:42:00,307.0837585245498,0.423
823,2026-01-01 13:43:00,306.37259408550494,0.386
824,2026-01-01 13:44:00,308.18997230802955,0.28
825,2026-01-01 13:45:00,307.4230434814229,0.502
826,2026-01-01 13:46:00,307.2047502448187,0.325
827,2026-01-01 13:47:00,307.33024565241243,0.451
828,2026-01-01 13:48:00,306.5875664968858,0.478
829,2026-01-01 13:49:00,307.8077499283502,0.415
830,2026-01-01 13:50:00,307.155478299583,0.435
831,2026-01-01 13:51:00,307.39824039263175,0.379
832,2026-01-01 13:52:00,307.20313750148466,0.455
833,2026-01-01 13:53:00,307.5835059374452,0.35
834,2026-01-01 13:54:00,306.8100589762125,0.42700000000000005
835,2026-01-01 13:55:00,306.4084956915549,0.35100000000000003
836,2026-01-01 13:56:00,307.2021371690589,0.415
837,2026-01-01 13:57:00,307.5953887527469,0.5
838,2026-01-01 13:58:00,307.2494034306537,0.055999999999999994
839,2026-01-01 13:59:00,307.94931127787873,0.47100000000000003
840,2026-01-01 14:00:00,308.225560968994,0.355
841,2026-01-01 14:01:00,306.8557356738,0.314
842,2026-01-01 14:02:00,307.4688411433585,0.486
843,2026-01-01 14:03:00,307.5223687730802,0.495
844,2026-01-01 14:04:00,307.1996498892696,0.49
845,2026-01-01 14:05:00,307.7013835677649,0.41600000000000004
846,2026-01-01 14:06:00,308.0358736761598,0.308
847,2026-01-01 14:07:00,307.01168674372343,0.22699999999999998
848,2026-01-01 14:08:00,307.7013178940196,0.5329999999999999
849,2026-01-01 14:09:00,307.6696519527978,0.376
850,2026-01-01 14:10:00,307.42783112405505,0.406
851,2026-01-01 14:11:00,306.5914497259261,0.326
852,2026-01-01 14:12:00,307.4831930447977,0.233
853,2026-01-01 14:13:00,307.5351365190201,0.31
854,2026-01-01 14:14:00,306.594183158395,0.442
855,2026-01-01 14:15:00,306.3136738821511,0.223
856,2026-01-01 14:16:00,306.4185507256643,0.502
857,2026-01-01 14:17:00,307.1039958017989,0.267
858,2026-01-01 14:18:00,306.66190946915924,0.332
859,2026-01-01 14:19:00,305.5016586804021,0.377
860,2026-01-01 14:20:00,306.5750511378217,0.49200000000000005
861,2026-01-01 14:21:00,306.51698272624475,0.562
862,2026-01-01 14:22:00,306.1978279409132,0.532
863,2026-01-01 14:23:00,306.46371733132656,0.517
864,2026-01-01 14:24:00,305.9852508343647,0.217
865,2026-01-01 14:25:00,306.51155682002855,0.285
866,2026-01-01 14:26:00,306.38693396442454,0.455
867,2026-01-01 14:27:00,306.91012914791736,0.22399999999999998
868,2026-01-01 14:28:00,305.9561496406525,0.336
869,2026-01-01 14:29:00,305.85280414801804,0.349
870,2026-01-01 14:30:00,306.53868297031266,0.546
871,2026-01-01 14:31:00,306.38417270879404,0.762
872,2026-01-01 14:32:00,306.020276991406,0.462
873,2026-01-01 14:33:00,307.14098224432996,0.259
874,2026-01-01 14:34:00,305.5597293530908,0.34299999999999997
875,2026-01-01 14:35:00,305.9090219386252,0.48
876,2026-01-01 14:36:00,306.5062950943626,0.52
877,2026-01-01 14:37:00,306.5670185921773,0.406
878,2026-01-01 14:38:00,306.0293473091681,0.165
879,2026-01-01 14:39:00,305.8704181838937,0.281
880,2026-01-01 14:40:00,306.05365770249074,0.462
881,2026-01-01 14:41:00,306.2104014362731,0.524
882,2026-01-01 14:42:00,306.10081560274614,0.479
883,2026-01-01 14:43:00,306.2883540937421,0.544
884,2026-01-01 14:44:00,307.39833888704845,0.425
885,2026-01-01 14:45:00,306.5138879770709,0.486
886,2026-01-01 14:46:00,306.5436684014715,0.516
887,2026-01-01 14:47:00,306.8927780704684,0.35100000000000003
888,2026-01-01 14:48:00,306.9857411230249,0.312
889,2026-01-01 14:49:00,306.1108830002279,0.499
890,2026-01-01 14:50:00,306.64038794657614,0.5529999999999999
891,2026-01-01 14:51:00,306.3291093069554,0.35100000000000003
892,2026-01-01 14:52:00,306.17115844027,0.623
893,2026-01-01 14:53:00,305.7975633167886,0.48700000000000004
894,2026-01-01 14:54:00,306.40068859758225,0.146
895,2026-01-01 14:55:00,306.1485783578781,0.498
896,2026-01-01 14:56:00,307.07649538954587,0.41200000000000003
897,2026-01-01 14:57:00,305.806715290549,0.49200000000000005
898,2026-01-01 14:58:00,306.4741162113659,0.29
899,2026-01-01 14:59:00,306.9208354514798,0.243
900,2026-01-01 15:00:00,306.5130733138024,0.392
901,2026-01-01 15:01:00,304.936507501386,0.359
902,2026-01-01 15:02:00,305.90512504549406,0.42700000000000005
903,2026-01-01 15:03:00,306.62001141257844,0.40399999999999997
904,2026-01-01 15:04:00,305.7766594490042,0.295
905,2026-01-01 15:05:00,305.773565505885,0.406
906,2026-01-01 15:06:00,306.75449354703926,0.382
907,2026-01-01 15:07:00,306.085967846841,0.36200000000000004
908,2026-01-01 15:08:00,306.5913402402706,0.51
909,2026-01-01 15:09:00,306.0789415292834,0.385
910,2026-01-01 15:10:00,304.60902744750905,0.507
911,2026-01-01 15:11:00,306.53040874501335,0.441
912,2026-01-01 15:12:00,305.62015356002047,0.37200000000000005
913,2026-01-01 15:13:00,305.41596342835146,0.524
914,2026-01-01 15:14:00,306.0443101598423,0.45299999999999996
915,2026-01-01 15:15:00,306.3142157263016,0.276
916,2026-01-01 15:16:00,306.3211391285851,0.309
917,2026-01-01 15:17:00,305.7091811002317,0.556
918,2026-01-01 15:18:00,305.76931238068414,0.524
919,2026-01-01 15:19:00,306.01179923384746,0.21899999999999997
920,2026-01-01 15:20:00,306.5350567490652,0.511
921,2026-01-01 15:21:00,305.7859731585218,0.473
922,2026-01-01 15:22:00,305.5118523443894,0.36200000000000004
923,2026-01-01 15:23:00,305.1851775771577,0.5
924,2026-01-01 15:24:00,306.23075055371294,0.37200000000000005
925,2026-01-01 15:25:00,305.717981102143,0.508
926,2026-01-01 15:26:00,306.3608369042299,0.366
927,2026-01-01 15:27:00,306.5072762598988,0.462
928,2026-01-01 15:28:00,305.97521779876445,0.618
929,2026-01-01 15:29:00,306.3391696085814,0.258
930,2026-01-01 15:30:00,305.95269071588586,0.40700000000000003
931,2026-01-01 15:31:00,306.0184270642284,0.489
932,2026-01-01 15:32:00,305.8238318166633,0.282
933,2026-01-01 15:33:00,306.2731910352327,0.44299999999999995
934,2026-01-01 15:34:00,305.625114008006,0.45
935,2026-01-01 15:35:00,306.5545341982343,0.285
936,2026-01-01 15:36:00,305.69015266003055,0.504
937,2026-01-01 15:37:00,307.340278629237,0.5479999999999999
938,2026-01-01 15:38:00,305.8651835402047,0.445
939,2026-01-01 15:39:00,307.1187697873427,0.455
940,2026-01-01 15:40:00,306.82122144897346,0.327
941,2026-01-01 15:41:00,307.30490005499325,0.425
942,2026-01-01 15:42:00,306.3441304600538,0.358
943,2026-01-01 15:43:00,305.75821450631537,0.489
944,2026-01-01 15:44:00,306.7915581088664,0.32799999999999996
945,2026-01-01 15:45:00,306.6493840493403,0.425
946,2026-01-01 15:46:00,306.45484892021483,0.209
947,2026-01-01 15:47:00,305.47677733689596,0.322
948,2026-01-01 15:48:00,306.62239664904473,0.401
949,2026-01-01 15:49:00,306.28192760703035,0.47600000000000003
950,2026-01-01 15:50:00,306.1241334453736,0.35200000000000004
951,2026-01-01 15:51:00,306.150181946934,0.379
952,2026-01-01 15:52:00,306.37727966497,0.405
953,2026-01-01 15:53:00,305.7283149690873,0.43200000000000005
954,2026-01-01 15:54:00,306.89292128787395,0.316
955,2026-01-01 15:55:00,306.88345552060446,0.262
956,2026-01-01 15:56:00,306.7114326985386,0.465
957,2026-01-01 15:57:00,306.42171067720784,0.322
958,2026-01-01 15:58:00,306.5473735039479,0.386
959,2026-01-01 15:59:00,307.752529668652,0.409
960,2026-01-01 16:00:00,307.3163887722896,0.41
961,2026-01-01 16:01:00,306.69065531028804,0.35100000000000003
962,2026-01-01 16:02:00,306.6059052894714,0.41100000000000003
963,2026-01-01 16:03:00,307.1378967844458,0.35200000000000004
964,2026-01-01 16:04:00,306.2305599823445,0.304
965,2026-01-01 16:05:00,306.175510312546,0.35200000000000004
966,2026-01-01 16:06:00,306.2175108972981,0.368
967,2026-01-01 16:07:00,307.75789621647226,0.513
968,2026-01-01 16:08:00,306.5449319578208,0.21
969,2026-01-01 16:09:00,306.7197603200215,0.423
970,2026-01-01 16:10:00,306.9443607991546,0.5329999999999999
971,2026-01-01 16:11:00,307.66405194733403,0.428
972,2026-01-01 16:12:00,306.03107306407304,0.311
973,2026-01-01 16:13:00,307.2362007599836,0.391
974,2026-01-01 16:14:00,307.41689639290865,0.349
975,2026-01-01 16:15:00,307.18947205491406,0.486
976,2026-01-01 16:16:00,306.87345257727935,0.253
977,2026-01-01 16:17:00,306.3366668063309,0.325
978,2026-01-01 16:18:00,307.82974662889956,0.33799999999999997
979,2026-01-01 16:19:00,306.44512533394123,0.259
980,2026-01-01 16:20:00,305.3970385701019,0.183
981,2026-01-01 16:21:00,307.13464132876635,0.483
982,2026-01-01 16:22:00,307.4122497701336,0.42
983,2026-01-01 16:23:00,306.2629804596639,0.35700000000000004
984,2026-01-01 16:24:00,306.7965849180177,0.36
985,2026-01-01 16:25:00,306.49616216577266,0.634
986,2026-01-01 16:26:00,307.5097776273068,0.358
987,2026-01-01 16:27:00,307.335853990407,0.511
988,2026-01-01 16:28:00,307.42606132603294,0.45899999999999996
989,2026-01-01 16:29:00,307.6297572911926,0.19399999999999998
990,2026-01-01 16:30:00,307.51531659529735,0.332
991,2026-01-01 16:31:00,308.0111200789687,0.29600000000000004
992,2026-01-01 16:32:00,306.75018723855777,0.32899999999999996
993,2026-01-01 16:33:00,306.99262205248,0.35
994,2026-01-01 16:34:00,307.637693446084,0.467
995,2026-01-01 16:35:00,307.1967475152636,0.42
996,2026-01-01 16:36:00,307.5535928017508,0.52
997,2026-01-01 16:37:00,307.38399575608025,0.534
998,2026-01-01 16:38:00,306.4887831194066,0.311
999,2026-01-01 16:39:00,306.9813134623968,0.41700000000000004
1000,2026-01-01 16:40:00,307.72325661049945,0.44
1001,2026-01-01 16:41:00,307.5896886060608,0.348
1002,2026-01-01 16:42:00,307.7046711804716,0.428
1003,2026-01-01 16:43:00,307.47724375032556,0.385
1004,2026-01-01 16:44:00,307.22241801909234,0.297
1005,2026-01-01 16:45:00,306.71803263753355,0.418
1006,2026-01-01 16:46:00,306.8734036601744,0.436
1007,2026-01-01 16:47:00,307.4601290810212,0.6829999999999999
1008,2026-01-01 16:48:00,307.6732885250864,0.316
1009,2026-01-01 16:49:00,307.4327909581505,0.586
1010,2026-01-01 16:50:00,306.5177413651659,0.527
1011,2026-01-01 16:51:00,307.73358922231154,0.5770000000000001
1012,2026-01-01 16:52:00,307.168527918974,0.425
1013,2026-01-01 16:53:00,307.46170126949056,0.365
1014,2026-01-01 16:54:00,307.69591649247235,0.243
1015,2026-01-01 16:55:00,306.8655737396055,0.299
1016,2026-01-01 16:56:00,307.57124930876074,0.37
1017,2026-01-01 16:57:00,307.3040062054131,0.368
1018,2026-01-01 16:58:00,306.83115553838655,0.505
1019,2026-01-01 16:59:00,308.1586631115559,0.39899999999999997
1020,2026-01-01 17:00:00,307.14781103553986,0.35200000000000004
1021,2026-01-01 17:01:00,307.17880535033265,0.284
1022,2026-01-01 17:02:00,307.3193315379585,0.361
1023,2026-01-01 17:03:00,307.5697578314938,0.34
1024,2026-01-01 17:04:00,306.6114688371034,0.38
1025,2026-01-01 17:05:00,307.59080835183255,0.191
1026,2026-01-01 17:06:00,306.53839634677666,0.484
1027,2026-01-01 17:07:00,307.1381665436098,0.314
1028,2026-01-01 17:08:00,307.43370289919454,0.35100000000000003
1029,2026-01-01 17:09:00,307.03501786628436,0.41100000000000003
1030,2026-01-01 17:10:00,308.1474405564033,0.368
1031,2026-01-01 17:11:00,307.8093189592217,0.439
1032,2026-01-01 17:12:00,307.23176428064664,0.251
1033,2026-01-01 17:13:00,307.47259800619094,0.374
1034,2026-01-01 17:14:00,307.7626334284142,0.452
1035,2026-01-01 17:15:00,308.12425977472617,0.436
1036,2026-01-01 17:16:00,307.12560575338046,0.528
1037,2026-01-01 17:17:00,307.2162432178519,0.478
1038,2026-01-01 17:18:00,307.606294501006,0.526
1039,2026-01-01 17:19:00,307.64765682631594,0.335
1040,2026-01-01 17:20:00,308.0529962337212,0.442
1041,2026-01-01 17:21:00,308.04902047907166,0.28800000000000003
1042,2026-01-01 17:22:00,308.11994406061865,0.377
1043,2026-01-01 17:23:00,307.73879175768536,0.239
1044,2026-01-01 17:24:00,308.2126479323989,0.321
1045,2026-01-01 17:25:00,307.35603572206855,0.305
1046,2026-01-01 17:26:00,307.5961772741876,0.39399999999999996
1047,2026-01-01 17:27:00,307.13304889773025,0.395
1048,2026-01-01 17:28:00,308.41329798285284,0.364
1049,2026-01-01 17:29:00,308.43235789265606,0.313
1050,2026-01-01 17:30:00,308.32318805222974,0.213
1051,2026-01-01 17:31:00,307.6467319856145,0.5379999999999999
1052,2026-01-01 17:32:00,308.09373369656134,0.501
1053,2026-01-01 17:33:00,307.3339796109599,0.49
1054,2026-01-01 17:34:00,308.243688861654,0.32799999999999996
1055,2026-01-01 17:35:00,308.34323263710024,0.44299999999999995
1056,2026-01-01 17:36:00,307.56536442714076,0.252
1057,2026-01-01 17:37:00,308.5550222287,0.40299999999999997
1058,2026-01-01 17:38:00,308.11873375479024,0.457
1059,2026-01-01 17:39:00,306.9056134740706,0.47700000000000004
1060,2026-01-01 17:40:00,308.08599797943145,0.24600000000000002
1061,2026-01-01 17:41:00,307.4821003126921,0.37200000000000005
1062,2026-01-01 17:42:00,307.8752720553827,0.491
1063,2026-01-01 17:43:00,307.30654567122025,0.462
1064,2026-01-01 17:44:00,307.47692671184643,0.475
1065,2026-01-01 17:45:00,307.69525553055,0.317
1066,2026-01-01 17:46:00,307.87923149363786,0.545
1067,2026-01-01 17:47:00,307.8105817946643,0.359
1068,2026-01-01 17:48:00,307.67359018464856,0.365
1069,2026-01-01 17:49:00,308.3909543729209,0.308
1070,2026-01-01 17:50:00,307.1439212130252,0.285
1071,2026-01-01 17:51:00,306.5231712427725,0.28
1072,2026-01-01 17:52:00,308.276046776857,0.402
1073,2026-01-01 17:53:00,308.2025984449918,0.39799999999999996
1074,2026-01-01 17:54:00,308.0366077725963,0.32299999999999995
1075,2026-01-01 17:55:00,306.5297456810189,0.47100000000000003
1076,2026-01-01 17:56:00,306.810493153413,0.564
1077,2026-01-01 17:57:00,307.3270657969149,0.49
1078,2026-01-01 17:58:00,307.30145331479696,0.358
1079,2026-01-01 17:59:00,307.9222712250357,0.439
1080,2026-01-01 18:00:00,307.56786051011176,0.175
1081,2026-01-01 18:01:00,307.91668998859154,0.414
1082,2026-01-01 18:02:00,308.7039551103417,0.46399999999999997
1083,2026-01-01 18:03:00,306.74257930953326,0.32
1084,2026-01-01 18:04:00,307.0089235882937,0.392
1085,2026-01-01 18:05:00,306.7513862778736,0.444
1086,2026-01-01 18:06:00,307.0780603414591,0.09300000000000001
1087,2026-01-01 18:07:00,307.6476325068441,0.358
1088,2026-01-01 18:08:00,307.1757897652422,0.483
1089,2026-01-01 18:09:00,307.2617372276916,0.379
1090,2026-01-01 18:10:00,306.65308070355,0.439
1091,2026-01-01 18:11:00,307.8631968731746,0.3
1092,2026-01-01 18:12:00,306.82451884827304,0.336
1093,2026-01-01 18:13:00,307.2348187370356,0.5479999999999999
1094,2026-01-01 18:14:00,307.4404296774199,0.387
1095,2026-01-01 18:15:00,307.02322997625043,0.42700000000000005
1096,2026-01-01 18:16:00,308.30136071011907,0.27
1097,2026-01-01 18:17:00,308.17863831320255,0.386
1098,2026-01-01 18:18:00,308.5418841332381,0.42100000000000004
1099,2026-01-01 18:19:00,307.7784759527993,0.45799999999999996
1100,2026-01-01 18:20:00,308.1587270767761,0.35100000000000003
1101,2026-01-01 18:21:00,307.16100024429284,0.525
1102,2026-01-01 18:22:00,307.6748999092757,0.49200000000000005
1103,2026-01-01 18:23:00,308.2357990000938,0.556
1104,2026-01-01 18:24:00,307.46082641960976,0.258
1105,2026-01-01 18:25:00,307.3334982150685,0.374
1106,2026-01-01 18:26:00,307.36947548990946,0.191
1107,2026-01-01 18:27:00,307.4211508976475,0.375
1108,2026-01-01 18:28:00,307.74698668749676,0.40700000000000003
1109,2026-01-01 18:29:00,307.6848949674082,0.418
1110,2026-01-01 18:30:00,307.8119587860607,0.591
1111,2026-01-01 18:31:00,308.08024147496144,0.31
1112,2026-01-01 18:32:00,306.69712085500265,0.402
1113,2026-01-01 18:33:00,307.92743861518284,0.385
1114,2026-01-01 18:34:00,307.93447281758813,0.623
1115,2026-01-01 18:35:00,306.8910572688227,0.69
1116,2026-01-01 18:36:00,307.7982974112816,0.514
1117,2026-01-01 18:37:00,308.63725264932333,0.308
1118,2026-01-01 18:38:00,308.43199325493117,0.324
1119,2026-01-01 18:39:00,308.18247726124616,0.252
1120,2026-01-01 18:40:00,307.217939293263,0.29600000000000004
1121,2026-01-01 18:41:00,307.435789073464,0.465
1122,2026-01-01 18:42:00,308.5503677908629,0.33399999999999996
1123,2026-01-01 18:43:00,306.9977331157141,0.614
1124,2026-01-01 18:44:00,307.87444551978,0.479
1125,2026-01-01 18:45:00,307.93414351421285,0.507
1126,2026-01-01 18:46:00,308.4505714823142,0.392
1127,2026-01-01 18:47:00,307.6454705485667,0.381
1128,2026-01-01 18:48:00,307.74923332594966,0.297
1129,2026-01-01 18:49:00,307.55911571035836,0.41600000000000004
1130,2026-01-01 18:50:00,307.60405644045284,0.33299999999999996
1131,2026-01-01 18:51:00,307.8469540258533,0.44799999999999995
1132,2026-01-01 18:52:00,306.9237032722828,0.316
1133,2026-01-01 18:53:00,307.88122971686687,0.439
1134,2026-01-01 18:54:00,307.8482311814202,0.392
1135,2026-01-01 18:55:00,307.73930717864874,0.691
1136,2026-01-01 18:56:00,307.56603665086567,0.33299999999999996
1137,2026-01-01 18:57:00,308.24346822405533,0.42200000000000004
1138,2026-01-01 18:58:00,308.1498148360337,0.256
1139,2026-01-01 18:59:00,307.43249870468884,0.58
1140,2026-01-01 19:00:00,308.3982093083618,0.385
1141,2026-01-01 19:01:00,307.7031193481155,0.5
1142,2026-01-01 19:02:00,307.52533614542307,0.47700000000000004
1143,2026-01-01 19:03:00,307.3499605263468,0.38299999999999995
1144,2026-01-01 19:04:00,308.5549162299952,0.456
1145,2026-01-01 19:05:00,308.15750576948335,0.299
1146,2026-01-01 19:06:00,307.8907799374753,0.273
1147,2026-01-01 19:07:00,308.29479346891276,0.40700000000000003
1148,2026-01-01 19:08:00,308.3624184826474,0.37200000000000005
1149,2026-01-01 19:09:00,308.44032527012797,0.47700000000000004
1150,2026-01-01 19:10:00,308.8533413847671,0.35600000000000004
1151,2026-01-01 19:11:00,307.4035382633871,0.23800000000000002
1152,2026-01-01 19:12:00,308.0022316133926,0.612
1153,2026-01-01 19:13:00,308.1090579718268,0.5710000000000001
1154,2026-01-01 19:14:00,308.87851228080984,0.47100000000000003
1155,2026-01-01 19:15:00,308.21807690843457,0.303
1156,2026-01-01 19:16:00,308.65330960553734,0.34600000000000003
1157,2026-01-01 19:17:00,308.18756136305103,0.377
1158,2026-01-01 19:18:00,307.76114027732655,0.525
1159,2026-01-01 19:19:00,308.53885378082543,0.368
1160,2026-01-01 19:20:00,308.2052465645203,0.43700000000000006
1161,2026-01-01 19:21:00,308.3100354205581,0.243
1162,2026-01-01 19:22:00,308.0524036535843,0.414
1163,2026-01-01 19:23:00,307.2324719172104,0.366
1164,2026-01-01 19:24:00,307.7278110558037,0.38799999999999996
1165,2026-01-01 19:25:00,308.48070763506894,0.444
1166,2026-01-01 19:26:00,307.45439231214095,0.37799999999999995
1167,2026-01-01 19:27:00,308.6165612283613,0.42
1168,2026-01-01 19:28:00,308.3168444619582,0.39399999999999996
1169,2026-01-01 19:29:00,308.4013073488513,0.604
1170,2026-01-01 19:30:00,308.87928171908595,0.434
1171,2026-01-01 19:31:00,309.1718662742023,0.35600000000000004
1172,2026-01-01 19:32:00,308.1753479280986,0.521
1173,2026-01-01 19:33:00,308.68195145268413,0.48100000000000004
1174,2026-01-01 19:34:00,307.5734221461209,0.405
1175,2026-01-01 19:35:00,308.93358865629784,0.475
1176,2026-01-01 19:36:00,309.01431102176207,0.465
1177,2026-01-01 19:37:00,308.54562793842257,0.478
1178,2026-01-01 19:38:00,309.2886499814848,0.38
1179,2026-01-01 19:39:00,307.6737655822107,0.521
1180,2026-01-01 19:40:00,308.11877596605564,0.275
1181,2026-01-01 19:41:00,308.7895569189409,0.42100000000000004
1182,2026-01-01 19:42:00,307.82305415567913,0.28
1183,2026-01-01 19:43:00,308.06063579670564,0.43700000000000006
1184,2026-01-01 19:44:00,308.6456545505402,0.508
1185,2026-01-01 19:45:00,307.6835272638033,0.431
1186,2026-01-01 19:46:00,307.3462835077202,0.479
1187,2026-01-01 19:47:00,308.036776788577,0.34700000000000003
1188,2026-01-01 19:48:00,307.8607391727354,0.47600000000000003
1189,2026-01-01 19:49:00,307.8232635245819,0.365
1190,2026-01-01 19:50:00,308.0193925624391,0.204
1191,2026-01-01 19:51:00,307.69672980717337,0.5589999999999999
1192,2026-01-01 19:52:00,307.6608268322315,0.41
1193,2026-01-01 19:53:00,307.4597321144486,0.514
1194,2026-01-01 19:54:00,307.8184970172557,0.47600000000000003
1195,2026-01-01 19:55:00,308.5880752288585,0.345
1196,2026-01-01 19:56:00,307.2492024406347,0.545
1197,2026-01-01 19:57:00,308.0092215054428,0.535
1198,2026-01-01 19:58:00,307.2025719611255,0.349
1199,2026-01-01 19:59:00,307.31155756932975,0.441
1200,2026-01-01 20:00:00,308.1077692338474,0.133
1201,2026-01-01 20:01:00,307.2000695302233,0.39
1202,2026-01-01 20:02:00,308.1216689279998,0.469
1203,2026-01-01 20:03:00,308.48404869684117,0.565
1204,2026-01-01 20:04:00,307.8686575411164,0.389
1205,2026-01-01 20:05:00,307.93665718001654,0.33
1206,2026-01-01 20:06:00,308.37488556269454,0.284
1207,2026-01-01 20:07:00,307.1096780434427,0.41
1208,2026-01-01 20:08:00,307.87977387320484,0.435
1209,2026-01-01 20:09:00,307.34911560246127,0.307
1210,2026-01-01 20:10:00,309.7181844267076,0.418
1211,2026-01-01 20:11:00,308.2450282402426,0.294
1212,2026-01-01 20:12:00,308.11592079131776,0.46399999999999997
1213,2026-01-01 20:13:00,308.4895669389981,0.59
1214,2026-01-01 20:14:00,307.9526972879048,0.48100000000000004
1215,2026-01-01 20:15:00,309.3153505631648,0.257
1216,2026-01-01 20:16:00,308.2178211776279,0.415
1217,2026-01-01 20:17:00,307.8583132895311,0.425
1218,2026-01-01 20:18:00,308.0000880942042,0.42100000000000004
1219,2026-01-01 20:19:00,308.81921798001366,0.382
1220,2026-01-01 20:20:00,307.9545371136679,0.535
1221,2026-01-01 20:21:00,309.1576087954036,0.235
1222,2026-01-01 20:22:00,308.79410282784835,0.40700000000000003
1223,2026-01-01 20:23:00,307.56853522445743,0.371
1224,2026-01-01 20:24:00,307.72833688796015,0.556
1225,2026-01-01 20:25:00,308.580600810911,0.14
1226,2026-01-01 20:26:00,308.24194106385545,0.314
1227,2026-01-01 20:27:00,308.63502362791564,0.466
1228,2026-01-01 20:28:00,309.33478737855074,0.373
1229,2026-01-01 20:29:00,308.60180749579274,0.326
1230,2026-01-01 20:30:00,308.48973887634287,0.39299999999999996
1231,2026-01-01 20:31:00,309.4491605873584,0.313
1232,2026-01-01 20:32:00,308.89022713813915,0.324
1233,2026-01-01 20:33:00,309.274854449643,0.444
1234,2026-01-01 20:34:00,307.4011363575762,0.534
1235,2026-01-01 20:35:00,307.96725023890895,0.284
1236,2026-01-01 20:36:00,308.61578204295876,0.33399999999999996
1237,2026-01-01 20:37:00,308.5874516900371,0.33299999999999996
1238,2026-01-01 20:38:00,309.8668509206247,0.429
1239,2026-01-01 20:39:00,309.37535761746574,0.402
1240,2026-01-01 20:40:00,308.98724735897855,0.368
1241,2026-01-01 20:41:00,309.0567810677819,0.361
1242,2026-01-01 20:42:00,308.1961702413875,0.48700000000000004
1243,2026-01-01 20:43:00,308.68653405092317,0.415
1244,2026-01-01 20:44:00,309.2927285254667,0.573
1245,2026-01-01 20:45:00,308.357307069853,0.494
1246,2026-01-01 20:46:00,308.48137949587874,0.507
1247,2026-01-01 20:47:00,309.31083600990854,0.377
1248,2026-01-01 20:48:00,308.6760105963625,0.43
1249,2026-01-01 20:49:00,309.2580146251438,0.504
1250,2026-01-01 20:50:00,309.3893122334933,0.485
1251,2026-01-01 20:51:00,309.2253963726598,0.33799999999999997
1252,2026-01-01 20:52:00,308.68357300826557,0.252
1253,2026-01-01 20:53:00,308.7303989781882,0.33
1254,2026-01-01 20:54:00,309.1848617309821,0.569
1255,2026-01-01 20:55:00,309.8522556927874,0.157
1256,2026-01-01 20:56:00,309.5429334887258,0.35700000000000004
1257,2026-01-01 20:57:00,310.3772921979806,0.348
1258,2026-01-01 20:58:00,309.8011609080472,0.387
1259,2026-01-01 20:59:00,310.61368042742396,0.45799999999999996
1260,2026-01-01 21:00:00,308.23582806218747,0.418
1261,2026-01-01 21:01:00,310.13781721762683,0.659
1262,2026-01-01 21:02:00,310.0777736285179,0.405
1263,2026-01-01 21:03:00,309.42065650727704,0.381
1264,2026-01-01 21:04:00,308.66966599879675,0.48200000000000004
1265,2026-01-01 21:05:00,309.8465752053495,0.402
1266,2026-01-01 21:06:00,309.2779780474992,0.47600000000000003
1267,2026-01-01 21:07:00,309.3203398673084,0.344
1268,2026-01-01 21:08:00,308.5715368438518,0.465
1269,2026-01-01 21:09:00,308.81685750093544,0.529
1270,2026-01-01 21:10:00,309.2661052393085,0.401
1271,2026-01-01 21:11:00,309.27847515483063,0.371
1272,2026-01-01 21:12:00,308.9766316015125,0.5429999999999999
1273,2026-01-01 21:13:00,309.4906132938999,0.361
1274,2026-01-01 21:14:00,309.2343207279196,0.45399999999999996
1275,2026-01-01 21:15:00,309.9565098296507,0.153
1276,2026-01-01 21:16:00,309.5536467122401,0.41700000000000004
1277,2026-01-01 21:17:00,309.61180980121884,0.40299999999999997
1278,2026-01-01 21:18:00,308.8632557557626,0.415
1279,2026-01-01 21:19:00,308.9969790175019,0.48200000000000004
1280,2026-01-01 21:20:00,310.2271065717008,0.322
1281,2026-01-01 21:21:00,309.78287410496216,0.45799999999999996
1282,2026-01-01 21:22:00,310.9258560934189,0.284
1283,2026-01-01 21:23:00,309.4824035381354,0.23800000000000002
1284,2026-01-01 21:24:00,309.9213409207532,0.33399999999999996
1285,2026-01-01 21:25:00,310.15675536025645,0.40299999999999997
1286,2026-01-01 21:26:00,308.9551872419077,0.5429999999999999
1287,2026-01-01 21:27:00,309.64316851041804,0.341
1288,2026-01-01 21:28:00,309.1756710383097,0.424
1289,2026-01-01 21:29:00,309.3660509159058,0.536
1290,2026-01-01 21:30:00,311.3245620356654,0.402
1291,2026-01-01 21:31:00,310.23747946622973,0.57
1292,2026-01-01 21:32:00,309.6138187201716,0.32799999999999996
1293,2026-01-01 21:33:00,309.81783960897974,0.457
1294,2026-01-01 21:34:00,310.2121781417165,0.425
1295,2026-01-01 21:35:00,309.51074812081265,0.196
1296,2026-01-01 21:36:00,309.45904823932113,0.304
1297,2026-01-01 21:37:00,310.73459909715916,0.414
1298,2026-01-01 21:38:00,309.8093059432894,0.42100000000000004
1299,2026-01-01 21:39:00,310.4866834772868,0.25
1300,2026-01-01 21:40:00,309.7951173048354,0.311
1301,2026-01-01 21:41:00,310.4750144863243,0.502
1302,2026-01-01 21:42:00,310.06086899944063,0.302
1303,2026-01-01 21:43:00,309.3675012332836,0.426
1304,2026-01-01 21:44:00,309.866252351819,0.569
1305,2026-01-01 21:45:00,310.6786210405903,0.345
1306,2026-01-01 21:46:00,309.80400190398194,0.45
1307,2026-01-01 21:47:00,311.18869638739505,0.36700000000000005
1308,2026-01-01 21:48:00,309.58431943360597,0.46299999999999997
1309,2026-01-01 21:49:00,310.644617831414,0.33299999999999996
1310,2026-01-01 21:50:00,309.42693629491225,0.244
1311,2026-01-01 21:51:00,310.2004962890774,0.381
1312,2026-01-01 21:52:00,310.1196117936663,0.53
1313,2026-01-01 21:53:00,310.12748980324295,0.499
1314,2026-01-01 21:54:00,310.0118482274999,0.517
1315,2026-01-01 21:55:00,310.33440168911943,0.745
1316,2026-01-01 21:56:00,310.06969124415656,0.368
1317,2026-01-01 21:57:00,310.08807755889376,0.465
1318,2026-01-01 21:58:00,310.74944234133574,0.268
1319,2026-01-01 21:59:00,310.5853540271426,0.28800000000000003
1320,2026-01-01 22:00:00,309.6962396749471,0.304
1321,2026-01-01 22:01:00,310.5517934681294,0.302
1322,2026-01-01 22:02:00,309.6356875601769,0.268
1323,2026-01-01 22:03:00,310.05144696020966,0.24
1324,2026-01-01 22:04:00,310.0826508252119,0.354
1325,2026-01-01 22:05:00,310.59834284593563,0.491
1326,2026-01-01 22:06:00,308.70217521456937,0.5379999999999999
1327,2026-01-01 22:07:00,310.1218099581998,0.326
1328,2026-01-01 22:08:00,310.68269571328875,0.36
1329,2026-01-01 22:09:00,309.4548085987029,0.272
1330,2026-01-01 22:10:00,309.3325123967158,0.315
1331,2026-01-01 22:11:00,310.2624529802351,0.363
1332,2026-01-01 22:12:00,310.4758259811836,0.505
1333,2026-01-01 22:13:00,309.93780685776073,0.33
1334,2026-01-01 22:14:00,310.1992373920863,0.327
1335,2026-01-01 22:15:00,311.00303045801354,0.289
1336,2026-01-01 22:16:00,310.8820747186074,0.261
1337,2026-01-01 22:17:00,310.9143239164927,0.33899999999999997
1338,2026-01-01 22:18:00,310.32885083262175,0.273
1339,2026-01-01 22:19:00,309.8963430848728,0.455
1340,2026-01-01 22:20:00,310.04197642876494,0.45899999999999996
1341,2026-01-01 22:21:00,310.2527975884048,0.475
1342,2026-01-01 22:22:00,310.681479866653,0.43700000000000006
1343,2026-01-01 22:23:00,310.9472953747707,0.33299999999999996
1344,2026-01-01 22:24:00,309.41653994904266,0.48100000000000004
1345,2026-01-01 22:25:00,309.67929607340074,0.48
1346,2026-01-01 22:26:00,309.4792532219781,0.355
1347,2026-01-01 22:27:00,309.5570594819282,0.374
1348,2026-01-01 22:28:00,310.0865270487002,0.457
1349,2026-01-01 22:29:00,310.17433353137244,0.319
1350,2026-01-01 22:30:00,310.4352697177787,0.503
1351,2026-01-01 22:31:00,310.98645294980184,0.276
1352,2026-01-01 22:32:00,311.04228138803103,0.419
1353,2026-01-01 22:33:00,310.50374107172496,0.41200000000000003
1354,2026-01-01 22:34:00,309.7799788053394,0.546
1355,2026-01-01 22:35:00,309.4658222149298,0.331
1356,2026-01-01 22:36:00,309.54796303309575,0.335
1357,2026-01-01 22:37:00,310.7820696339167,0.568
1358,2026-01-01 22:38:00,310.86713534235844,0.375
1359,2026-01-01 22:39:00,310.2894746245772,0.271
1360,2026-01-01 22:40:00,310.26815374550176,0.415
1361,2026-01-01 22:41:00,310.35874930980077,0.4
1362,2026-01-01 22:42:00,310.2850526669597,0.387
1363,2026-01-01 22:43:00,310.28315991048044,0.418
1364,2026-01-01 22:44:00,311.3195161954725,0.59
1365,2026-01-01 22:45:00,310.68901334365074,0.368
1366,2026-01-01 22:46:00,310.4833121055413,0.371
1367,2026-01-01 22:47:00,310.3208821111778,0.312
1368,2026-01-01 22:48:00,310.52478464207735,0.467
1369,2026-01-01 22:49:00,310.4290080446,0.449
1370,2026-01-01 22:50:00,309.9552041618138,0.348
1371,2026-01-01 22:51:00,310.3386848210192,0.27699999999999997
1372,2026-01-01 22:52:00,310.71156030562486,0.35700000000000004
1373,2026-01-01 22:53:00,309.28244242876656,0.303
1374,2026-01-01 22:54:00,310.42893803913415,0.49
1375,2026-01-01 22:55:00,309.83121497833156,0.43799999999999994
1376,2026-01-01 22:56:00,310.0963531093926,0.361
1377,2026-01-01 22:57:00,310.18094132816765,0.4
1378,2026-01-01 22:58:00,310.07931039012647,0.261
1379,2026-01-01 22:59:00,310.5134977847556,0.45299999999999996
1380,2026-01-01 23:00:00,309.97682584408733,0.428
1381,2026-01-01 23:01:00,309.6567877785877,0.5479999999999999
1382,2026-01-01 23:02:00,310.551644028033,0.08800000000000001
1383,2026-01-01 23:03:00,310.9728371251955,0.466
1384,2026-01-01 23:04:00,310.4522187093138,0.33299999999999996
1385,2026-01-01 23:05:00,310.2505001408401,0.44
1386,2026-01-01 23:06:00,310.8260246348516,0.397
1387,2026-01-01 23:07:00,310.49601439436697,0.392
1388,2026-01-01 23:08:00,310.01312654606744,0.382
1389,2026-01-01 23:09:00,309.7077290667801,0.466
1390,2026-01-01 23:10:00,311.1843213402118,0.435
1391,2026-01-01 23:11:00,309.9276648705697,0.627
1392,2026-01-01 23:12:00,310.4583446440983,0.377
1393,2026-01-01 23:13:00,310.18216965525124,0.568
1394,2026-01-01 23:14:00,310.06435341535666,0.48
1395,2026-01-01 23:15:00,310.22573071430116,0.406
1396,2026-01-01 23:16:00,309.6605898886469,0.42700000000000005
1397,2026-01-01 23:17:00,310.75267741052653,0.48
1398,2026-01-01 23:18:00,310.1460248645255,0.33799999999999997
1399,2026-01-01 23:19:00,309.87154799116513,0.489
1400,2026-01-01 23:20:00,310.1280184202489,0.425
1401,2026-01-01 23:21:00,310.87091668777316,0.532
1402,2026-01-01 23:22:00,309.504963258188,0.23399999999999999
1403,2026-01-01 23:23:00,310.3154393770826,0.532
1404,2026-01-01 23:24:00,309.9929718438617,0.36700000000000005
1405,2026-01-01 23:25:00,309.0086181327206,0.42100000000000004
1406,2026-01-01 23:26:00,309.772472756402,0.33
1407,2026-01-01 23:27:00,310.1231484656963,0.182
1408,2026-01-01 23:28:00,310.14549114352656,0.385
1409,2026-01-01 23:29:00,310.5756412934392,0.474
1410,2026-01-01 23:30:00,308.67857702927597,0.5329999999999999
1411,2026-01-01 23:31:00,309.4348483480102,0.35200000000000004
1412,2026-01-01 23:32:00,310.3864901185681,0.318
1413,2026-01-01 23:33:00,308.7509904043716,0.355
1414,2026-01-01 23:34:00,309.49497517305105,0.33399999999999996
1415,2026-01-01 23:35:00,310.3573956148041,0.46799999999999997
1416,2026-01-01 23:36:00,310.0635472665856,0.54
1417,2026-01-01 23:37:00,308.91705593151903,0.34600000000000003
1418,2026-01-01 23:38:00,309.7122997753938,0.40299999999999997
1419,2026-01-01 23:39:00,309.89753341978803,0.337
1420,2026-01-01 23:40:00,310.2593503317402,0.43799999999999994
1421,2026-01-01 23:41:00,310.5625893158084,0.493
1422,2026-01-01 23:42:00,310.14447819485406,0.414
1423,2026-01-01 23:43:00,309.57412055314256,0.428
1424,2026-01-01 23:44:00,309.3682103655093,0.44
1425,2026-01-01 23:45:00,310.52904092951866,0.496
1426,2026-01-01 23:46:00,310.12201703409687,0.42100000000000004
1427,2026-01-01 23:47:00,309.3383227766937,0.442
1428,2026-01-01 23:48:00,310.4969663844944,0.452
1429,2026-01-01 23:49:00,311.3567462620826,0.391
1430,2026-01-01 23:50:00,309.7454419723374,0.37
1431,2026-01-01 23:51:00,309.97812841499695,0.27699999999999997
1432,2026-01-01 23:52:00,309.67761481555243,0.38799999999999996
1433,2026-01-01 23:53:00,309.91190009153047,0.385
1434,2026-01-01 23:54:00,309.8865097434987,0.382
1435,2026-01-01 23:55:00,309.7160736629693,0.379
1436,2026-01-01 23:56:00,310.1187039187993,0.292
1437,2026-01-01 23:57:00,309.2523657011157,0.358
1438,2026-01-01 23:58:00,310.3536299011603,0.336
1439,2026-01-01 23:59:00,310.8904000738682,0.31
1440,2026-01-02 00:00:00,310.4224771809212,0.308
1441,2026-01-02 00:01:00,309.9685693527143,0.39899999999999997
1442,2026-01-02 00:02:00,309.8211368071388,0.254
1443,2026-01-02 00:03:00,309.70768548902834,0.344
1444,2026-01-02 00:04:00,309.95697301995835,0.409
1445,2026-01-02 00:05:00,309.7967297761807,0.469
1446,2026-01-02 00:06:00,310.3219712350859,0.53
1447,2026-01-02 00:07:00,309.8585307476981,0.43
1448,2026-01-02 00:08:00,310.3524497326078,0.424
1449,2026-01-02 00:09:00,310.29851216338807,0.54
1450,2026-01-02 00:10:00,310.81503982420315,0.361
1451,2026-01-02 00:11:00,310.0587853254456,0.478
1452,2026-01-02 00:12:00,309.58410334408217,0.451
1453,2026-01-02 00:13:00,309.7035687852312,0.276
1454,2026-01-02 00:14:00,308.86670402669455,0.395
1455,2026-01-02 00:15:00,310.835172613411,0.46299999999999997
1456,2026-01-02 00:16:00,309.5620483266818,0.409
1457,2026-01-02 00:17:00,310.31218868441704,0.505
1458,2026-01-02 00:18:00,309.9855407364954,0.302
1459,2026-01-02 00:19:00,310.09114895012755,0.449
1460,2026-01-02 00:20:00,309.5189646818646,0.41600000000000004
1461,2026-01-02 00:21:00,309.89507238001676,0.426
1462,2026-01-02 00:22:00,309.7872121322296,0.536
1463,2026-01-02 00:23:00,309.68781234249377,0.445
1464,2026-01-02 00:24:00,309.3633102440446,0.489
1465,2026-01-02 00:25:00,308.83666257401177,0.619
1466,2026-01-02 00:26:00,309.7028330862801,0.354
1467,2026-01-02 00:27:00,309.406710387315,0.28300000000000003
1468,2026-01-02 00:28:00,308.3180360542674,0.35600000000000004
1469,2026-01-02 00:29:00,310.0610413109749,0.358
1470,2026-01-02 00:30:00,308.6429812119391,0.43799999999999994
1471,2026-01-02 00:31:00,309.49059459525307,0.187
1472,2026-01-02 00:32:00,309.0849480075299,0.602
1473,2026-01-02 00:33:00,308.8224608779608,0.525
1474,2026-01-02 00:34:00,308.42264848447513,0.35600000000000004
1475,2026-01-02 00:35:00,308.9501750648938,0.392
1476,2026-01-02 00:36:00,309.3922534248332,0.193
1477,2026-01-02 00:37:00,309.0292865969284,0.34600000000000003
1478,2026-01-02 00:38:00,308.9600270747337,0.485
1479,2026-01-02 00:39:00,308.78323737528984,0.363
1480,2026-01-02 00:40:00,309.1237438983997,0.266
1481,2026-01-02 00:41:00,309.21775244367814,0.43799999999999994
1482,2026-01-02 00:42:00,309.17112458666674,0.462
1483,2026-01-02 00:43:00,308.6509372730088,0.585
1484,2026-01-02 00:44:00,308.9667489510623,0.449
1485,2026-01-02 00:45:00,308.6126580294843,0.485
1486,2026-01-02 00:46:00,307.87271123033366,0.446
1487,2026-01-02 00:47:00,308.2399529471759,0.6940000000000001
1488,2026-01-02 00:48:00,308.69638138313843,0.34299999999999997
1489,2026-01-02 00:49:00,308.7476508788238,0.272
1490,2026-01-02 00:50:00,309.0757128750207,0.163
1491,2026-01-02 00:51:00,308.8987330465028,0.174
1492,2026-01-02 00:52:00,308.6465213224405,0.48200000000000004
1493,2026-01-02 00:53:00,308.672178938128,0.48200000000000004
1494,2026-01-02 00:54:00,308.73662777446134,0.262
1495,2026-01-02 00:55:00,308.3071819968384,0.47
1496,2026-01-02 00:56:00,309.08316950822046,0.36700000000000005
1497,2026-01-02 00:57:00,308.8934144110827,0.337
1498,2026-01-02 00:58:00,308.10685734560616,0.557
1499,2026-01-02 00:59:00,309.09309382307623,0.373
1500,2026-01-02 01:00:00,307.51122068969494,0.377
1501,2026-01-02 01:01:00,308.6049809128918,0.389
1502,2026-01-02 01:02:00,308.1592224626512,0.303
1503,2026-01-02 01:03:00,309.3229558534209,0.363
1504,2026-01-02 01:04:00,308.41696573758526,0.32899999999999996
1505,2026-01-02 01:05:00,308.76596009011763,0.376
1506,2026-01-02 01:06:00,309.43625888265103,0.355
1507,2026-01-02 01:07:00,308.98319572756265,0.54
1508,2026-01-02 01:08:00,308.7271088160031,0.38799999999999996
1509,2026-01-02 01:09:00,308.50480905435415,0.557
1510,2026-01-02 01:10:00,308.90530814380224,0.385
1511,2026-01-02 01:11:00,308.91435901570446,0.401
1512,2026-01-02 01:12:00,309.2878374532342,0.34299999999999997
1513,2026-01-02 01:13:00,309.54117544713273,0.377
1514,2026-01-02 01:14:00,308.86391714112017,0.369
1515,2026-01-02 01:15:00,308.60414919499453,0.358
1516,2026-01-02 01:16:00,308.98247250402216,0.138
1517,2026-01-02 01:17:00,308.9878041642648,0.276
1518,2026-01-02 01:18:00,310.17054495696215,0.445
1519,2026-01-02 01:19:00,308.8656000005911,0.34
1520,2026-01-02 01:20:00,308.41245022230265,0.36
1521,2026-01-02 01:21:00,308.71697476613116,0.405
1522,2026-01-02 01:22:00,308.5434756958975,0.414
1523,2026-01-02 01:23:00,308.60247426913526,0.392
1524,2026-01-02 01:24:00,309.02171732733416,0.514
1525,2026-01-02 01:25:00,309.57808843691805,0.29100000000000004
1526,2026-01-02 01:26:00,309.2539016340336,0.361
1527,2026-01-02 01:27:00,309.0330429260066,0.544
1528,2026-01-02 01:28:00,309.4915851552965,0.396
1529,2026-01-02 01:29:00,308.9421892548888,0.29600000000000004
1530,2026-01-02 01:30:00,309.59108681293026,0.46399999999999997
1531,2026-01-02 01:31:00,309.2259522194415,0.39299999999999996
1532,2026-01-02 01:32:00,308.614420513874,0.151
1533,2026-01-02 01:33:00,308.0978029106867,0.547
1534,2026-01-02 01:34:00,309.06440671631646,0.349
1535,2026-01-02 01:35:00,308.93783368651157,0.527
1536,2026-01-02 01:36:00,308.7310775399397,0.38799999999999996
1537,2026-01-02 01:37:00,308.1074579556764,0.484
1538,2026-01-02 01:38:00,308.2831246245496,0.555
1539,2026-01-02 01:39:00,308.68317203234767,0.521
1540,2026-01-02 01:40:00,309.7573744411765,0.295
1541,2026-01-02 01:41:00,309.39766296588596,0.324
1542,2026-01-02 01:42:00,308.6539812303225,0.401
1543,2026-01-02 01:43:00,309.5020116524969,0.278
1544,2026-01-02 01:44:00,308.9764387195096,0.591
1545,2026-01-02 01:45:00,307.496316691889,0.317
1546,2026-01-02 01:46:00,308.41431008975417,0.42
1547,2026-01-02 01:47:00,307.82879538429864,0.47100000000000003
1548,2026-01-02 01:48:00,308.9690157331906,0.306
1549,2026-01-02 01:49:00,307.9498950588742,0.435
1550,2026-01-02 01:50:00,308.30969305357166,0.418
1551,2026-01-02 01:51:00,308.4351487586784,0.39899999999999997
1552,2026-01-02 01:52:00,308.4417595682747,0.5379999999999999
1553,2026-01-02 01:53:00,308.5432588830439,0.168
1554,2026-01-02 01:54:00,308.4099856075398,0.51
1555,2026-01-02 01:55:00,308.1892454624432,0.19
1556,2026-01-02 01:56:00,307.6429152765655,0.42100000000000004
1557,2026-01-02 01:57:00,308.17372563997395,0.44799999999999995
1558,2026-01-02 01:58:00,308.4892424858963,0.39299999999999996
1559,2026-01-02 01:59:00,307.5575258650179,0.47100000000000003
1560,2026-01-02 02:00:00,308.1404889955117,0.353
1561,2026-01-02 02:01:00,309.72025276130523,0.435
1562,2026-01-02 02:02:00,307.5065018878406,0.373
1563,2026-01-02 02:03:00,308.57611646728196,0.596
1564,2026-01-02 02:04:00,307.4322967191364,0.424
1565,2026-01-02 02:05:00,309.11924085377404,0.501
1566,2026-01-02 02:06:00,307.92902514108914,0.18
1567,2026-01-02 02:07:00,309.33984676732024,0.41700000000000004
1568,2026-01-02 02:08:00,308.60603209995674,0.434
1569,2026-01-02 02:09:00,307.71517769718383,0.37
1570,2026-01-02 02:10:00,307.58508614061026,0.43799999999999994
1571,2026-01-02 02:11:00,308.1464654906055,0.475
1572,2026-01-02 02:12:00,308.4981607056526,0.33
1573,2026-01-02 02:13:00,308.57465843817886,0.42
1574,2026-01-02 02:14:00,307.74370401499243,0.61
1575,2026-01-02 02:15:00,308.02083901740565,0.33299999999999996
1576,2026-01-02 02:16:00,308.4485547766373,0.48700000000000004
1577,2026-01-02 02:17:00,308.5431139811161,0.442
1578,2026-01-02 02:18:00,307.62908056514135,0.433
1579,2026-01-02 02:19:00,308.90218344806755,0.32
1580,2026-01-02 02:20:00,308.9181308996616,0.415
1581,2026-01-02 02:21:00,307.9109509257117,0.377
1582,2026-01-02 02:22:00,308.2001286157965,0.494
1583,2026-01-02 02:23:00,308.17406156963455,0.382
1584,2026-01-02 02:24:00,307.9042056708354,0.34700000000000003
1585,2026-01-02 02:25:00,308.34457601115685,0.512
1586,2026-01-02 02:26:00,308.7080197062524,0.529
1587,2026-01-02 02:27:00,308.3113908580072,0.243
1588,2026-01-02 02:28:00,307.90771372175936,0.408
1589,2026-01-02 02:29:00,307.86209148670724,0.36700000000000005
1590,2026-01-02 02:30:00,308.1522614298953,0.462
1591,2026-01-02 02:31:00,308.56869055862046,0.43700000000000006
1592,2026-01-02 02:32:00,308.5260814023684,0.382
1593,2026-01-02 02:33:00,308.4931778807735,0.335
1594,2026-01-02 02:34:00,308.8545983630801,0.321
1595,2026-01-02 02:35:00,308.6780439330332,0.39799999999999996
1596,2026-01-02 02:36:00,308.3967420010404,0.425
1597,2026-01-02 02:37:00,307.86244965546695,0.397
1598,2026-01-02 02:38:00,307.76030338670506,0.483
1599,2026-01-02 02:39:00,307.76302181262554,0.38
1600,2026-01-02 02:40:00,306.9983451203469,0.349
1601,2026-01-02 02:41:00,307.8508245446944,0.379
1602,2026-01-02 02:42:00,307.623896402237,0.273
1603,2026-01-02 02:43:00,307.5688072332868,0.39799999999999996
1604,2026-01-02 02:44:00,306.8137129930039,0.629
1605,2026-01-02 02:45:00,307.68339822932234,0.258
1606,2026-01-02 02:46:00,307.966443514839,0.486
1607,2026-01-02 02:47:00,307.4021481520014,0.307
1608,2026-01-02 02:48:00,307.7063751214922,0.34299999999999997
1609,2026-01-02 02:49:00,307.5928988049881,0.595
1610,2026-01-02 02:50:00,307.6720164011186,0.34600000000000003
1611,2026-01-02 02:51:00,307.6594350582185,0.43700000000000006
1612,2026-01-02 02:52:00,307.5467044477187,0.21899999999999997
1613,2026-01-02 02:53:00,308.24339231947596,0.38299999999999995
1614,2026-01-02 02:54:00,307.64355325164104,0.22899999999999998
1615,2026-01-02 02:55:00,309.3341424209169,0.579
1616,2026-01-02 02:56:00,307.81010744772027,0.469
1617,2026-01-02 02:57:00,308.1535001593186,0.593
1618,2026-01-02 02:58:00,307.6831783197521,0.375
1619,2026-01-02 02:59:00,307.9686219289366,0.382
1620,2026-01-02 03:00:00,307.74105925413323,0.544
1621,2026-01-02 03:01:00,307.4690069568064,0.445
1622,2026-01-02 03:02:00,307.6986390403351,0.392
1623,2026-01-02 03:03:00,307.4698766417157,0.436
1624,2026-01-02 03:04:00,308.2485867405738,0.452
1625,2026-01-02 03:05:00,307.93466938909313,0.585
1626,2026-01-02 03:06:00,308.02856599787236,0.565
1627,2026-01-02 03:07:00,308.037622296007,0.373
1628,2026-01-02 03:08:00,307.4731683208791,0.33899999999999997
1629,2026-01-02 03:09:00,308.5781690888766,0.45
1630,2026-01-02 03:10:00,307.9807355134268,0.435
1631,2026-01-02 03:11:00,306.771585448782,0.364
1632,2026-01-02 03:12:00,307.04502203392815,0.37
1633,2026-01-02 03:13:00,306.810991344804,0.354
1634,2026-01-02 03:14:00,308.19101022079394,0.377
1635,2026-01-02 03:15:00,307.31232096747846,0.33299999999999996
1636,2026-01-02 03:16:00,308.2189542502166,0.385
1637,2026-01-02 03:17:00,307.58498584209997,0.428
1638,2026-01-02 03:18:00,307.22774822465306,0.289
1639,2026-01-02 03:19:00,308.21382816532486,0.502
1640,2026-01-02 03:20:00,308.3453849889459,0.37799999999999995
1641,2026-01-02 03:21:00,307.7224529882282,0.51
1642,2026-01-02 03:22:00,307.9283778167704,0.517
1643,2026-01-02 03:23:00,308.31043688264083,0.34
1644,2026-01-02 03:24:00,307.7542741084013,0.573
1645,2026-01-02 03:25:00,308.41060329374835,0.623
1646,2026-01-02 03:26:00,307.9840280161406,0.359
1647,2026-01-02 03:27:00,308.2227631651165,0.425
1648,2026-01-02 03:28:00,307.6575529820031,0.488
1649,2026-01-02 03:29:00,307.40912751352766,0.353
1650,2026-01-02 03:30:00,307.68128067595285,0.31
1651,2026-01-02 03:31:00,308.6810485127198,0.441
1652,2026-01-02 03:32:00,307.53369043608507,0.47200000000000003
1653,2026-01-02 03:33:00,306.9332035226451,0.455
1654,2026-01-02 03:34:00,308.4256245178928,0.28600000000000003
1655,2026-01-02 03:35:00,307.42535086120256,0.38
1656,2026-01-02 03:36:00,308.1808577604159,0.397
1657,2026-01-02 03:37:00,307.5770285494474,0.36
1658,2026-01-02 03:38:00,308.8161211624148,0.272
1659,2026-01-02 03:39:00,308.07624192036315,0.341
1660,2026-01-02 03:40:00,308.51284627125654,0.314
1661,2026-01-02 03:41:00,307.6222168300418,0.311
1662,2026-01-02 03:42:00,307.7996828961727,0.358
1663,2026-01-02 03:43:00,308.47348853401644,0.498
1664,2026-01-02 03:44:00,308.32778630943545,0.43700000000000006
1665,2026-01-02 03:45:00,308.5749151049233,0.37799999999999995
1666,2026-01-02 03:46:00,307.1476264687386,0.439
1667,2026-01-02 03:47:00,307.51706009225074,0.43
1668,2026-01-02 03:48:00,307.4253580590343,0.308
1669,2026-01-02 03:49:00,307.739736475684,0.32799999999999996
1670,2026-01-02 03:50:00,307.2267113764376,0.27899999999999997
1671,2026-01-02 03:51:00,307.0860068856002,0.34600000000000003
1672,2026-01-02 03:52:00,308.0150041430135,0.26
1673,2026-01-02 03:53:00,307.2255485193846,0.361
1674,2026-01-02 03:54:00,307.4070288940744,0.528
1675,2026-01-02 03:55:00,308.2957755244649,0.445
1676,2026-01-02 03:56:00,306.6815228408723,0.263
1677,2026-01-02 03:57:00,307.4656386546668,0.287
1678,2026-01-02 03:58:00,308.16983967772103,0.36700000000000005
1679,2026-01-02 03:59:00,308.05482639628406,0.355
1680,2026-01-02 04:00:00,308.52951004276105,0.377
1681,2026-01-02 04:01:00,307.26091952808883,0.429
1682,2026-01-02 04:02:00,308.06314396187395,0.38299999999999995
1683,2026-01-02 04:03:00,307.74248575643907,0.27699999999999997
1684,2026-01-02 04:04:00,307.4621405249895,0.278
1685,2026-01-02 04:05:00,307.88191546335133,0.35200000000000004
1686,2026-01-02 04:06:00,307.5199872601139,0.41600000000000004
1687,2026-01-02 04:07:00,307.7068960162376,0.39
1688,2026-01-02 04:08:00,307.90467752971114,0.44
1689,2026-01-02 04:09:00,307.4242778446053,0.38
1690,2026-01-02 04:10:00,307.5636365563237,0.483
1691,2026-01-02 04:11:00,307.6180882291894,0.23800000000000002
1692,2026-01-02 04:12:00,306.7767842505834,0.425
1693,2026-01-02 04:13:00,307.65117782390803,0.473
1694,2026-01-02 04:14:00,308.3479948792423,0.36700000000000005
1695,2026-01-02 04:15:00,307.72438264058405,0.447
1696,2026-01-02 04:16:00,307.5099493961254,0.326
1697,2026-01-02 04:17:00,306.54164517576794,0.429
1698,2026-01-02 04:18:00,308.1014911366513,0.41600000000000004
1699,2026-01-02 04:19:00,308.04718132282386,0.315
1700,2026-01-02 04:20:00,307.689293404221,0.261
1701,2026-01-02 04:21:00,307.6765305029373,0.359
1702,2026-01-02 04:22:00,307.1515489675211,0.513
1703,2026-01-02 04:23:00,307.251258111862,0.33799999999999997
1704,2026-01-02 04:24:00,308.05048517324917,0.467
1705,2026-01-02 04:25:00,307.7153732641833,0.486
1706,2026-01-02 04:26:00,308.06605138315587,0.34600000000000003
1707,2026-01-02 04:27:00,307.6442233738752,0.377
1708,2026-01-02 04:28:00,307.92656900498736,0.545
1709,2026-01-02 04:29:00,307.65225717789673,0.31
1710,2026-01-02 04:30:00,307.7515558515662,0.38299999999999995
1711,2026-01-02 04:31:00,307.26883993722015,0.445
1712,2026-01-02 04:32:00,307.8276832831088,0.324
1713,2026-01-02 04:33:00,307.6831132557511,0.21600000000000003
1714,2026-01-02 04:34:00,307.6111415914612,0.19899999999999998
1715,2026-01-02 04:35:00,307.35260180164954,0.525
1716,2026-01-02 04:36:00,307.45760501892704,0.504
1717,2026-01-02 04:37:00,307.85223216891086,0.221
1718,2026-01-02 04:38:00,307.54442535506166,0.33399999999999996
1719,2026-01-02 04:39:00,307.72735581725925,0.494
1720,2026-01-02 04:40:00,308.0092318262562,0.43799999999999994
1721,2026-01-02 04:41:00,308.16684921308354,0.5539999999999999
1722,2026-01-02 04:42:00,307.9351411435508,0.42
1723,2026-01-02 04:43:00,308.5178983140398,0.282
1724,2026-01-02 04:44:00,308.0286484843667,0.428
1725,2026-01-02 04:45:00,309.2985049436239,0.392
1726,2026-01-02 04:46:00,308.316632294667,0.47600000000000003
1727,2026-01-02 04:47:00,307.67223381555766,0.359
1728,2026-01-02 04:48:00,307.5627675977251,0.273
1729,2026-01-02 04:49:00,307.9801871628467,0.214
1730,2026-01-02 04:50:00,308.37098850923763,0.542
1731,2026-01-02 04:51:00,308.9399669830272,0.331
1732,2026-01-02 04:52:00,307.31456785389946,0.49200000000000005
1733,2026-01-02 04:53:00,308.1216417251358,0.496
1734,2026-01-02 04:54:00,308.60741233064965,0.258
1735,2026-01-02 04:55:00,307.5126518190918,0.519
1736,2026-01-02 04:56:00,308.7102197158522,0.298
1737,2026-01-02 04:57:00,308.1295815718224,0.41100000000000003
1738,2026-01-02 04:58:00,307.91361337554304,0.142
1739,2026-01-02 04:59:00,307.2194236928001,0.311
1740,2026-01-02 05:00:00,307.6768756070843,0.33799999999999997
1741,2026-01-02 05:01:00,308.11342366310646,0.316
1742,2026-01-02 05:02:00,307.56782995130396,0.20600000000000002
1743,2026-01-02 05:03:00,307.281121630683,0.37200000000000005
1744,2026-01-02 05:04:00,307.7919302063415,0.513
1745,2026-01-02 05:05:00,307.18001329039066,0.465
1746,2026-01-02 05:06:00,306.6940994705839,0.465
1747,2026-01-02 05:07:00,307.7035862747438,0.601
1748,2026-01-02 05:08:00,307.19955500975203,0.562
1749,2026-01-02 05:09:00,307.8735116468001,0.33899999999999997
1750,2026-01-02 05:10:00,306.8219607153579,0.35200000000000004
1751,2026-01-02 05:11:00,307.7132720952953,0.331
1752,2026-01-02 05:12:00,307.1133017374333,0.203
1753,2026-01-02 05:13:00,308.45012384125397,0.486
1754,2026-01-02 05:14:00,308.0779022670617,0.31
1755,2026-01-02 05:15:00,307.4999302102807,0.557
1756,2026-01-02 05:16:00,308.1186892561971,0.518
1757,2026-01-02 05:17:00,308.259359279415,0.271
1758,2026-01-02 05:18:00,307.71295394516665,0.414
1759,2026-01-02 05:19:00,307.6525210637866,0.42
1760,2026-01-02 05:20:00,307.7542689827964,0.23199999999999998
1761,2026-01-02 05:21:00,307.47076127710176,0.31
1762,2026-01-02 05:22:00,306.80748287149316,0.45299999999999996
1763,2026-01-02 05:23:00,307.9806414913522,0.479
1764,2026-01-02 05:24:00,308.2099554709871,0.595
1765,2026-01-02 05:25:00,307.769994452973,0.373
1766,2026-01-02 05:26:00,307.6157868491738,0.48100000000000004
1767,2026-01-02 05:27:00,308.44613418503025,0.311
1768,2026-01-02 05:28:00,308.61755616040597,0.368
1769,2026-01-02 05:29:00,308.45600820781374,0.54
1770,2026-01-02 05:30:00,307.61952145208073,0.44
1771,2026-01-02 05:31:00,308.5261013641907,0.32299999999999995
1772,2026-01-02 05:32:00,308.3977258160454,0.28600000000000003
1773,2026-01-02 05:33:00,307.4834241203503,0.374
1774,2026-01-02 05:34:00,308.3194838333242,0.41
1775,2026-01-02 05:35:00,307.7904000962891,0.038
1776,2026-01-02 05:36:00,308.073385496544,0.382
1777,2026-01-02 05:37:00,309.017790977592,0.33
1778,2026-01-02 05:38:00,308.52039400174203,0.45899999999999996
1779,2026-01-02 05:39:00,307.5215596923471,0.473
1780,2026-01-02 05:40:00,308.72818040524487,0.6729999999999999
1781,2026-01-02 05:41:00,308.4839646909352,0.23600000000000002
1782,2026-01-02 05:42:00,307.2052680392122,0.408
1783,2026-01-02 05:43:00,308.0707212669215,0.48
1784,2026-01-02 05:44:00,307.7001967033874,0.282
1785,2026-01-02 05:45:00,308.1924634464725,0.435
1786,2026-01-02 05:46:00,308.4287263985618,0.38299999999999995
1787,2026-01-02 05:47:00,307.56837419739065,0.371
1788,2026-01-02 05:48:00,307.7343688584534,0.418
1789,2026-01-02 05:49:00,307.7001577646283,0.529
1790,2026-01-02 05:50:00,307.5824644578964,0.451
1791,2026-01-02 05:51:00,307.5467442267194,0.363
1792,2026-01-02 05:52:00,307.65238299101304,0.436
1793,2026-01-02 05:53:00,306.8552022111354,0.441
1794,2026-01-02 05:54:00,307.93163798950496,0.40299999999999997
1795,2026-01-02 05:55:00,307.60152899582573,0.48100000000000004
1796,2026-01-02 05:56:00,308.08381984159905,0.562
1797,2026-01-02 05:57:00,307.8934328084033,0.322
1798,2026-01-02 05:58:00,307.866755320277,0.289
1799,2026-01-02 05:59:00,307.0206702879118,0.128
1800,2026-01-02 06:00:00,307.8358302357097,0.27
1801,2026-01-02 06:01:00,308.06439392324927,0.5379999999999999
1802,2026-01-02 06:02:00,308.8212060119927,0.312
1803,2026-01-02 06:03:00,308.0418550689605,0.368
1804,2026-01-02 06:04:00,307.92298754991714,0.45
1805,2026-01-02 06:05:00,308.1650478024684,0.341
1806,2026-01-02 06:06:00,308.71962423489515,0.363
1807,2026-01-02 06:07:00,307.9885877466328,0.465
1808,2026-01-02 06:08:00,307.3460062140763,0.276
1809,2026-01-02 06:09:00,307.3387073784891,0.409
1810,2026-01-02 06:10:00,307.3235615535457,0.192
1811,2026-01-02 06:11:00,307.46383774983315,0.43700000000000006
1812,2026-01-02 06:12:00,307.4255665479397,0.433
1813,2026-01-02 06:13:00,307.99547866415094,0.39399999999999996
1814,2026-01-02 06:14:00,307.67344850776266,0.48700000000000004
1815,2026-01-02 06:15:00,306.5163418822037,0.574
1816,2026-01-02 06:16:00,308.3254851984607,0.278
1817,2026-01-02 06:17:00,307.9313506528446,0.401
1818,2026-01-02 06:18:00,308.04999578649966,0.478
1819,2026-01-02 06:19:00,307.2867115654774,0.563
1820,2026-01-02 06:20:00,307.78875397415635,0.23
1821,2026-01-02 06:21:00,307.3201379621358,0.24
1822,2026-01-02 06:22:00,307.6362106301294,0.54
1823,2026-01-02 06:23:00,308.1074400384424,0.517
1824,2026-01-02 06:24:00,307.7119380204213,0.61
1825,2026-01-02 06:25:00,307.09893226306474,0.381
1826,2026-01-02 06:26:00,306.9946754164005,0.358
1827,2026-01-02 06:27:00,306.74206185342126,0.358
1828,2026-01-02 06:28:00,307.0065446102122,0.43
1829,2026-01-02 06:29:00,306.883396623032,0.396
1830,2026-01-02 06:30:00,306.70167609742003,0.302
1831,2026-01-02 06:31:00,307.2308474007649,0.43700000000000006
1832,2026-01-02 06:32:00,307.9663618921297,0.37799999999999995
1833,2026-01-02 06:33:00,307.50001586907604,0.225
1834,2026-01-02 06:34:00,307.12777156775206,0.392
1835,2026-01-02 06:35:00,306.8770746799538,0.449
1836,2026-01-02 06:36:00,308.06125104358466,0.4
1837,2026-01-02 06:37:00,307.42796641151324,0.386
1838,2026-01-02 06:38:00,308.136800829402,0.507
1839,2026-01-02 06:39:00,307.5606658366741,0.441
1840,2026-01-02 06:40:00,307.1500263319964,0.327
1841,2026-01-02 06:41:00,306.8943602131193,0.528
1842,2026-01-02 06:42:00,307.18292300821065,0.49200000000000005
1843,2026-01-02 06:43:00,307.48222778069635,0.391
1844,2026-01-02 06:44:00,307.2838251851021,0.406
1845,2026-01-02 06:45:00,307.81421400120416,0.426
1846,2026-01-02 06:46:00,308.82605673893727,0.628
1847,2026-01-02 06:47:00,307.9609267801292,0.261
1848,2026-01-02 06:48:00,307.30224285556625,0.365
1849,2026-01-02 06:49:00,306.88286786062235,0.361
1850,2026-01-02 06:50:00,306.9415135846883,0.45799999999999996
1851,2026-01-02 06:51:00,307.47119488642915,0.303
1852,2026-01-02 06:52:00,307.5538993271892,0.303
1853,2026-01-02 06:53:00,307.8039728986949,0.444
1854,2026-01-02 06:54:00,307.5185569041142,0.395
1855,2026-01-02 06:55:00,307.72790875313524,0.376
1856,2026-01-02 06:56:00,306.7431342114972,0.34700000000000003
1857,2026-01-02 06:57:00,308.32102058854065,0.289
1858,2026-01-02 06:58:00,307.3834833159017,0.418
1859,2026-01-02 06:59:00,308.45501482524776,0.569
1860,2026-01-02 07:00:00,308.6143895497578,0.327
1861,2026-01-02 07:01:00,308.28597390162577,0.423
1862,2026-01-02 07:02:00,308.21637641442,0.215
1863,2026-01-02 07:03:00,309.07188593117365,0.584
1864,2026-01-02 07:04:00,307.2195221112039,0.578
1865,2026-01-02 07:05:00,306.95553162915087,0.327
1866,2026-01-02 07:06:00,307.20388202956707,0.501
1867,2026-01-02 07:07:00,307.35730052439925,0.62
1868,2026-01-02 07:08:00,307.40692459441624,0.33799999999999997
1869,2026-01-02 07:09:00,307.73654799226324,0.47700000000000004
1870,2026-01-02 07:10:00,307.5020499691496,0.33799999999999997
1871,2026-01-02 07:11:00,307.9120246827788,0.29100000000000004
1872,2026-01-02 07:12:00,307.9299455880457,0.45799999999999996
1873,2026-01-02 07:13:00,306.84827604576043,0.434
1874,2026-01-02 07:14:00,307.82383607378785,0.467
1875,2026-01-02 07:15:00,307.8808568968149,0.26
1876,2026-01-02 07:16:00,307.0608031539144,0.32799999999999996
1877,2026-01-02 07:17:00,307.881294678308,0.40700000000000003
1878,2026-01-02 07:18:00,307.26747717188806,0.324
1879,2026-01-02 07:19:00,307.4387466775796,0.243
1880,2026-01-02 07:20:00,306.8196300296219,0.402
1881,2026-01-02 07:21:00,307.7230974340934,0.408
1882,2026-01-02 07:22:00,306.8722142349836,0.29
1883,2026-01-02 07:23:00,307.47242974312354,0.436
1884,2026-01-02 07:24:00,307.1759215554478,0.299
1885,2026-01-02 07:25:00,307.26810666162186,0.233
1886,2026-01-02 07:26:00,307.4534382719083,0.5429999999999999
1887,2026-01-02 07:27:00,307.98659253102164,0.358
1888,2026-01-02 07:28:00,307.59259439170813,0.41200000000000003
1889,2026-01-02 07:29:00,306.74704471728376,0.541
1890,2026-01-02 07:30:00,307.3242190394008,0.4
1891,2026-01-02 07:31:00,307.97992038627865,0.36
1892,2026-01-02 07:32:00,308.1139188756479,0.401
1893,2026-01-02 07:33:00,306.9426538226454,0.29100000000000004
1894,2026-01-02 07:34:00,307.0297753098553,0.204
1895,2026-01-02 07:35:00,306.9421641200859,0.35600000000000004
1896,2026-01-02 07:36:00,308.4633187925789,0.29100000000000004
1897,2026-01-02 07:37:00,307.82579254667655,0.524
1898,2026-01-02 07:38:00,307.8934684848309,0.424
1899,2026-01-02 07:39:00,306.9833311578121,0.20199999999999999
1900,2026-01-02 07:40:00,307.1163768936718,0.456
1901,2026-01-02 07:41:00,308.0547119987273,0.368
1902,2026-01-02 07:42:00,308.73455325375284,0.5720000000000001
1903,2026-01-02 07:43:00,308.2287281272208,0.349
1904,2026-01-02 07:44:00,307.77270563777057,0.402
1905,2026-01-02 07:45:00,308.27061814724345,0.32299999999999995
1906,2026-01-02 07:46:00,307.5836884718858,0.387
1907,2026-01-02 07:47:00,307.34219422878016,0.508
1908,2026-01-02 07:48:00,307.4526634554104,0.473
1909,2026-01-02 07:49:00,308.3656802366558,0.4
1910,2026-01-02 07:50:00,307.95493486943616,0.3
1911,2026-01-02 07:51:00,308.38565480093513,0.175
1912,2026-01-02 07:52:00,307.5632233658488,0.32
1913,2026-01-02 07:53:00,308.08848743280646,0.266
1914,2026-01-02 07:54:00,307.8549628829426,0.341
1915,2026-01-02 07:55:00,307.6052963640457,0.507
1916,2026-01-02 07:56:00,307.777654706692,0.377
1917,2026-01-02 07:57:00,308.1024388132183,0.308
1918,2026-01-02 07:58:00,307.7611064258585,0.478
1919,2026-01-02 07:59:00,307.4237165962364,0.299
1920,2026-01-02 08:00:00,307.6990207516602,0.509
1921,2026-01-02 08:01:00,307.36048221155727,0.37
1922,2026-01-02 08:02:00,308.23765924700524,0.217
1923,2026-01-02 08:03:00,307.7186942757583,0.293
1924,2026-01-02 08:04:00,307.4792654166209,0.35100000000000003
1925,2026-01-02 08:05:00,307.42490725029626,0.33299999999999996
1926,2026-01-02 08:06:00,307.5088022290439,0.551
1927,2026-01-02 08:07:00,307.9016036997968,0.184
1928,2026-01-02 08:08:00,307.271418152709,0.424
1929,2026-01-02 08:09:00,307.155248685436,0.408
1930,2026-01-02 08:10:00,307.77919124134513,0.539
1931,2026-01-02 08:11:00,308.10195616874427,0.35600000000000004
1932,2026-01-02 08:12:00,307.14861725626486,0.5820000000000001
1933,2026-01-02 08:13:00,308.23494399500174,0.424
1934,2026-01-02 08:14:00,307.6013510578245,0.309
1935,2026-01-02 08:15:00,308.8290167145236,0.273
1936,2026-01-02 08:16:00,308.4886744970598,0.32799999999999996
1937,2026-01-02 08:17:00,308.39393015066923,0.349
1938,2026-01-02 08:18:00,307.9679027840912,0.499
1939,2026-01-02 08:19:00,307.9149113909713,0.45799999999999996
1940,2026-01-02 08:20:00,308.1399247601096,0.419
1941,2026-01-02 08:21:00,308.46928129580874,0.47600000000000003
1942,2026-01-02 08:22:00,307.93573271588036,0.22699999999999998
1943,2026-01-02 08:23:00,308.18487680045394,0.605
1944,2026-01-02 08:24:00,307.680155694012,0.349
1945,2026-01-02 08:25:00,308.6682576899839,0.469
1946,2026-01-02 08:26:00,307.7716410739997,0.552
1947,2026-01-02 08:27:00,307.2561633665854,0.46799999999999997
1948,2026-01-02 08:28:00,307.1925263628593,0.359
1949,2026-01-02 08:29:00,308.47572920733325,0.43200000000000005
1950,2026-01-02 08:30:00,307.8127052924486,0.494
1951,2026-01-02 08:31:00,308.14316673196333,0.514
1952,2026-01-02 08:32:00,307.23048984707555,0.512
1953,2026-01-02 08:33:00,307.52081076463486,0.486
1954,2026-01-02 08:34:00,308.43318861857296,0.433
1955,2026-01-02 08:35:00,307.7437742798562,0.469
1956,2026-01-02 08:36:00,308.32711608982515,0.331
1957,2026-01-02 08:37:00,306.61070327757574,0.405
1958,2026-01-02 08:38:00,308.378937083923,0.37799999999999995
1959,2026-01-02 08:39:00,307.6438794666897,0.508
1960,2026-01-02 08:40:00,306.86222463440663,0.313
1961,2026-01-02 08:41:00,307.1488032003705,0.67
1962,2026-01-02 08:42:00,307.26618224325864,0.527
1963,2026-01-02 08:43:00,307.65831983103027,0.307
1964,2026-01-02 08:44:00,307.7394705680607,0.253
1965,2026-01-02 08:45:00,307.43280173788503,0.48700000000000004
1966,2026-01-02 08:46:00,308.1688027709058,0.456
1967,2026-01-02 08:47:00,307.29424613872095,0.474
1968,2026-01-02 08:48:00,307.64966985984086,0.307
1969,2026-01-02 08:49:00,307.749404386373,0.436
1970,2026-01-02 08:50:00,307.09029931735057,0.45799999999999996
1971,2026-01-02 08:51:00,307.1812698220979,0.585
1972,2026-01-02 08:52:00,306.74978417941804,0.45
1973,2026-01-02 08:53:00,307.4756882107535,0.413
1974,2026-01-02 08:54:00,307.5594215067298,0.444
1975,2026-01-02 08:55:00,308.26897399433966,0.455
1976,2026-01-02 08:56:00,308.1751905652322,0.408
1977,2026-01-02 08:57:00,307.7839653363048,0.429
1978,2026-01-02 08:58:00,307.6169312929431,0.312
1979,2026-01-02 08:59:00,308.17466698926177,0.392
1980,2026-01-02 09:00:00,309.03412079084586,0.23399999999999999
1981,2026-01-02 09:01:00,307.24338131477924,0.48100000000000004
1982,2026-01-02 09:02:00,307.4953117615249,0.366
1983,2026-01-02 09:03:00,307.36660382791297,0.466
1984,2026-01-02 09:04:00,307.8598144382134,0.425
1985,2026-01-02 09:05:00,307.00664826074774,0.451
1986,2026-01-02 09:06:00,306.71771385205903,0.47100000000000003
1987,2026-01-02 09:07:00,307.7202288766249,0.382
1988,2026-01-02 09:08:00,307.6632743006957,0.413
1989,2026-01-02 09:09:00,308.1880584892596,0.308
1990,2026-01-02 09:10:00,308.0641733000037,0.37799999999999995
1991,2026-01-02 09:11:00,308.06999572346757,0.531
1992,2026-01-02 09:12:00,308.45419856842466,0.349
1993,2026-01-02 09:13:00,308.33482908670277,0.271
1994,2026-01-02 09:14:00,308.7105413283858,0.375
1995,2026-01-02 09:15:00,308.37492877838247,0.475
1996,2026-01-02 09:16:00,308.59781591223435,0.38
1997,2026-01-02 09:17:00,307.8252552951836,0.505
1998,2026-01-02 09:18:00,308.76589963945185,0.344
1999,2026-01-02 09:19:00,308.71087460764664,0.247
2000,2026-01-02 09:20:00,308.839675788421,0.287
2001,2026-01-02 09:21:00,309.05795842866246,0.605
2002,2026-01-02 09:22:00,309.02055075437914,0.302
2003,2026-01-02 09:23:00,309.713377747263,0.46399999999999997
2004,2026-01-02 09:24:00,309.32198622733466,0.429
2005,2026-01-02 09:25:00,308.3029118916953,0.597
2006,2026-01-02 09:26:00,308.8263429713504,0.6629999999999999
2007,2026-01-02 09:27:00,307.7014965171543,0.44
2008,2026-01-02 09:28:00,308.2153787168795,0.425
2009,2026-01-02 09:29:00,308.9128276959331,0.46399999999999997
2010,2026-01-02 09:30:00,309.34223787776466,0.27
2011,2026-01-02 09:31:00,307.87855734483793,0.33299999999999996
2012,2026-01-02 09:32:00,308.3579909474706,0.42200000000000004
2013,2026-01-02 09:33:00,308.57547433782383,0.469
2014,2026-01-02 09:34:00,307.903396049311,0.542
2015,2026-01-02 09:35:00,307.59246184693563,0.247
2016,2026-01-02 09:36:00,308.54946413052613,0.39899999999999997
2017,2026-01-02 09:37:00,307.8397399152876,0.529
2018,2026-01-02 09:38:00,307.41203462988256,0.258
2019,2026-01-02 09:39:00,307.86048485657545,0.466
2020,2026-01-02 09:40:00,308.1337149195926,0.35200000000000004
2021,2026-01-02 09:41:00,307.89917107784277,0.495
2022,2026-01-02 09:42:00,308.5400186286661,0.628
2023,2026-01-02 09:43:00,308.9961819818594,0.42200000000000004
2024,2026-01-02 09:44:00,309.4645089805043,0.47600000000000003
2025,2026-01-02 09:45:00,309.5538166586159,0.474
2026,2026-01-02 09:46:00,309.10294890308404,0.342
2027,2026-01-02 09:47:00,309.973623681748,0.228
2028,2026-01-02 09:48:00,308.47517672583353,0.19899999999999998
2029,2026-01-02 09:49:00,309.07280947889126,0.552
2030,2026-01-02 09:50:00,309.24909907815066,0.396
2031,2026-01-02 09:51:00,307.85266913485367,0.29600000000000004
2032,2026-01-02 09:52:00,308.22099416896236,0.272
2033,2026-01-02 09:53:00,308.5505493728936,0.524
2034,2026-01-02 09:54:00,308.202493128615,0.303
2035,2026-01-02 09:55:00,309.92998294127955,0.41100000000000003
2036,2026-01-02 09:56:00,309.1250600073968,0.313
2037,2026-01-02 09:57:00,308.9118870789289,0.455
2038,2026-01-02 09:58:00,309.0293920281989,0.242
2039,2026-01-02 09:59:00,309.01107664766363,0.415
2040,2026-01-02 10:00:00,309.52723689960874,0.379
2041,2026-01-02 10:01:00,308.6450324211871,0.292
2042,2026-01-02 10:02:00,309.7719260629192,0.444
2043,2026-01-02 10:03:00,309.8764944332577,0.40399999999999997
2044,2026-01-02 10:04:00,309.6906053803551,0.61
2045,2026-01-02 10:05:00,309.1009774700998,0.298
2046,2026-01-02 10:06:00,309.1455136049979,0.32899999999999996
2047,2026-01-02 10:07:00,309.502247617478,0.541
2048,2026-01-02 10:08:00,310.38811147704007,0.423
2049,2026-01-02 10:09:00,308.7354218260938,0.24
2050,2026-01-02 10:10:00,309.3560063784038,0.444
2051,2026-01-02 10:11:00,309.29275466233,0.27699999999999997
2052,2026-01-02 10:12:00,309.7276855075055,0.507
2053,2026-01-02 10:13:00,311.3717546850309,0.42700000000000005
2054,2026-01-02 10:14:00,308.90469765154455,0.534
2055,2026-01-02 10:15:00,308.0189545237628,0.414
2056,2026-01-02 10:16:00,308.28625179446897,0.451
2057,2026-01-02 10:17:00,310.87174401176975,0.36200000000000004
2058,2026-01-02 10:18:00,309.9955438624981,0.368
2059,2026-01-02 10:19:00,309.22827407341526,0.391
2060,2026-01-02 10:20:00,309.21714002450295,0.41
2061,2026-01-02 10:21:00,309.55264504784054,0.49700000000000005
2062,2026-01-02 10:22:00,308.97940902075237,0.6
2063,2026-01-02 10:23:00,308.55208483398985,0.355
2064,2026-01-02 10:24:00,309.5517557365985,0.311
2065,2026-01-02 10:25:00,310.1382553685901,0.315
2066,2026-01-02 10:26:00,309.05750920309276,0.588
2067,2026-01-02 10:27:00,310.1107003173842,0.36
2068,2026-01-02 10:28:00,309.5704091565664,0.312
2069,2026-01-02 10:29:00,308.8771949079757,0.284
2070,2026-01-02 10:30:00,309.45794731366396,0.379
2071,2026-01-02 10:31:00,309.4843832340537,0.154
2072,2026-01-02 10:32:00,308.87150076565354,0.47100000000000003
2073,2026-01-02 10:33:00,308.761365877257,0.361
2074,2026-01-02 10:34:00,309.0291460748707,0.282
2075,2026-01-02 10:35:00,309.4983247889994,0.462
2076,2026-01-02 10:36:00,309.2577356336667,0.467
2077,2026-01-02 10:37:00,308.87767921214737,0.49700000000000005
2078,2026-01-02 10:38:00,309.94500088312566,0.366
2079,2026-01-02 10:39:00,309.16366294494514,0.46399999999999997
2080,2026-01-02 10:40:00,309.2259965203839,0.225
2081,2026-01-02 10:41:00,308.60915967759547,0.473
2082,2026-01-02 10:42:00,308.44641038488567,0.42100000000000004
2083,2026-01-02 10:43:00,309.0130099675123,0.48200000000000004
2084,2026-01-02 10:44:00,309.5332875563523,0.39
2085,2026-01-02 10:45:00,308.54461635630753,0.436
2086,2026-01-02 10:46:00,309.41940388712527,0.415
2087,2026-01-02 10:47:00,309.2453191361046,0.562
2088,2026-01-02 10:48:00,309.11879121553613,0.475
2089,2026-01-02 10:49:00,310.3211325611661,0.59
2090,2026-01-02 10:50:00,308.8837084390439,0.318
2091,2026-01-02 10:51:00,310.2168415140768,0.46
2092,2026-01-02 10:52:00,309.2026752789875,0.37799999999999995
2093,2026-01-02 10:53:00,309.5609045358244,0.62
2094,2026-01-02 10:54:00,308.87055651934037,0.467
2095,2026-01-02 10:55:00,308.1059362565558,0.353
2096,2026-01-02 10:56:00,309.94281677768146,0.44
2097,2026-01-02 10:57:00,309.1138404132038,0.28600000000000003
2098,2026-01-02 10:58:00,308.9126387767781,0.473
2099,2026-01-02 10:59:00,308.9507465129498,0.517
2100,2026-01-02 11:00:00,309.3112273398383,0.434
2101,2026-01-02 11:01:00,308.23539885329444,0.35
2102,2026-01-02 11:02:00,309.64439533877754,0.479
2103,2026-01-02 11:03:00,309.15377857890337,0.226
2104,2026-01-02 11:04:00,308.19325899640097,0.225
2105,2026-01-02 11:05:00,310.00996119217587,0.441
2106,2026-01-02 11:06:00,309.40040650181885,0.473
2107,2026-01-02 11:07:00,308.57123982413117,0.449
2108,2026-01-02 11:08:00,309.0333646385344,0.293
2109,2026-01-02 11:09:00,309.042288058596,0.43
2110,2026-01-02 11:10:00,308.5912469119989,0.247
2111,2026-01-02 11:11:00,309.37157360992654,0.213
2112,2026-01-02 11:12:00,309.42643331767607,0.374
2113,2026-01-02 11:13:00,308.3781747891738,0.389
2114,2026-01-02 11:14:00,309.5578016899618,0.384
2115,2026-01-02 11:15:00,308.144420458384,0.391
2116,2026-01-02 11:16:00,309.04614497252834,0.6940000000000001
2117,2026-01-02 11:17:00,308.5591918077379,0.465
2118,2026-01-02 11:18:00,308.9528031775302,0.406
2119,2026-01-02 11:19:00,309.15151758295514,0.243
2120,2026-01-02 11:20:00,308.8217438706484,0.337
2121,2026-01-02 11:21:00,309.26720971957445,0.5820000000000001
2122,2026-01-02 11:22:00,309.20971001981144,0.45399999999999996
2123,2026-01-02 11:23:00,308.39157617544214,0.284
2124,2026-01-02 11:24:00,309.11347310942847,0.297
2125,2026-01-02 11:25:00,309.1416292411228,0.46299999999999997
2126,2026-01-02 11:26:00,309.20224012026074,0.478
2127,2026-01-02 11:27:00,308.4667694535192,0.415
2128,2026-01-02 11:28:00,308.22717113167175,0.311
2129,2026-01-02 11:29:00,308.52147272483177,0.306
2130,2026-01-02 11:30:00,309.62778343566885,0.47600000000000003
2131,2026-01-02 11:31:00,308.5595774557329,0.466
2132,2026-01-02 11:32:00,309.04513605082775,0.349
2133,2026-01-02 11:33:00,309.0669733072733,0.603
2134,2026-01-02 11:34:00,308.94855313839116,0.49
2135,2026-01-02 11:35:00,308.9254303186419,0.405
2136,2026-01-02 11:36:00,309.0680046785177,0.45799999999999996
2137,2026-01-02 11:37:00,308.9040410859445,0.32899999999999996
2138,2026-01-02 11:38:00,309.4959362885663,0.337
2139,2026-01-02 11:39:00,309.0692127999574,0.341
2140,2026-01-02 11:40:00,309.5311383707079,0.322
2141,2026-01-02 11:41:00,309.46268124665613,0.355
2142,2026-01-02 11:42:00,308.0261477902336,0.515
2143,2026-01-02 11:43:00,309.03101997245716,0.284
2144,2026-01-02 11:44:00,308.71228716007556,0.45399999999999996
2145,2026-01-02 11:45:00,308.6026601061002,0.248
2146,2026-01-02 11:46:00,308.3858793851529,0.47700000000000004
2147,2026-01-02 11:47:00,308.5077263160328,0.415
2148,2026-01-02 11:48:00,309.1078734385178,0.198
2149,2026-01-02 11:49:00,308.4630014760049,0.49700000000000005
2150,2026-01-02 11:50:00,308.85027159428193,0.313
2151,2026-01-02 11:51:00,308.7554268118295,0.41
2152,2026-01-02 11:52:00,309.4506502365065,0.405
2153,2026-01-02 11:53:00,308.7575733090716,0.42100000000000004
2154,2026-01-02 11:54:00,308.8749780956863,0.39799999999999996
2155,2026-01-02 11:55:00,309.4130877173353,0.36700000000000005
2156,2026-01-02 11:56:00,308.64685008030403,0.478
2157,2026-01-02 11:57:00,309.6248060711242,0.23399999999999999
2158,2026-01-02 11:58:00,309.0504180277231,0.413
2159,2026-01-02 11:59:00,309.7501387845507,0.495
2160,2026-01-02 12:00:00,308.7955572296816,0.49200000000000005
2161,2026-01-02 12:01:00,308.81737803112196,0.433
2162,2026-01-02 12:02:00,309.16459030875575,0.446
2163,2026-01-02 12:03:00,310.16023599584315,0.23
2164,2026-01-02 12:04:00,309.64991538341417,0.41600000000000004
2165,2026-01-02 12:05:00,308.7304696691107,0.33399999999999996
2166,2026-01-02 12:06:00,308.65102881719366,0.359
2167,2026-01-02 12:07:00,309.66833055989275,0.483
2168,2026-01-02 12:08:00,308.0600363062714,0.47700000000000004
2169,2026-01-02 12:09:00,309.6516782199677,0.373
2170,2026-01-02 12:10:00,307.9710923460418,0.33299999999999996
2171,2026-01-02 12:11:00,309.61623177732446,0.363
2172,2026-01-02 12:12:00,309.44890754918043,0.44299999999999995
2173,2026-01-02 12:13:00,309.65125789381506,0.618
2174,2026-01-02 12:14:00,308.94300316509725,0.39799999999999996
2175,2026-01-02 12:15:00,309.6107312123283,0.434
2176,2026-01-02 12:16:00,309.58227149789195,0.324
2177,2026-01-02 12:17:00,309.23287774651317,0.429
2178,2026-01-02 12:18:00,309.5808845297445,0.474
2179,2026-01-02 12:19:00,308.84932854352695,0.441
2180,2026-01-02 12:20:00,309.7062414534428,0.41600000000000004
2181,2026-01-02 12:21:00,309.11301265752576,0.44299999999999995
2182,2026-01-02 12:22:00,309.1894895723773,0.336
2183,2026-01-02 12:23:00,308.81662229620395,0.488
2184,2026-01-02 12:24:00,308.6321223011315,0.429
2185,2026-01-02 12:25:00,309.44153487375615,0.353
2186,2026-01-02 12:26:00,308.6286536281348,0.308
2187,2026-01-02 12:27:00,308.42641627343704,0.354
2188,2026-01-02 12:28:00,309.085821613449,0.49200000000000005
2189,2026-01-02 12:29:00,309.82153131600086,0.41
2190,2026-01-02 12:30:00,309.64388425268834,0.58
2191,2026-01-02 12:31:00,308.85793354391393,0.35600000000000004
2192,2026-01-02 12:32:00,308.5176695781859,0.361
2193,2026-01-02 12:33:00,310.05172958964926,0.35700000000000004
2194,2026-01-02 12:34:00,308.8136687634379,0.308
2195,2026-01-02 12:35:00,309.84438358329436,0.461
2196,2026-01-02 12:36:00,309.20018063361687,0.34600000000000003
2197,2026-01-02 12:37:00,309.4069250043559,0.52
2198,2026-01-02 12:38:00,310.131554943231,0.375
2199,2026-01-02 12:39:00,309.4703206315665,0.426
2200,2026-01-02 12:40:00,308.78468028449,0.494
2201,2026-01-02 12:41:00,309.23317572596847,0.541
2202,2026-01-02 12:42:00,309.2274867776797,0.64
2203,2026-01-02 12:43:00,309.42880296856583,0.4
2204,2026-01-02 12:44:00,308.1761567376346,0.39399999999999996
2205,2026-01-02 12:45:00,309.3925406552227,0.44799999999999995
2206,2026-01-02 12:46:00,309.28290821925566,0.496
2207,2026-01-02 12:47:00,309.41384164278253,0.308
2208,2026-01-02 12:48:00,309.3354302429452,0.5529999999999999
2209,2026-01-02 12:49:00,309.54273739717644,0.335
2210,2026-01-02 12:50:00,309.17274882340735,0.484
2211,2026-01-02 12:51:00,309.1007437605701,0.261
2212,2026-01-02 12:52:00,308.35360622884355,0.604
2213,2026-01-02 12:53:00,308.33428757527355,0.33
2214,2026-01-02 12:54:00,308.1317860066508,0.485
2215,2026-01-02 12:55:00,308.82055272084466,0.319
2216,2026-01-02 12:56:00,309.08922102751626,0.49
2217,2026-01-02 12:57:00,308.49095185028773,0.278
2218,2026-01-02 12:58:00,309.18027266967863,0.204
2219,2026-01-02 12:59:00,309.21228282468235,0.418
2220,2026-01-02 13:00:00,309.3823681370113,0.308
2221,2026-01-02 13:01:00,308.88124708154237,0.457
2222,2026-01-02 13:02:00,308.2807562177988,0.564
2223,2026-01-02 13:03:00,308.4546063879744,0.305
2224,2026-01-02 13:04:00,308.5424358228176,0.13
2225,2026-01-02 13:05:00,309.3034070455518,0.405
2226,2026-01-02 13:06:00,308.69195777943696,0.42700000000000005
2227,2026-01-02 13:07:00,308.98870121256664,0.431
2228,2026-01-02 13:08:00,308.3051759791493,0.506
2229,2026-01-02 13:09:00,307.4683144122857,0.496
2230,2026-01-02 13:10:00,308.1625178631596,0.5
2231,2026-01-02 13:11:00,310.0527407943672,0.447
2232,2026-01-02 13:12:00,308.56921645099555,0.289
2233,2026-01-02 13:13:00,309.01527937002703,0.29
2234,2026-01-02 13:14:00,308.5620118537452,0.35
2235,2026-01-02 13:15:00,308.7494179777381,0.375
2236,2026-01-02 13:16:00,309.2598993574051,0.423
2237,2026-01-02 13:17:00,307.93142586330504,0.474
2238,2026-01-02 13:18:00,308.18080898973915,0.485
2239,2026-01-02 13:19:00,308.34747026074194,0.606
2240,2026-01-02 13:20:00,308.21902219002556,0.465
2241,2026-01-02 13:21:00,308.6809106401984,0.48700000000000004
2242,2026-01-02 13:22:00,308.43576354937164,0.434
2243,2026-01-02 13:23:00,309.3660814059543,0.428
2244,2026-01-02 13:24:00,308.209424869269,0.541
2245,2026-01-02 13:25:00,308.5892266497329,0.469
2246,2026-01-02 13:26:00,308.5582522632873,0.337
2247,2026-01-02 13:27:00,307.96908377533094,0.381
2248,2026-01-02 13:28:00,307.9722213595938,0.252
2249,2026-01-02 13:29:00,308.10289362680146,0.603
2250,2026-01-02 13:30:00,308.5123331905742,0.523
2251,2026-01-02 13:31:00,307.68924886271685,0.365
2252,2026-01-02 13:32:00,307.7909411690466,0.452
2253,2026-01-02 13:33:00,308.4880671836412,0.424
2254,2026-01-02 13:34:00,308.0647975115233,0.43
2255,2026-01-02 13:35:00,308.8568194919193,0.435
2256,2026-01-02 13:36:00,308.748072624412,0.512
2257,2026-01-02 13:37:00,308.72643626570886,0.606
2258,2026-01-02 13:38:00,309.5287495096571,0.524
2259,2026-01-02 13:39:00,307.98850160094895,0.466
2260,2026-01-02 13:40:00,308.0852893307388,0.48200000000000004
2261,2026-01-02 13:41:00,308.77152518689604,0.48100000000000004
2262,2026-01-02 13:42:00,308.81726755418066,0.261
2263,2026-01-02 13:43:00,308.5309693270416,0.521
2264,2026-01-02 13:44:00,309.3885786589429,0.327
2265,2026-01-02 13:45:00,309.1963142912313,0.337
2266,2026-01-02 13:46:00,307.6914520430344,0.37
2267,2026-01-02 13:47:00,308.5619558073812,0.542
2268,2026-01-02 13:48:00,308.6001653580387,0.444
2269,2026-01-02 13:49:00,308.9806929191813,0.35600000000000004
2270,2026-01-02 13:50:00,308.99409203653977,0.39
2271,2026-01-02 13:51:00,308.52435503347147,0.57
2272,2026-01-02 13:52:00,308.31931546585906,0.389
2273,2026-01-02 13:53:00,309.69304861984324,0.47600000000000003
2274,2026-01-02 13:54:00,308.35469402276635,0.511
2275,2026-01-02 13:55:00,308.75845783633173,0.534
2276,2026-01-02 13:56:00,308.0860395429001,0.5670000000000001
2277,2026-01-02 13:57:00,309.3409635932023,0.605
2278,2026-01-02 13:58:00,307.9811763824512,0.268
2279,2026-01-02 13:59:00,308.8979973547149,0.391
2280,2026-01-02 14:00:00,308.81678082565156,0.37799999999999995
2281,2026-01-02 14:01:00,308.89571524083084,0.519
2282,2026-01-02 14:02:00,309.00890158955514,0.209
2283,2026-01-02 14:03:00,308.81503044170137,0.532
2284,2026-01-02 14:04:00,309.00382384409625,0.38299999999999995
2285,2026-01-02 14:05:00,308.35007151359,0.326
2286,2026-01-02 14:06:00,308.5120493358643,0.37200000000000005
2287,2026-01-02 14:07:00,308.8873205861899,0.42700000000000005
2288,2026-01-02 14:08:00,308.48264656343366,0.26
2289,2026-01-02 14:09:00,308.89523841231596,0.376
2290,2026-01-02 14:10:00,308.09176235833934,0.629
2291,2026-01-02 14:11:00,307.74965781819446,0.505
2292,2026-01-02 14:12:00,307.3340156100379,0.35700000000000004
2293,2026-01-02 14:13:00,308.50070738162117,0.39799999999999996
2294,2026-01-02 14:14:00,309.66315802340034,0.536
2295,2026-01-02 14:15:00,308.3628164941597,0.39799999999999996
2296,2026-01-02 14:16:00,307.9532122744946,0.475
2297,2026-01-02 14:17:00,309.192583352171,0.578
2298,2026-01-02 14:18:00,308.98308894893125,0.335
2299,2026-01-02 14:19:00,307.8502963195692,0.555
2300,2026-01-02 14:20:00,308.8235711054467,0.314
2301,2026-01-02 14:21:00,308.3276811462173,0.475
2302,2026-01-02 14:22:00,308.66949517700994,0.385
2303,2026-01-02 14:23:00,309.23811425886447,0.36200000000000004
2304,2026-01-02 14:24:00,308.95498097879175,0.266
2305,2026-01-02 14:25:00,308.91197730189475,0.47200000000000003
2306,2026-01-02 14:26:00,308.9024313840723,0.379
2307,2026-01-02 14:27:00,309.7125926415712,0.392
2308,2026-01-02 14:28:00,308.69286362498354,0.311
2309,2026-01-02 14:29:00,308.75755462288726,0.514
2310,2026-01-02 14:30:00,308.7082410386789,0.335
2311,2026-01-02 14:31:00,308.8355148245329,0.391
2312,2026-01-02 14:32:00,309.3012845025809,0.525
2313,2026-01-02 14:33:00,308.43134513201096,0.419
2314,2026-01-02 14:34:00,309.0892575387618,0.47
2315,2026-01-02 14:35:00,308.6464080418414,0.299
2316,2026-01-02 14:36:00,308.167519973648,0.33899999999999997
2317,2026-01-02 14:37:00,308.38343247499864,0.526
2318,2026-01-02 14:38:00,309.6853316101728,0.503
2319,2026-01-02 14:39:00,309.20303528311774,0.363
2320,2026-01-02 14:40:00,308.33416787342344,0.405
2321,2026-01-02 14:41:00,308.82728249174215,0.493
2322,2026-01-02 14:42:00,309.1333170758534,0.536
2323,2026-01-02 14:43:00,309.81843005439305,0.504
2324,2026-01-02 14:44:00,309.0571680355886,0.452
2325,2026-01-02 14:45:00,307.93621620935676,0.435
2326,2026-01-02 14:46:00,308.86988318454,0.39399999999999996
2327,2026-01-02 14:47:00,309.64170112572486,0.46799999999999997
2328,2026-01-02 14:48:00,308.94734868901037,0.239
2329,2026-01-02 14:49:00,308.70345636224647,0.28
2330,2026-01-02 14:50:00,308.37384165047524,0.413
2331,2026-01-02 14:51:00,307.3746724330079,0.40700000000000003
2332,2026-01-02 14:52:00,308.6883829491242,0.46399999999999997
2333,2026-01-02 14:53:00,308.6987071615398,0.282
2334,2026-01-02 14:54:00,308.6600974187654,0.614
2335,2026-01-02 14:55:00,309.09764943992695,0.264
2336,2026-01-02 14:56:00,307.9182439212814,0.387
2337,2026-01-02 14:57:00,308.4665348319477,0.47700000000000004
2338,2026-01-02 14:58:00,308.5317418146708,0.43
2339,2026-01-02 14:59:00,308.75614282586247,0.418
2340,2026-01-02 15:00:00,308.8215197814123,0.42200000000000004
2341,2026-01-02 15:01:00,309.14585862650347,0.264
2342,2026-01-02 15:02:00,308.75040463588846,0.484
2343,2026-01-02 15:03:00,307.22676176967786,0.45399999999999996
2344,2026-01-02 15:04:00,306.8358768180473,0.228
2345,2026-01-02 15:05:00,309.02649357809844,0.377
2346,2026-01-02 15:06:00,308.0290504894383,0.606
2347,2026-01-02 15:07:00,308.25118966256116,0.395
2348,2026-01-02 15:08:00,309.36482141480684,0.261
2349,2026-01-02 15:09:00,307.7478646801179,0.425
2350,2026-01-02 15:10:00,308.04633664529894,0.385
2351,2026-01-02 15:11:00,308.17682000997195,0.532
2352,2026-01-02 15:12:00,309.1858205840553,0.354
2353,2026-01-02 15:13:00,308.8748427674897,0.414
2354,2026-01-02 15:14:00,309.49922238496504,0.45399999999999996
2355,2026-01-02 15:15:00,308.5898259442379,0.49700000000000005
2356,2026-01-02 15:16:00,307.795288424902,0.22899999999999998
2357,2026-01-02 15:17:00,309.0471927403315,0.447
2358,2026-01-02 15:18:00,308.101411500723,0.39399999999999996
2359,2026-01-02 15:19:00,309.1088290471902,0.42200000000000004
2360,2026-01-02 15:20:00,309.0076239634618,0.22699999999999998
2361,2026-01-02 15:21:00,308.66164637466517,0.341
2362,2026-01-02 15:22:00,308.7552499444704,0.44799999999999995
2363,2026-01-02 15:23:00,308.7613568561637,0.494
2364,2026-01-02 15:24:00,308.161730048844,0.513
2365,2026-01-02 15:25:00,308.60539586326524,0.38
2366,2026-01-02 15:26:00,307.9642289446041,0.327
2367,2026-01-02 15:27:00,308.75921379360307,0.518
2368,2026-01-02 15:28:00,307.91284928261035,0.455
2369,2026-01-02 15:29:00,307.6348780862486,0.561
2370,2026-01-02 15:30:00,307.83734475219103,0.461
2371,2026-01-02 15:31:00,308.05407398073953,0.609
2372,2026-01-02 15:32:00,307.5593307618667,0.349
2373,2026-01-02 15:33:00,308.8283483875673,0.314
2374,2026-01-02 15:34:00,308.81390456963214,0.33299999999999996
2375,2026-01-02 15:35:00,308.2132039224734,0.38
2376,2026-01-02 15:36:00,309.2463384540424,0.341
2377,2026-01-02 15:37:00,308.51156648542946,0.379
2378,2026-01-02 15:38:00,308.7365815757169,0.47200000000000003
2379,2026-01-02 15:39:00,309.343325912923,0.373
2380,2026-01-02 15:40:00,308.3090772751867,0.27
2381,2026-01-02 15:41:00,308.0996432470567,0.41200000000000003
2382,2026-01-02 15:42:00,307.80964006503154,0.326
2383,2026-01-02 15:43:00,308.9404988402316,0.5
2384,2026-01-02 15:44:00,308.20206588961963,0.41600000000000004
2385,2026-01-02 15:45:00,307.93939901787934,0.40299999999999997
2386,2026-01-02 15:46:00,308.63936592747814,0.289
2387,2026-01-02 15:47:00,309.7569070260983,0.342
2388,2026-01-02 15:48:00,308.95810748208373,0.38799999999999996
2389,2026-01-02 15:49:00,309.71511603633843,0.43200000000000005
2390,2026-01-02 15:50:00,307.91407142603344,0.358
2391,2026-01-02 15:51:00,308.82979543844294,0.55
2392,2026-01-02 15:52:00,308.53090840095666,0.47600000000000003
2393,2026-01-02 15:53:00,309.13638579449844,0.51
2394,2026-01-02 15:54:00,308.06849945361887,0.514
2395,2026-01-02 15:55:00,308.60512573574823,0.203
2396,2026-01-02 15:56:00,308.09937923387764,0.389
2397,2026-01-02 15:57:00,307.9416428462575,0.41600000000000004
2398,2026-01-02 15:58:00,309.09295473829087,0.451
2399,2026-01-02 15:59:00,308.6471413909182,0.526
2400,2026-01-02 16:00:00,309.03321014448954,0.46799999999999997
2401,2026-01-02 16:01:00,307.8686118162193,0.321
2402,2026-01-02 16:02:00,309.52444580797464,0.381
2403,2026-01-02 16:03:00,310.0208112085543,0.467
2404,2026-01-02 16:04:00,308.46594259302964,0.23
2405,2026-01-02 16:05:00,308.7946771669782,0.434
2406,2026-01-02 16:06:00,308.8432789988293,0.35600000000000004
2407,2026-01-02 16:07:00,307.9613183987823,0.386
2408,2026-01-02 16:08:00,308.5960087319884,0.366
2409,2026-01-02 16:09:00,307.53145840155685,0.344
2410,2026-01-02 16:10:00,308.3018027003999,0.49200000000000005
2411,2026-01-02 16:11:00,307.96120007616145,0.447
2412,2026-01-02 16:12:00,308.67795593532855,0.15
2413,2026-01-02 16:13:00,307.95775675546844,0.534
2414,2026-01-02 16:14:00,308.4912384841549,0.2
2415,2026-01-02 16:15:00,308.11618720221276,0.23800000000000002
2416,2026-01-02 16:16:00,308.39792722145245,0.535
2417,2026-01-02 16:17:00,307.5977307026087,0.636
2418,2026-01-02 16:18:00,307.48762075665206,0.23800000000000002
2419,2026-01-02 16:19:00,308.87479037185335,0.47200000000000003
2420,2026-01-02 16:20:00,308.13170755088345,0.489
2421,2026-01-02 16:21:00,308.56478869040234,0.478
2422,2026-01-02 16:22:00,308.1867381792654,0.513
2423,2026-01-02 16:23:00,307.3476350757601,0.435
2424,2026-01-02 16:24:00,308.20803904294525,0.44
2425,2026-01-02 16:25:00,308.59515198008813,0.42700000000000005
2426,2026-01-02 16:26:00,308.45891543162566,0.304
2427,2026-01-02 16:27:00,307.41988582448437,0.304
2428,2026-01-02 16:28:00,307.2375706592118,0.401
2429,2026-01-02 16:29:00,308.424827563401,0.536
2430,2026-01-02 16:30:00,309.1938429518926,0.316
2431,2026-01-02 16:31:00,309.08032824920406,0.479
2432,2026-01-02 16:32:00,308.39920650399995,0.31
2433,2026-01-02 16:33:00,308.6178569056349,0.517
2434,2026-01-02 16:34:00,308.15395967592184,0.35
2435,2026-01-02 16:35:00,309.21426954418064,0.682
2436,2026-01-02 16:36:00,307.4858680910821,0.551
2437,2026-01-02 16:37:00,307.29818709020225,0.489
2438,2026-01-02 16:38:00,309.20846049520037,0.48700000000000004
2439,2026-01-02 16:39:00,309.45715381845685,0.425
2440,2026-01-02 16:40:00,309.1544289804927,0.252
2441,2026-01-02 16:41:00,308.9889456227031,0.37799999999999995
2442,2026-01-02 16:42:00,308.2846606661055,0.305
2443,2026-01-02 16:43:00,307.66613533309186,0.146
2444,2026-01-02 16:44:00,308.06126573657036,0.308
2445,2026-01-02 16:45:00,308.0998657836356,0.317
2446,2026-01-02 16:46:00,308.938918755531,0.223
2447,2026-01-02 16:47:00,308.40161470113196,0.366
2448,2026-01-02 16:48:00,309.3777656521492,0.322
2449,2026-01-02 16:49:00,308.32234404098364,0.45899999999999996
2450,2026-01-02 16:50:00,308.531474037939,0.542
2451,2026-01-02 16:51:00,309.1012159885006,0.46399999999999997
2452,2026-01-02 16:52:00,308.3938264906488,0.39799999999999996
2453,2026-01-02 16:53:00,308.3566676282956,0.345
2454,2026-01-02 16:54:00,307.9955697252707,0.391
2455,2026-01-02 16:55:00,308.4215212686754,0.429
2456,2026-01-02 16:56:00,309.14241908833344,0.40700000000000003
2457,2026-01-02 16:57:00,308.8820292423893,0.377
2458,2026-01-02 16:58:00,307.9333797792454,0.335
2459,2026-01-02 16:59:00,308.5738754036329,0.40399999999999997
2460,2026-01-02 17:00:00,309.1524683382464,0.375
2461,2026-01-02 17:01:00,307.732611172852,0.447
2462,2026-01-02 17:02:00,308.0763394247072,0.511
2463,2026-01-02 17:03:00,309.1170913740403,0.551
2464,2026-01-02 17:04:00,307.6779584457521,0.376
2465,2026-01-02 17:05:00,307.97843735285426,0.406
2466,2026-01-02 17:06:00,308.9132158565473,0.431
2467,2026-01-02 17:07:00,307.2726161847235,0.424
2468,2026-01-02 17:08:00,308.912204552524,0.573
2469,2026-01-02 17:09:00,308.09762481522466,0.5
2470,2026-01-02 17:10:00,308.74320949059603,0.34700000000000003
2471,2026-01-02 17:11:00,308.0034028719489,0.324
2472,2026-01-02 17:12:00,308.71008618003816,0.478
2473,2026-01-02 17:13:00,308.3744464055958,0.418
2474,2026-01-02 17:14:00,308.964902045589,0.498
2475,2026-01-02 17:15:00,308.44148144631924,0.377
2476,2026-01-02 17:16:00,307.9730920723605,0.355
2477,2026-01-02 17:17:00,309.23546053927305,0.284
2478,2026-01-02 17:18:00,308.0898394466175,0.31
2479,2026-01-02 17:19:00,309.45050651472536,0.507
2480,2026-01-02 17:20:00,308.8489000042676,0.41600000000000004
2481,2026-01-02 17:21:00,308.87092989911037,0.466
2482,2026-01-02 17:22:00,309.4735654640565,0.434
2483,2026-01-02 17:23:00,308.311606345109,0.585
2484,2026-01-02 17:24:00,308.33432109857375,0.457
2485,2026-01-02 17:25:00,309.1387471324788,0.536
2486,2026-01-02 17:26:00,308.6359909954489,0.41
2487,2026-01-02 17:27:00,308.75595998741426,0.374
2488,2026-01-02 17:28:00,309.04422273734775,0.423
2489,2026-01-02 17:29:00,308.03634783055935,0.47200000000000003
2490,2026-01-02 17:30:00,309.0938635969817,0.484
2491,2026-01-02 17:31:00,309.93002390628646,0.32299999999999995
2492,2026-01-02 17:32:00,308.2685043222156,0.42700000000000005
2493,2026-01-02 17:33:00,308.33061648628654,0.489
2494,2026-01-02 17:34:00,309.0496060820781,0.47200000000000003
2495,2026-01-02 17:35:00,308.6461711905251,0.456
2496,2026-01-02 17:36:00,309.2088655326966,0.48700000000000004
2497,2026-01-02 17:37:00,308.81185980846317,0.34700000000000003
2498,2026-01-02 17:38:00,309.4844922172244,0.47100000000000003
2499,2026-01-02 17:39:00,308.27510174358474,0.306
2500,2026-01-02 17:40:00,308.2392592816017,0.359
2501,2026-01-02 17:41:00,309.34419070469255,0.5379999999999999
2502,2026-01-02 17:42:00,308.5170767053473,0.41100000000000003
2503,2026-01-02 17:43:00,308.6319817223592,0.38299999999999995
2504,2026-01-02 17:44:00,308.6014482014779,0.325
2505,2026-01-02 17:45:00,308.38611186650417,0.187
2506,2026-01-02 17:46:00,307.9370038090797,0.35
2507,2026-01-02 17:47:00,308.70015488219735,0.29
2508,2026-01-02 17:48:00,308.68151418572165,0.444
2509,2026-01-02 17:49:00,308.74721221580495,0.496
2510,2026-01-02 17:50:00,308.77012544768206,0.324
2511,2026-01-02 17:51:00,307.6061119187735,0.41200000000000003
2512,2026-01-02 17:52:00,308.73917244409245,0.344
2513,2026-01-02 17:53:00,308.3877891824132,0.382
2514,2026-01-02 17:54:00,307.9944482580924,0.35200000000000004
2515,2026-01-02 17:55:00,308.4674371410765,0.455
2516,2026-01-02 17:56:00,309.1433911895997,0.35100000000000003
2517,2026-01-02 17:57:00,309.2547080352252,0.35
2518,2026-01-02 17:58:00,308.6016893344869,0.508
2519,2026-01-02 17:59:00,308.946741897617,0.259
2520,2026-01-02 18:00:00,308.8440408990533,0.337
2521,2026-01-02 18:01:00,309.12741147935174,0.517
2522,2026-01-02 18:02:00,308.32415650525155,0.387
2523,2026-01-02 18:03:00,308.8413396849163,0.449
2524,2026-01-02 18:04:00,309.31971050765344,0.336
2525,2026-01-02 18:05:00,308.3965114985453,0.266
2526,2026-01-02 18:06:00,308.600694937666,0.384
2527,2026-01-02 18:07:00,309.11338013864986,0.539
2528,2026-01-02 18:08:00,309.32911011369424,0.48100000000000004
2529,2026-01-02 18:09:00,308.8648490895637,0.501
2530,2026-01-02 18:10:00,308.94345934300026,0.42100000000000004
2531,2026-01-02 18:11:00,308.86675695400675,0.38299999999999995
2532,2026-01-02 18:12:00,308.4990017476482,0.326
2533,2026-01-02 18:13:00,309.16879456439295,0.264
2534,2026-01-02 18:14:00,308.82692779376384,0.235
2535,2026-01-02 18:15:00,308.6928578351322,0.214
2536,2026-01-02 18:16:00,309.2382819948554,0.363
2537,2026-01-02 18:17:00,308.2444009121364,0.34299999999999997
2538,2026-01-02 18:18:00,309.6911833713535,0.381
2539,2026-01-02 18:19:00,309.19608743818753,0.375
2540,2026-01-02 18:20:00,308.5717695639904,0.423
2541,2026-01-02 18:21:00,310.1065520992879,0.484
2542,2026-01-02 18:22:00,309.49387182184716,0.37200000000000005
2543,2026-01-02 18:23:00,308.93679740406725,0.40700000000000003
2544,2026-01-02 18:24:00,308.62620334606675,0.40299999999999997
2545,2026-01-02 18:25:00,308.6202688773866,0.379
2546,2026-01-02 18:26:00,309.75020100636294,0.37200000000000005
2547,2026-01-02 18:27:00,309.23733977247167,0.479
2548,2026-01-02 18:28:00,308.7876898454171,0.5
2549,2026-01-02 18:29:00,308.40616054870617,0.239
2550,2026-01-02 18:30:00,310.5235338880483,0.504
2551,2026-01-02 18:31:00,309.2809523876131,0.62
2552,2026-01-02 18:32:00,309.89282100414556,0.317
2553,2026-01-02 18:33:00,309.65728259869235,0.391
2554,2026-01-02 18:34:00,308.9678003419615,0.37200000000000005
2555,2026-01-02 18:35:00,309.2741738047975,0.38
2556,2026-01-02 18:36:00,308.62212463216986,0.505
2557,2026-01-02 18:37:00,309.28404047968047,0.41600000000000004
2558,2026-01-02 18:38:00,309.8942996121315,0.24600000000000002
2559,2026-01-02 18:39:00,308.69130165564144,0.431
2560,2026-01-02 18:40:00,309.3811293085944,0.226
2561,2026-01-02 18:41:00,309.94538956273544,0.265
2562,2026-01-02 18:42:00,309.66219926210437,0.409
2563,2026-01-02 18:43:00,309.093460023671,0.447
2564,2026-01-02 18:44:00,309.2368646248256,0.415
2565,2026-01-02 18:45:00,308.7442047069277,0.193
2566,2026-01-02 18:46:00,310.01781318535194,0.49200000000000005
2567,2026-01-02 18:47:00,309.37834047393756,0.415
2568,2026-01-02 18:48:00,309.19984366122816,0.415
2569,2026-01-02 18:49:00,309.14385798757496,0.466
2570,2026-01-02 18:50:00,308.4913590206844,0.247
2571,2026-01-02 18:51:00,309.4642713144918,0.537
2572,2026-01-02 18:52:00,308.222620629172,0.607
2573,2026-01-02 18:53:00,309.1060079987236,0.337
2574,2026-01-02 18:54:00,308.8359781251416,0.508
2575,2026-01-02 18:55:00,309.65189027640264,0.467
2576,2026-01-02 18:56:00,309.0249568320166,0.354
2577,2026-01-02 18:57:00,308.54273948192366,0.428
2578,2026-01-02 18:58:00,308.5389811737762,0.168
2579,2026-01-02 18:59:00,309.3783900305471,0.28600000000000003
2580,2026-01-02 19:00:00,307.34977807735197,0.166
2581,2026-01-02 19:01:00,308.2283727511844,0.486
2582,2026-01-02 19:02:00,308.8105712855345,0.46399999999999997
2583,2026-01-02 19:03:00,308.53257404073076,0.45399999999999996
2584,2026-01-02 19:04:00,307.78812614540266,0.54
2585,2026-01-02 19:05:00,307.1547703206121,0.37
2586,2026-01-02 19:06:00,308.9588398551596,0.41100000000000003
2587,2026-01-02 19:07:00,307.66141348630254,0.386
2588,2026-01-02 19:08:00,307.99437786622127,0.389
2589,2026-01-02 19:09:00,309.27737650249,0.675
2590,2026-01-02 19:10:00,308.466469715535,0.396
2591,2026-01-02 19:11:00,309.83871699496075,0.473
2592,2026-01-02 19:12:00,309.0159654897842,0.521
2593,2026-01-02 19:13:00,308.48038083626477,0.415
2594,2026-01-02 19:14:00,308.3708419568683,0.46299999999999997
2595,2026-01-02 19:15:00,308.621215440436,0.456
2596,2026-01-02 19:16:00,309.6518296525079,0.374
2597,2026-01-02 19:17:00,309.3141257120729,0.375
2598,2026-01-02 19:18:00,309.07387096383866,0.486
2599,2026-01-02 19:19:00,308.9743157448095,0.447
2600,2026-01-02 19:20:00,310.1289669798443,0.345
2601,2026-01-02 19:21:00,310.3603069465054,0.409
2602,2026-01-02 19:22:00,308.7314677825162,0.221
2603,2026-01-02 19:23:00,308.8062935265044,0.142
2604,2026-01-02 19:24:00,309.9345612066319,0.38299999999999995
2605,2026-01-02 19:25:00,309.3143631162768,0.368
2606,2026-01-02 19:26:00,310.007504067332,0.387
2607,2026-01-02 19:27:00,309.57209572694967,0.665
2608,2026-01-02 19:28:00,308.3020016196184,0.359
2609,2026-01-02 19:29:00,308.9209499603647,0.486
2610,2026-01-02 19:30:00,309.644031848377,0.408
2611,2026-01-02 19:31:00,309.4361638138309,0.35700000000000004
2612,2026-01-02 19:32:00,309.4151723938948,0.415
2613,2026-01-02 19:33:00,308.9182276232575,0.303
2614,2026-01-02 19:34:00,309.68052649532257,0.621
2615,2026-01-02 19:35:00,309.8590413683195,0.46799999999999997
2616,2026-01-02 19:36:00,309.3193648493294,0.39899999999999997
2617,2026-01-02 19:37:00,309.6308688310437,0.298
2618,2026-01-02 19:38:00,310.90651710678304,0.532
2619,2026-01-02 19:39:00,309.35258459132734,0.512
2620,2026-01-02 19:40:00,309.81873171268546,0.37799999999999995
2621,2026-01-02 19:41:00,309.2160726321425,0.396
2622,2026-01-02 19:42:00,309.94311757934196,0.424
2623,2026-01-02 19:43:00,309.3804404849213,0.28600000000000003
2624,2026-01-02 19:44:00,309.02989555609446,0.39799999999999996
2625,2026-01-02 19:45:00,309.4906459844201,0.32
2626,2026-01-02 19:46:00,308.9435158879566,0.51
2627,2026-01-02 19:47:00,309.1106185573261,0.613
2628,2026-01-02 19:48:00,310.3264970763229,0.49700000000000005
2629,2026-01-02 19:49:00,309.72472584738836,0.275
2630,2026-01-02 19:50:00,309.37653047817327,0.478
2631,2026-01-02 19:51:00,310.4464884099164,0.562
2632,2026-01-02 19:52:00,310.1834782580491,0.467
2633,2026-01-02 19:53:00,309.4802086790338,0.40299999999999997
2634,2026-01-02 19:54:00,309.79604265198043,0.48100000000000004
2635,2026-01-02 19:55:00,309.91489000612563,0.425
2636,2026-01-02 19:56:00,309.8012059612452,0.385
2637,2026-01-02 19:57:00,309.3239642100981,0.43200000000000005
2638,2026-01-02 19:58:00,309.9279287082755,0.456
2639,2026-01-02 19:59:00,310.0837352201395,0.516
2640,2026-01-02 20:00:00,308.98025402167616,0.382
2641,2026-01-02 20:01:00,310.3918266468215,0.593
2642,2026-01-02 20:02:00,309.6185735020993,0.204
2643,2026-01-02 20:03:00,309.7078107826667,0.235
2644,2026-01-02 20:04:00,309.5131721334746,0.261
2645,2026-01-02 20:05:00,309.0078801806221,0.355
2646,2026-01-02 20:06:00,309.5344255363205,0.27
2647,2026-01-02 20:07:00,309.12174090335805,0.513
2648,2026-01-02 20:08:00,309.75290584326,0.408
2649,2026-01-02 20:09:00,308.6749017546022,0.445
2650,2026-01-02 20:10:00,308.8369585608079,0.321
2651,2026-01-02 20:11:00,310.01354809387027,0.564
2652,2026-01-02 20:12:00,309.6914094235527,0.428
2653,2026-01-02 20:13:00,310.47629146528146,0.381
2654,2026-01-02 20:14:00,309.41954098270514,0.311
2655,2026-01-02 20:15:00,308.94544436508187,0.42200000000000004
2656,2026-01-02 20:16:00,308.88341682671813,0.159
2657,2026-01-02 20:17:00,310.19022747543386,0.27699999999999997
2658,2026-01-02 20:18:00,308.6423125621955,0.35200000000000004
2659,2026-01-02 20:19:00,310.27014858468914,0.311
2660,2026-01-02 20:20:00,308.75979074312005,0.37799999999999995
2661,2026-01-02 20:21:00,309.6004882294205,0.462
2662,2026-01-02 20:22:00,309.9864046304797,0.419
2663,2026-01-02 20:23:00,309.6070339731645,0.426
2664,2026-01-02 20:24:00,309.1409434972206,0.409
2665,2026-01-02 20:25:00,309.296893822084,0.37200000000000005
2666,2026-01-02 20:26:00,309.384911468995,0.358
2667,2026-01-02 20:27:00,309.6842726456035,0.342
2668,2026-01-02 20:28:00,309.95163290964865,0.396
2669,2026-01-02 20:29:00,309.1330525044144,0.431
2670,2026-01-02 20:30:00,309.395627205749,0.444
2671,2026-01-02 20:31:00,309.13502404753797,0.271
2672,2026-01-02 20:32:00,309.60134507364825,0.322
2673,2026-01-02 20:33:00,309.9127351842371,0.444
2674,2026-01-02 20:34:00,310.10660371399484,0.285
2675,2026-01-02 20:35:00,309.2972693725934,0.374
2676,2026-01-02 20:36:00,309.20081667028654,0.325
2677,2026-01-02 20:37:00,309.6886091034152,0.275
2678,2026-01-02 20:38:00,309.9678461826365,0.528
2679,2026-01-02 20:39:00,310.34892769023196,0.539
2680,2026-01-02 20:40:00,310.3220141108707,0.301
2681,2026-01-02 20:41:00,309.627353077601,0.26
2682,2026-01-02 20:42:00,309.6401714770494,0.47700000000000004
2683,2026-01-02 20:43:00,309.26415111235946,0.304
2684,2026-01-02 20:44:00,309.3431893126143,0.361
2685,2026-01-02 20:45:00,309.08588816805667,0.38
2686,2026-01-02 20:46:00,309.52984375437626,0.22699999999999998
2687,2026-01-02 20:47:00,308.7170005750846,0.46
2688,2026-01-02 20:48:00,309.7756812294064,0.287
2689,2026-01-02 20:49:00,309.8529771505076,0.2
2690,2026-01-02 20:50:00,309.192859905661,0.609
2691,2026-01-02 20:51:00,309.560135976629,0.40399999999999997
2692,2026-01-02 20:52:00,309.75938244268355,0.508
2693,2026-01-02 20:53:00,309.3742831157162,0.259
2694,2026-01-02 20:54:00,309.9893153716081,0.5820000000000001
2695,2026-01-02 20:55:00,308.978522044331,0.344
2696,2026-01-02 20:56:00,310.0676500124977,0.648
2697,2026-01-02 20:57:00,308.62864181588554,0.371
2698,2026-01-02 20:58:00,308.82949166303604,0.361
2699,2026-01-02 20:59:00,309.0463846554689,0.153
2700,2026-01-02 21:00:00,309.04943558035666,0.358
2701,2026-01-02 21:01:00,309.1727795981069,0.392
2702,2026-01-02 21:02:00,309.7776818198434,0.506
2703,2026-01-02 21:03:00,309.4340803486858,0.555
2704,2026-01-02 21:04:00,308.6498847714756,0.308
2705,2026-01-02 21:05:00,308.95207198920485,0.552
2706,2026-01-02 21:06:00,308.8003797468076,0.28600000000000003
2707,2026-01-02 21:07:00,308.56863110983176,0.446
2708,2026-01-02 21:08:00,309.95511185747097,0.45299999999999996
2709,2026-01-02 21:09:00,308.3943729451118,0.473
2710,2026-01-02 21:10:00,309.7920990301438,0.292
2711,2026-01-02 21:11:00,308.6612168321379,0.391
2712,2026-01-02 21:12:00,308.70538927311725,0.324
2713,2026-01-02 21:13:00,309.8922283057765,0.348
2714,2026-01-02 21:14:00,309.58592445673685,0.519
2715,2026-01-02 21:15:00,309.8130760222348,0.42700000000000005
2716,2026-01-02 21:16:00,308.6883215967108,0.348
2717,2026-01-02 21:17:00,309.4912838737696,0.429
2718,2026-01-02 21:18:00,308.9981486222047,0.385
2719,2026-01-02 21:19:00,309.83299443484856,0.255
2720,2026-01-02 21:20:00,309.35468953911544,0.546
2721,2026-01-02 21:21:00,308.952410806027,0.45899999999999996
2722,2026-01-02 21:22:00,309.19523585441624,0.32899999999999996
2723,2026-01-02 21:23:00,308.00022938506424,0.574
2724,2026-01-02 21:24:00,309.9136350778297,0.40399999999999997
2725,2026-01-02 21:25:00,308.50370038474574,0.32799999999999996
2726,2026-01-02 21:26:00,309.11447599774567,0.45399999999999996
2727,2026-01-02 21:27:00,309.7109485198405,0.364
2728,2026-01-02 21:28:00,308.53991416185323,0.41200000000000003
2729,2026-01-02 21:29:00,309.8231147896835,0.444
2730,2026-01-02 21:30:00,308.7697300259802,0.354
2731,2026-01-02 21:31:00,309.0008605159411,0.428
2732,2026-01-02 21:32:00,309.24285987192104,0.519
2733,2026-01-02 21:33:00,309.6008449812496,0.514
2734,2026-01-02 21:34:00,309.7740918765174,0.45299999999999996
2735,2026-01-02 21:35:00,308.2628675806448,0.3
2736,2026-01-02 21:36:00,308.48614030564573,0.385
2737,2026-01-02 21:37:00,309.5357697998184,0.461
2738,2026-01-02 21:38:00,309.03605527214677,0.316
2739,2026-01-02 21:39:00,310.0372260251358,0.35100000000000003
2740,2026-01-02 21:40:00,309.02832629675964,0.289
2741,2026-01-02 21:41:00,309.7893195576353,0.406
2742,2026-01-02 21:42:00,309.3139899822058,0.501
2743,2026-01-02 21:43:00,309.2755489706795,0.247
2744,2026-01-02 21:44:00,308.4983894816709,0.278
2745,2026-01-02 21:45:00,309.15629064948865,0.32299999999999995
2746,2026-01-02 21:46:00,308.53312262159227,0.38799999999999996
2747,2026-01-02 21:47:00,308.9279440455439,0.29600000000000004
2748,2026-01-02 21:48:00,309.08526063678147,0.361
2749,2026-01-02 21:49:00,308.5341720545908,0.45299999999999996
2750,2026-01-02 21:50:00,309.58128806924736,0.41100000000000003
2751,2026-01-02 21:51:00,309.4559481611801,0.426
2752,2026-01-02 21:52:00,308.63403260556197,0.6509999999999999
2753,2026-01-02 21:53:00,309.8655395645845,0.444
2754,2026-01-02 21:54:00,310.4483818009064,0.475
2755,2026-01-02 21:55:00,309.5105365248169,0.528
2756,2026-01-02 21:56:00,310.04281059936733,0.5479999999999999
2757,2026-01-02 21:57:00,308.93580996084205,0.26
2758,2026-01-02 21:58:00,308.6349352222708,0.21899999999999997
2759,2026-01-02 21:59:00,308.6214994938702,0.302
2760,2026-01-02 22:00:00,310.25231617117333,0.381
2761,2026-01-02 22:01:00,309.8863605023906,0.45899999999999996
2762,2026-01-02 22:02:00,309.61571602081176,0.39399999999999996
2763,2026-01-02 22:03:00,309.088421859858,0.41200000000000003
2764,2026-01-02 22:04:00,310.28348860014233,0.225
2765,2026-01-02 22:05:00,309.8294699764554,0.397
2766,2026-01-02 22:06:00,309.52879629231035,0.47700000000000004
2767,2026-01-02 22:07:00,309.7931662509782,0.47600000000000003
2768,2026-01-02 22:08:00,309.3611406659099,0.41700000000000004
2769,2026-01-02 22:09:00,309.280291975016,0.502
2770,2026-01-02 22:10:00,309.711366254892,0.509
2771,2026-01-02 22:11:00,310.0052600347064,0.358
2772,2026-01-02 22:12:00,309.4520029618786,0.17800000000000002
2773,2026-01-02 22:13:00,309.7412688475176,0.418
2774,2026-01-02 22:14:00,308.8857105179138,0.35100000000000003
2775,2026-01-02 22:15:00,309.56273525865396,0.527
2776,2026-01-02 22:16:00,309.5734160620642,0.326
2777,2026-01-02 22:17:00,309.855848555406,0.28300000000000003
2778,2026-01-02 22:18:00,308.9083619810189,0.384
2779,2026-01-02 22:19:00,309.8888477024062,0.524
2780,2026-01-02 22:20:00,310.2267450918398,0.44
2781,2026-01-02 22:21:00,309.69344520100657,0.45899999999999996
2782,2026-01-02 22:22:00,310.41126569270654,0.433
2783,2026-01-02 22:23:00,309.33388076226623,0.326
2784,2026-01-02 22:24:00,308.7753649883625,0.318
2785,2026-01-02 22:25:00,309.9580897134429,0.439
2786,2026-01-02 22:26:00,309.7202207464269,0.494
2787,2026-01-02 22:27:00,310.00162422603046,0.353
2788,2026-01-02 22:28:00,308.70833326569243,0.537
2789,2026-01-02 22:29:00,309.1212104521289,0.396
2790,2026-01-02 22:30:00,309.17725476512163,0.446
2791,2026-01-02 22:31:00,309.78918902495207,0.457
2792,2026-01-02 22:32:00,309.4066870467566,0.28800000000000003
2793,2026-01-02 22:33:00,309.38015523632566,0.466
2794,2026-01-02 22:34:00,309.59004471131396,0.502
2795,2026-01-02 22:35:00,308.7529596840022,0.401
2796,2026-01-02 22:36:00,309.4844912162384,0.435
2797,2026-01-02 22:37:00,309.3273203953654,0.41200000000000003
2798,2026-01-02 22:38:00,309.49798236129993,0.419
2799,2026-01-02 22:39:00,308.8671657701539,0.418
2800,2026-01-02 22:40:00,308.46126088946767,0.34600000000000003
2801,2026-01-02 22:41:00,309.11054804739734,0.248
2802,2026-01-02 22:42:00,309.13052882843346,0.256
2803,2026-01-02 22:43:00,309.12375592259644,0.40700000000000003
2804,2026-01-02 22:44:00,308.49001566278906,0.226
2805,2026-01-02 22:45:00,308.5912440520587,0.565
2806,2026-01-02 22:46:00,310.02589905662063,0.316
2807,2026-01-02 22:47:00,309.395863731702,0.473
2808,2026-01-02 22:48:00,308.8514050371314,0.41100000000000003
2809,2026-01-02 22:49:00,309.5691955789458,0.284
2810,2026-01-02 22:50:00,310.0576772232896,0.511
2811,2026-01-02 22:51:00,309.353292856568,0.488
2812,2026-01-02 22:52:00,309.46929639434063,0.425
2813,2026-01-02 22:53:00,309.62807643858656,0.381
2814,2026-01-02 22:54:00,309.34842490466986,0.622
2815,2026-01-02 22:55:00,309.6048633877653,0.424
2816,2026-01-02 22:56:00,309.39682968912643,0.335
2817,2026-01-02 22:57:00,309.4961776192473,0.331
2818,2026-01-02 22:58:00,309.5371302411997,0.516
2819,2026-01-02 22:59:00,309.93671879538584,0.239
2820,2026-01-02 23:00:00,309.2873788320965,0.36
2821,2026-01-02 23:01:00,308.64122960822385,0.41600000000000004
2822,2026-01-02 23:02:00,309.0901965947931,0.479
2823,2026-01-02 23:03:00,308.5180014107049,0.40299999999999997
2824,2026-01-02 23:04:00,308.88841745416937,0.264
2825,2026-01-02 23:05:00,310.3255496072453,0.46
2826,2026-01-02 23:06:00,309.15324559654607,0.32
2827,2026-01-02 23:07:00,308.66747816276154,0.44299999999999995
2828,2026-01-02 23:08:00,308.76594912017924,0.303
2829,2026-01-02 23:09:00,309.1430770760851,0.395
2830,2026-01-02 23:10:00,310.09025791478354,0.42100000000000004
2831,2026-01-02 23:11:00,309.2730788905728,0.389
2832,2026-01-02 23:12:00,309.9342367954433,0.294
2833,2026-01-02 23:13:00,308.6419952960711,0.535
2834,2026-01-02 23:14:00,309.26508030613866,0.402
2835,2026-01-02 23:15:00,309.4853983423925,0.35200000000000004
2836,2026-01-02 23:16:00,309.5809500702349,0.544
2837,2026-01-02 23:17:00,308.54070876797755,0.44799999999999995
2838,2026-01-02 23:18:00,309.5639857437413,0.396
2839,2026-01-02 23:19:00,309.36574492190704,0.579
2840,2026-01-02 23:20:00,308.50703677508545,0.282
2841,2026-01-02 23:21:00,309.9610149735786,0.35
2842,2026-01-02 23:22:00,308.6712123456524,0.488
2843,2026-01-02 23:23:00,308.8029796551971,0.501
2844,2026-01-02 23:24:00,309.1520989151517,0.391
2845,2026-01-02 23:25:00,310.03636559633793,0.408
2846,2026-01-02 23:26:00,309.86262622572644,0.37
2847,2026-01-02 23:27:00,309.0377209777007,0.452
2848,2026-01-02 23:28:00,308.91398423580733,0.37200000000000005
2849,2026-01-02 23:29:00,310.02257223002704,0.515
2850,2026-01-02 23:30:00,309.0894369722361,0.434
2851,2026-01-02 23:31:00,309.5506453424978,0.49200000000000005
2852,2026-01-02 23:32:00,309.4996105200652,0.436
2853,2026-01-02 23:33:00,309.5372459154051,0.23
2854,2026-01-02 23:34:00,309.8342434237473,0.441
2855,2026-01-02 23:35:00,309.1398601223726,0.47600000000000003
2856,2026-01-02 23:36:00,309.5043708640209,0.327
2857,2026-01-02 23:37:00,309.9564938825333,0.207
2858,2026-01-02 23:38:00,309.82930907619556,0.485
2859,2026-01-02 23:39:00,309.7564732833157,0.466
2860,2026-01-02 23:40:00,310.5268149797203,0.358
2861,2026-01-02 23:41:00,310.2215750601774,0.397
2862,2026-01-02 23:42:00,310.094851879012,0.37200000000000005
2863,2026-01-02 23:43:00,310.41690323877253,0.287
2864,2026-01-02 23:44:00,310.1841925124465,0.379
2865,2026-01-02 23:45:00,311.14935140860996,0.496
2866,2026-01-02 23:46:00,309.5999971651064,0.23800000000000002
2867,2026-01-02 23:47:00,308.51324900582927,0.305
2868,2026-01-02 23:48:00,308.78074209522657,0.321
2869,2026-01-02 23:49:00,309.12592685591204,0.34299999999999997
2870,2026-01-02 23:50:00,308.7787368546272,0.632
2871,2026-01-02 23:51:00,309.3620172936777,0.37200000000000005
2872,2026-01-02 23:52:00,310.04588468461674,0.37
2873,2026-01-02 23:53:00,309.06393659146704,0.32799999999999996
2874,2026-01-02 23:54:00,309.6665360446857,0.4
2875,2026-01-02 23:55:00,308.5177574025923,0.424
2876,2026-01-02 23:56:00,309.8271472586995,0.499
2877,2026-01-02 23:57:00,309.5951683339682,0.342
2878,2026-01-02 23:58:00,309.13762861935567,0.276
2879,2026-01-02 23:59:00,309.24000371010607,0.5
2880,2026-01-03 00:00:00,309.3005199637669,0.382
2881,2026-01-03 00:01:00,309.58722596940265,0.324
2882,2026-01-03 00:02:00,309.89321429753625,0.307
2883,2026-01-03 00:03:00,310.50621057162664,0.5429999999999999
2884,2026-01-03 00:04:00,309.51722218654305,0.35200000000000004
2885,2026-01-03 00:05:00,308.88792453003504,0.248
2886,2026-01-03 00:06:00,309.2718516518561,0.48100000000000004
2887,2026-01-03 00:07:00,308.9422793238353,0.313
2888,2026-01-03 00:08:00,308.5431875382279,0.402
2889,2026-01-03 00:09:00,308.18479719673644,0.402
2890,2026-01-03 00:10:00,309.67689803581465,0.406
2891,2026-01-03 00:11:00,309.84449182825097,0.335
2892,2026-01-03 00:12:00,309.18632548888405,0.40299999999999997
2893,2026-01-03 00:13:00,309.812435913769,0.35200000000000004
2894,2026-01-03 00:14:00,309.9494083636249,0.267
2895,2026-01-03 00:15:00,308.96392045096115,0.135
2896,2026-01-03 00:16:00,309.82112632648443,0.364
2897,2026-01-03 00:17:00,308.7774861411082,0.387
2898,2026-01-03 00:18:00,309.9088158066752,0.35700000000000004
2899,2026-01-03 00:19:00,309.538885882672,0.599
2900,2026-01-03 00:20:00,308.7043743989791,0.441
2901,2026-01-03 00:21:00,309.5210703342808,0.38799999999999996
2902,2026-01-03 00:22:00,310.3239797725355,0.44
2903,2026-01-03 00:23:00,308.5496688022178,0.303
2904,2026-01-03 00:24:00,310.15860278334793,0.34600000000000003
2905,2026-01-03 00:25:00,310.5141973218719,0.205
2906,2026-01-03 00:26:00,309.52246120502116,0.621
2907,2026-01-03 00:27:00,309.9478324749352,0.41600000000000004
2908,2026-01-03 00:28:00,309.5025810513868,0.39
2909,2026-01-03 00:29:00,309.8632473372714,0.34
2910,2026-01-03 00:30:00,309.9941922045765,0.3
2911,2026-01-03 00:31:00,310.24331338889476,0.337
2912,2026-01-03 00:32:00,309.9904491970684,0.311
2913,2026-01-03 00:33:00,308.6355324978014,0.381
2914,2026-01-03 00:34:00,309.99721994333134,0.513
2915,2026-01-03 00:35:00,309.92866843470335,0.44299999999999995
2916,2026-01-03 00:36:00,310.7790001595969,0.511
2917,2026-01-03 00:37:00,310.59944838598665,0.524
2918,2026-01-03 00:38:00,310.0144152190873,0.498
2919,2026-01-03 00:39:00,308.0916965977686,0.5489999999999999
2920,2026-01-03 00:40:00,309.4607263465248,0.39
2921,2026-01-03 00:41:00,310.59971620403246,0.513
2922,2026-01-03 00:42:00,309.4524283015794,0.45399999999999996
2923,2026-01-03 00:43:00,308.8167361932953,0.42100000000000004
2924,2026-01-03 00:44:00,309.001004347728,0.27899999999999997
2925,2026-01-03 00:45:00,310.32069401716257,0.423
2926,2026-01-03 00:46:00,309.1576664352828,0.282
2927,2026-01-03 00:47:00,310.26110139921894,0.488
2928,2026-01-03 00:48:00,309.5397080815928,0.26
2929,2026-01-03 00:49:00,309.9099022693046,0.345
2930,2026-01-03 00:50:00,309.18133985359583,0.414
2931,2026-01-03 00:51:00,309.23896165883036,0.14400000000000002
2932,2026-01-03 00:52:00,309.73873649454373,0.198
2933,2026-01-03 00:53:00,309.0244840704773,0.499
2934,2026-01-03 00:54:00,308.7248623723781,0.19699999999999998
2935,2026-01-03 00:55:00,309.887939732735,0.349
2936,2026-01-03 00:56:00,310.468882803561,0.205
2937,2026-01-03 00:57:00,308.4946179013083,0.305
2938,2026-01-03 00:58:00,308.97060538476774,0.29
2939,2026-01-03 00:59:00,309.90473899064335,0.245
2940,2026-01-03 01:00:00,309.7650475734006,0.48700000000000004
2941,2026-01-03 01:01:00,310.23940653465047,0.46399999999999997
2942,2026-01-03 01:02:00,309.2226123974616,0.311
2943,2026-01-03 01:03:00,309.78511707879204,0.305
2944,2026-01-03 01:04:00,308.7472173491169,0.354
2945,2026-01-03 01:05:00,308.8335029096516,0.28
2946,2026-01-03 01:06:00,309.94574407709587,0.43799999999999994
2947,2026-01-03 01:07:00,309.94486400918714,0.387
2948,2026-01-03 01:08:00,310.14978418374517,0.45799999999999996
2949,2026-01-03 01:09:00,309.2432916113446,0.445
2950,2026-01-03 01:10:00,309.5501190943551,0.35
2951,2026-01-03 01:11:00,310.0326402148931,0.44299999999999995
2952,2026-01-03 01:12:00,308.9791607390219,0.32799999999999996
2953,2026-01-03 01:13:00,309.4942452238885,0.39899999999999997
2954,2026-01-03 01:14:00,309.7379334388841,0.43
2955,2026-01-03 01:15:00,309.957259448372,0.303
2956,2026-01-03 01:16:00,308.908302617064,0.249
2957,2026-01-03 01:17:00,309.1260488363647,0.402
2958,2026-01-03 01:18:00,309.27481959655614,0.516
2959,2026-01-03 01:19:00,309.3838803729412,0.452
2960,2026-01-03 01:20:00,309.6591992688082,0.441
2961,2026-01-03 01:21:00,309.33497469122176,0.39399999999999996
2962,2026-01-03 01:22:00,309.1649226767016,0.439
2963,2026-01-03 01:23:00,308.5263280552946,0.442
2964,2026-01-03 01:24:00,309.2361859509629,0.46
2965,2026-01-03 01:25:00,308.6231230143159,0.37200000000000005
2966,2026-01-03 01:26:00,309.2616014042432,0.462
2967,2026-01-03 01:27:00,309.7551520480981,0.255
2968,2026-01-03 01:28:00,309.10958724553535,0.503
2969,2026-01-03 01:29:00,309.67079262939455,0.36200000000000004
2970,2026-01-03 01:30:00,308.8121085687513,0.385
2971,2026-01-03 01:31:00,310.37023440359496,0.39299999999999996
2972,2026-01-03 01:32:00,308.9077628098438,0.40399999999999997
2973,2026-01-03 01:33:00,308.538882940269,0.27699999999999997
2974,2026-01-03 01:34:00,308.53958657087026,0.574
2975,2026-01-03 01:35:00,310.86358724416783,0.304
2976,2026-01-03 01:36:00,310.4923159644363,0.315
2977,2026-01-03 01:37:00,309.681989960202,0.48
2978,2026-01-03 01:38:00,310.17883081978755,0.289
2979,2026-01-03 01:39:00,310.3774753375945,0.425
2980,2026-01-03 01:40:00,310.5407992061623,0.424
2981,2026-01-03 01:41:00,309.8717948857125,0.28600000000000003
2982,2026-01-03 01:42:00,309.8243761668438,0.509
2983,2026-01-03 01:43:00,309.40369573045797,0.294
2984,2026-01-03 01:44:00,309.5397027182369,0.5589999999999999
2985,2026-01-03 01:45:00,309.34114997424956,0.525
2986,2026-01-03 01:46:00,310.0487637356703,0.374
2987,2026-01-03 01:47:00,308.86972422003873,0.37799999999999995
2988,2026-01-03 01:48:00,310.27687246217704,0.627
2989,2026-01-03 01:49:00,310.8135080257669,0.345
2990,2026-01-03 01:50:00,310.14497472876013,0.61
2991,2026-01-03 01:51:00,309.5326893828076,0.728
2992,2026-01-03 01:52:00,309.3410307499827,0.439
2993,2026-01-03 01:53:00,309.2310952820502,0.389
2994,2026-01-03 01:54:00,309.8151753201681,0.424
2995,2026-01-03 01:55:00,310.41526756495875,0.532
2996,2026-01-03 01:56:00,309.1165199875638,0.374
2997,2026-01-03 01:57:00,309.41242172594104,0.35700000000000004
2998,2026-01-03 01:58:00,309.51538598562803,0.502
2999,2026-01-03 01:59:00,309.72066169616863,0.38
3000,2026-01-03 02:00:00,309.9808429776586,0.39799999999999996
3001,2026-01-03 02:01:00,309.7792690129417,0.371
3002,2026-01-03 02:02:00,308.6087872918693,0.515
3003,2026-01-03 02:03:00,309.7472607200135,0.447
3004,2026-01-03 02:04:00,309.83470535757976,0.484
3005,2026-01-03 02:05:00,310.34877585722586,0.428
3006,2026-01-03 02:06:00,309.510507587925,0.305
3007,2026-01-03 02:07:00,309.16511570722463,0.488
3008,2026-01-03 02:08:00,310.6338178384491,0.517
3009,2026-01-03 02:09:00,309.5637580423958,0.359
3010,2026-01-03 02:10:00,309.4306619952808,0.542
3011,2026-01-03 02:11:00,308.99532599001935,0.381
3012,2026-01-03 02:12:00,308.91416655873144,0.496
3013,2026-01-03 02:13:00,309.0517571447233,0.306
3014,2026-01-03 02:14:00,309.07122411521675,0.292
3015,2026-01-03 02:15:00,309.1848234126911,0.41600000000000004
3016,2026-01-03 02:16:00,309.6379531286411,0.502
3017,2026-01-03 02:17:00,310.19953023507,0.21899999999999997
3018,2026-01-03 02:18:00,309.8449813349229,0.23600000000000002
3019,2026-01-03 02:19:00,309.82589810048546,0.556
3020,2026-01-03 02:20:00,309.24767500191075,0.513
3021,2026-01-03 02:21:00,309.5599991507416,0.34
3022,2026-01-03 02:22:00,309.9808673111505,0.433
3023,2026-01-03 02:23:00,309.09462054181114,0.429
3024,2026-01-03 02:24:00,310.5526635908761,0.228
3025,2026-01-03 02:25:00,310.02624708686585,0.43799999999999994
3026,2026-01-03 02:26:00,309.2473742878337,0.426
3027,2026-01-03 02:27:00,309.4602223262275,0.48100000000000004
3028,2026-01-03 02:28:00,309.8216108956388,0.243
3029,2026-01-03 02:29:00,309.2521761685397,0.504
3030,2026-01-03 02:30:00,309.14649100327136,0.314
3031,2026-01-03 02:31:00,309.57105708116933,0.387
3032,2026-01-03 02:32:00,309.8548449087273,0.389
3033,2026-01-03 02:33:00,309.1866111934086,0.439
3034,2026-01-03 02:34:00,309.63867142663196,0.379
3035,2026-01-03 02:35:00,309.3961519543352,0.214
3036,2026-01-03 02:36:00,309.9612077515406,0.353
3037,2026-01-03 02:37:00,308.3846575172908,0.4
3038,2026-01-03 02:38:00,309.510809904406,0.38299999999999995
3039,2026-01-03 02:39:00,309.23981603895777,0.43200000000000005
3040,2026-01-03 02:40:00,309.75795414472054,0.5589999999999999
3041,2026-01-03 02:41:00,309.10143118511047,0.513
3042,2026-01-03 02:42:00,309.53669133906243,0.493
3043,2026-01-03 02:43:00,309.08996814475574,0.425
3044,2026-01-03 02:44:00,309.38215148488916,0.35600000000000004
3045,2026-01-03 02:45:00,309.3803340197662,0.48700000000000004
3046,2026-01-03 02:46:00,308.479298019235,0.376
3047,2026-01-03 02:47:00,309.5104162968019,0.299
3048,2026-01-03 02:48:00,309.40868723302924,0.467
3049,2026-01-03 02:49:00,309.1180819903846,0.321
3050,2026-01-03 02:50:00,309.13263501858984,0.45799999999999996
3051,2026-01-03 02:51:00,309.10911596368624,0.23800000000000002
3052,2026-01-03 02:52:00,309.3181893653377,0.5870000000000001
3053,2026-01-03 02:53:00,308.71318764464047,0.4
3054,2026-01-03 02:54:00,309.3912230405268,0.45399999999999996
3055,2026-01-03 02:55:00,308.59353642361145,0.304
3056,2026-01-03 02:56:00,308.8698327541314,0.27699999999999997
3057,2026-01-03 02:57:00,309.0747342184736,0.44299999999999995
3058,2026-01-03 02:58:00,309.65042940595436,0.37
3059,2026-01-03 02:59:00,308.4903915705384,0.318
3060,2026-01-03 03:00:00,308.88351620719385,0.282
3061,2026-01-03 03:01:00,307.81525684103025,0.28300000000000003
3062,2026-01-03 03:02:00,308.69653166501155,0.16899999999999998
3063,2026-01-03 03:03:00,309.46421123014994,0.5820000000000001
3064,2026-01-03 03:04:00,308.61614055953027,0.469
3065,2026-01-03 03:05:00,308.90878441348775,0.273
3066,2026-01-03 03:06:00,308.4330467209768,0.461
3067,2026-01-03 03:07:00,309.2065110147772,0.436
3068,2026-01-03 03:08:00,309.405531869741,0.23
3069,2026-01-03 03:09:00,309.37226664601525,0.562
3070,2026-01-03 03:10:00,308.84548085290226,0.56
3071,2026-01-03 03:11:00,309.78451529763595,0.43200000000000005
3072,2026-01-03 03:12:00,309.57944585620334,0.218
3073,2026-01-03 03:13:00,308.7559147613263,0.439
3074,2026-01-03 03:14:00,309.0445797138264,0.285
3075,2026-01-03 03:15:00,309.78119877596123,0.552
3076,2026-01-03 03:16:00,308.58545786600126,0.429
3077,2026-01-03 03:17:00,308.6026357668869,0.321
3078,2026-01-03 03:18:00,309.2101483370164,0.452
3079,2026-01-03 03:19:00,309.1457789736852,0.308
3080,2026-01-03 03:20:00,309.5502271042524,0.382
3081,2026-01-03 03:21:00,309.734796118369,0.45799999999999996
3082,2026-01-03 03:22:00,308.62683380154317,0.297
3083,2026-01-03 03:23:00,310.0608675650931,0.163
3084,2026-01-03 03:24:00,309.5481654436971,0.512
3085,2026-01-03 03:25:00,310.73173831365636,0.22
3086,2026-01-03 03:26:00,309.0881678763802,0.365
3087,2026-01-03 03:27:00,308.83347854888484,0.389
3088,2026-01-03 03:28:00,308.796310538777,0.498
3089,2026-01-03 03:29:00,308.90688354711705,0.512
3090,2026-01-03 03:30:00,309.33913664691846,0.43799999999999994
3091,2026-01-03 03:31:00,309.84533274612045,0.42100000000000004
3092,2026-01-03 03:32:00,308.9007047392112,0.373
3093,2026-01-03 03:33:00,308.9173978229284,0.483
3094,2026-01-03 03:34:00,309.2229324437625,0.303
3095,2026-01-03 03:35:00,309.23902455324384,0.298
3096,2026-01-03 03:36:00,309.27274959181347,0.354
3097,2026-01-03 03:37:00,310.158252169818,0.39899999999999997
3098,2026-01-03 03:38:00,308.3544464122949,0.39399999999999996
3099,2026-01-03 03:39:00,309.0256165927397,0.387
3100,2026-01-03 03:40:00,309.9362265218058,0.44299999999999995
3101,2026-01-03 03:41:00,309.3949023883871,0.332
3102,2026-01-03 03:42:00,309.21720581671485,0.27899999999999997
3103,2026-01-03 03:43:00,309.14043726557645,0.5670000000000001
3104,2026-01-03 03:44:00,309.17553768740265,0.568
3105,2026-01-03 03:45:00,309.2743723473783,0.305
3106,2026-01-03 03:46:00,308.95247031494046,0.348
3107,2026-01-03 03:47:00,308.77683193884997,0.344
3108,2026-01-03 03:48:00,309.8583626119815,0.439
3109,2026-01-03 03:49:00,308.3567851480813,0.469
3110,2026-01-03 03:50:00,309.9690654402063,0.23600000000000002
3111,2026-01-03 03:51:00,310.8812927632849,0.408
3112,2026-01-03 03:52:00,309.17188812806614,0.179
3113,2026-01-03 03:53:00,310.21021634139737,0.46
3114,2026-01-03 03:54:00,308.89920504629146,0.385
3115,2026-01-03 03:55:00,310.10455267661933,0.397
3116,2026-01-03 03:56:00,309.09251899100735,0.27399999999999997
3117,2026-01-03 03:57:00,308.903175726113,0.35700000000000004
3118,2026-01-03 03:58:00,309.2777167423943,0.28300000000000003
3119,2026-01-03 03:59:00,309.4277287358143,0.428
3120,2026-01-03 04:00:00,309.80553608773016,0.345
3121,2026-01-03 04:01:00,309.2048104820781,0.254
3122,2026-01-03 04:02:00,308.98173672743235,0.327
3123,2026-01-03 04:03:00,309.6812906870256,0.406
3124,2026-01-03 04:04:00,309.80497924213535,0.49200000000000005
3125,2026-01-03 04:05:00,309.489033680814,0.515
3126,2026-01-03 04:06:00,309.1848914125594,0.525
3127,2026-01-03 04:07:00,309.4788880842795,0.5479999999999999
3128,2026-01-03 04:08:00,310.4808494035966,0.365
3129,2026-01-03 04:09:00,309.55374091705585,0.435
3130,2026-01-03 04:10:00,309.3794538780178,0.387
3131,2026-01-03 04:11:00,310.54333229948224,0.128
3132,2026-01-03 04:12:00,310.1323335669658,0.451
3133,2026-01-03 04:13:00,310.1391820115566,0.34700000000000003
3134,2026-01-03 04:14:00,310.2808151623776,0.424
3135,2026-01-03 04:15:00,310.6146657259688,0.363
3136,2026-01-03 04:16:00,309.8876131531332,0.435
3137,2026-01-03 04:17:00,309.8103236733606,0.265
3138,2026-01-03 04:18:00,308.9261851299485,0.428
3139,2026-01-03 04:19:00,310.5846575277131,0.397
3140,2026-01-03 04:20:00,309.80039500190776,0.35200000000000004
3141,2026-01-03 04:21:00,310.39902120013085,0.32899999999999996
3142,2026-01-03 04:22:00,310.00675788364083,0.43799999999999994
3143,2026-01-03 04:23:00,310.0546523476122,0.423
3144,2026-01-03 04:24:00,309.97894671325867,0.493
3145,2026-01-03 04:25:00,309.97428489981985,0.425
3146,2026-01-03 04:26:00,310.06081639468886,0.54
3147,2026-01-03 04:27:00,310.37268454000053,0.369
3148,2026-01-03 04:28:00,309.9987987771555,0.42200000000000004
3149,2026-01-03 04:29:00,309.92703072181735,0.301
3150,2026-01-03 04:30:00,309.7331233891911,0.475
3151,2026-01-03 04:31:00,309.8973127800036,0.512
3152,2026-01-03 04:32:00,310.72919014337646,0.631
3153,2026-01-03 04:33:00,310.3856901452639,0.4
3154,2026-01-03 04:34:00,310.7657848489496,0.389
3155,2026-01-03 04:35:00,309.4291395136347,0.313
3156,2026-01-03 04:36:00,309.64443294166625,0.345
3157,2026-01-03 04:37:00,309.9902456465772,0.377
3158,2026-01-03 04:38:00,310.0398666727583,0.451
3159,2026-01-03 04:39:00,310.23490570081304,0.303
3160,2026-01-03 04:40:00,309.9344824037629,0.355
3161,2026-01-03 04:41:00,310.0588994753713,0.32299999999999995
3162,2026-01-03 04:42:00,309.3056431457709,0.569
3163,2026-01-03 04:43:00,309.3551882524042,0.413
3164,2026-01-03 04:44:00,308.76989026373366,0.326
3165,2026-01-03 04:45:00,309.749268802792,0.34600000000000003
3166,2026-01-03 04:46:00,309.25410713802825,0.447
3167,2026-01-03 04:47:00,310.10372270752305,0.45399999999999996
3168,2026-01-03 04:48:00,309.54643783446346,0.33399999999999996
3169,2026-01-03 04:49:00,309.41264361802314,0.536
3170,2026-01-03 04:50:00,308.7808178643206,0.368
3171,2026-01-03 04:51:00,309.9665109630036,0.488
3172,2026-01-03 04:52:00,309.2540071257087,0.37
3173,2026-01-03 04:53:00,309.7757864889629,0.503
3174,2026-01-03 04:54:00,309.0654355352345,0.32
3175,2026-01-03 04:55:00,308.90062697676484,0.31
3176,2026-01-03 04:56:00,309.84826754407095,0.271
3177,2026-01-03 04:57:00,309.29065086212455,0.488
3178,2026-01-03 04:58:00,308.421109735203,0.278
3179,2026-01-03 04:59:00,307.51612794231374,0.51
3180,2026-01-03 05:00:00,309.4635531892926,0.337
3181,2026-01-03 05:01:00,309.2140463344962,0.301
3182,2026-01-03 05:02:00,309.23087172376216,0.337
3183,2026-01-03 05:03:00,308.79006486343667,0.39799999999999996
3184,2026-01-03 05:04:00,308.7412342398895,0.445
3185,2026-01-03 05:05:00,308.62203957132215,0.517
3186,2026-01-03 05:06:00,309.7081901372512,0.324
3187,2026-01-03 05:07:00,308.5774174850568,0.40299999999999997
3188,2026-01-03 05:08:00,309.08351897924086,0.406
3189,2026-01-03 05:09:00,309.4191033301584,0.457
3190,2026-01-03 05:10:00,308.98593966401813,0.354
3191,2026-01-03 05:11:00,309.28495557044704,0.444
3192,2026-01-03 05:12:00,308.1579639472063,0.47
3193,2026-01-03 05:13:00,309.21350300793927,0.434
3194,2026-01-03 05:14:00,308.31596250342125,0.38
3195,2026-01-03 05:15:00,309.2105604947145,0.5479999999999999
3196,2026-01-03 05:16:00,309.1776138748955,0.384
3197,2026-01-03 05:17:00,309.13155189549656,0.33
3198,2026-01-03 05:18:00,309.1969050784142,0.312
3199,2026-01-03 05:19:00,309.05820498147705,0.42200000000000004
3200,2026-01-03 05:20:00,309.3150642429746,0.314
3201,2026-01-03 05:21:00,309.35038036252126,0.47600000000000003
3202,2026-01-03 05:22:00,308.63590381236077,0.514
3203,2026-01-03 05:23:00,308.62427844981187,0.324
3204,2026-01-03 05:24:00,308.9580779722115,0.29
3205,2026-01-03 05:25:00,309.5535120384361,0.512
3206,2026-01-03 05:26:00,309.06909526546076,0.163
3207,2026-01-03 05:27:00,310.14257681638395,0.276
3208,2026-01-03 05:28:00,310.296523164798,0.214
3209,2026-01-03 05:29:00,308.8851008677512,0.536
3210,2026-01-03 05:30:00,309.8641817370889,0.384
3211,2026-01-03 05:31:00,309.9578617723079,0.365
3212,2026-01-03 05:32:00,310.0686699908567,0.491
3213,2026-01-03 05:33:00,310.2200264303553,0.447
3214,2026-01-03 05:34:00,309.6802620919835,0.365
3215,2026-01-03 05:35:00,309.6071877169866,0.33799999999999997
3216,2026-01-03 05:36:00,308.9661401744154,0.40700000000000003
3217,2026-01-03 05:37:00,308.99198949698905,0.46
3218,2026-01-03 05:38:00,308.86262376385696,0.349
3219,2026-01-03 05:39:00,309.1028940975988,0.46799999999999997
3220,2026-01-03 05:40:00,309.72141923264024,0.43200000000000005
3221,2026-01-03 05:41:00,309.6735300764944,0.36
3222,2026-01-03 05:42:00,308.99096938647335,0.45299999999999996
3223,2026-01-03 05:43:00,309.25411917636734,0.38299999999999995
3224,2026-01-03 05:44:00,309.4017104172959,0.40700000000000003
3225,2026-01-03 05:45:00,309.37661985404026,0.384
3226,2026-01-03 05:46:00,308.88898983461206,0.205
3227,2026-01-03 05:47:00,308.5325175014733,0.624
3228,2026-01-03 05:48:00,309.28631928745926,0.268
3229,2026-01-03 05:49:00,309.5719556590107,0.256
3230,2026-01-03 05:50:00,309.635253045746,0.485
3231,2026-01-03 05:51:00,310.2982069201592,0.35200000000000004
3232,2026-01-03 05:52:00,309.3486354501262,0.434
3233,2026-01-03 05:53:00,309.89005903141407,0.424
3234,2026-01-03 05:54:00,309.4700489685152,0.281
3235,2026-01-03 05:55:00,308.77434811525126,0.48
3236,2026-01-03 05:56:00,309.01594227589163,0.327
3237,2026-01-03 05:57:00,309.62529992932184,0.42
3238,2026-01-03 05:58:00,309.36859082715887,0.311
3239,2026-01-03 05:59:00,309.0598564731937,0.39299999999999996
3240,2026-01-03 06:00:00,310.4497661725286,0.389
3241,2026-01-03 06:01:00,309.1373146745829,0.27
3242,2026-01-03 06:02:00,309.92367560366506,0.361
3243,2026-01-03 06:03:00,310.57458465587206,0.308
3244,2026-01-03 06:04:00,309.93508888244753,0.489
3245,2026-01-03 06:05:00,310.61493173713654,0.584
3246,2026-01-03 06:06:00,309.327739388942,0.429
3247,2026-01-03 06:07:00,309.0522508082513,0.396
3248,2026-01-03 06:08:00,310.13350593977066,0.19699999999999998
3249,2026-01-03 06:09:00,309.0992582369861,0.32899999999999996
3250,2026-01-03 06:10:00,310.4765271156898,0.316
3251,2026-01-03 06:11:00,310.0153176243526,0.17800000000000002
3252,2026-01-03 06:12:00,308.87207412494246,0.397
3253,2026-01-03 06:13:00,309.7187603527462,0.363
3254,2026-01-03 06:14:00,310.5872247179357,0.5479999999999999
3255,2026-01-03 06:15:00,310.6589851036575,0.441
3256,2026-01-03 06:16:00,310.27458522673646,0.536
3257,2026-01-03 06:17:00,309.8704937766667,0.568
3258,2026-01-03 06:18:00,310.03573421301746,0.415
3259,2026-01-03 06:19:00,310.3911388559054,0.37799999999999995
3260,2026-01-03 06:20:00,310.1994012470298,0.324
3261,2026-01-03 06:21:00,311.55775147477055,0.218
3262,2026-01-03 06:22:00,310.04698563632775,0.321
3263,2026-01-03 06:23:00,309.751493571129,0.308
3264,2026-01-03 06:24:00,310.1996794668523,0.36
3265,2026-01-03 06:25:00,309.7068929858179,0.314
3266,2026-01-03 06:26:00,310.36144640124115,0.363
3267,2026-01-03 06:27:00,309.9749493151059,0.409
3268,2026-01-03 06:28:00,309.00665328334753,0.41600000000000004
3269,2026-01-03 06:29:00,310.0302811687123,0.408
3270,2026-01-03 06:30:00,309.9091016247911,0.524
3271,2026-01-03 06:31:00,309.91996814860033,0.508
3272,2026-01-03 06:32:00,309.4140151403784,0.456
3273,2026-01-03 06:33:00,309.22524481839656,0.409
3274,2026-01-03 06:34:00,310.1339180210622,0.455
3275,2026-01-03 06:35:00,310.004704529292,0.507
3276,2026-01-03 06:36:00,310.1924105484409,0.297
3277,2026-01-03 06:37:00,309.38364839562473,0.376
3278,2026-01-03 06:38:00,309.11242152293966,0.326
3279,2026-01-03 06:39:00,310.5308030592612,0.31
3280,2026-01-03 06:40:00,310.673735526896,0.5660000000000001
3281,2026-01-03 06:41:00,310.0480797401286,0.423
3282,2026-01-03 06:42:00,310.5329174381619,0.455
3283,2026-01-03 06:43:00,310.909515428643,0.44299999999999995
3284,2026-01-03 06:44:00,310.2087682606949,0.545
3285,2026-01-03 06:45:00,310.9289662402728,0.341
3286,2026-01-03 06:46:00,310.6998438635128,0.434
3287,2026-01-03 06:47:00,310.0253968166177,0.43200000000000005
3288,2026-01-03 06:48:00,310.66958081795843,0.386
3289,2026-01-03 06:49:00,310.38000288385143,0.381
3290,2026-01-03 06:50:00,311.4461619194476,0.45799999999999996
3291,2026-01-03 06:51:00,310.5738738631872,0.384
3292,2026-01-03 06:52:00,310.831091009607,0.47700000000000004
3293,2026-01-03 06:53:00,310.9596668294141,0.486
3294,2026-01-03 06:54:00,311.03046428309966,0.499
3295,2026-01-03 06:55:00,310.90447764182267,0.457
3296,2026-01-03 06:56:00,310.79233326706066,0.483
3297,2026-01-03 06:57:00,310.51995239371377,0.5429999999999999
3298,2026-01-03 06:58:00,310.4432625605143,0.39899999999999997
3299,2026-01-03 06:59:00,310.4785527776777,0.434
3300,2026-01-03 07:00:00,311.23395926284076,0.501
3301,2026-01-03 07:01:00,310.0331020407816,0.467
3302,2026-01-03 07:02:00,310.56279604340733,0.447
3303,2026-01-03 07:03:00,310.22064837268533,0.289
3304,2026-01-03 07:04:00,310.71934952009826,0.319
3305,2026-01-03 07:05:00,310.57123544733827,0.435
3306,2026-01-03 07:06:00,310.91164810321675,0.43
3307,2026-01-03 07:07:00,310.93470543703785,0.606
3308,2026-01-03 07:08:00,310.3725876642083,0.287
3309,2026-01-03 07:09:00,310.4884754899794,0.49700000000000005
3310,2026-01-03 07:10:00,310.7727905636738,0.306
3311,2026-01-03 07:11:00,310.60654183927375,0.16399999999999998
3312,2026-01-03 07:12:00,310.2910360214833,0.41
3313,2026-01-03 07:13:00,310.71889290760976,0.529
3314,2026-01-03 07:14:00,310.3727375599893,0.36700000000000005
3315,2026-01-03 07:15:00,311.3466954263526,0.341
3316,2026-01-03 07:16:00,309.80607023515506,0.337
3317,2026-01-03 07:17:00,311.11924178408134,0.20199999999999999
3318,2026-01-03 07:18:00,311.0327964545702,0.142
3319,2026-01-03 07:19:00,310.2633535119068,0.439
3320,2026-01-03 07:20:00,311.26446267667916,0.297
3321,2026-01-03 07:21:00,310.1510204085617,0.507
3322,2026-01-03 07:22:00,310.4453726577033,0.445
3323,2026-01-03 07:23:00,310.60964525842877,0.316
3324,2026-01-03 07:24:00,310.6692271584481,0.495
3325,2026-01-03 07:25:00,311.46039196093153,0.342
3326,2026-01-03 07:26:00,311.0945512640633,0.312
3327,2026-01-03 07:27:00,310.27818706529825,0.354
3328,2026-01-03 07:28:00,310.6722099705635,0.341
3329,2026-01-03 07:29:00,310.26161223092987,0.409
3330,2026-01-03 07:30:00,312.2226875729778,0.452
3331,2026-01-03 07:31:00,310.6354131610048,0.441
3332,2026-01-03 07:32:00,310.3574992518766,0.52
3333,2026-01-03 07:33:00,311.0836948929837,0.524
3334,2026-01-03 07:34:00,310.4654414578645,0.364
3335,2026-01-03 07:35:00,311.6761606697711,0.27899999999999997
3336,2026-01-03 07:36:00,310.2475010039181,0.341
3337,2026-01-03 07:37:00,310.4268619402227,0.243
3338,2026-01-03 07:38:00,310.8295792177832,0.418
3339,2026-01-03 07:39:00,310.92829933930733,0.40700000000000003
3340,2026-01-03 07:40:00,310.79071712417056,0.278
3341,2026-01-03 07:41:00,311.18200566940493,0.626
3342,2026-01-03 07:42:00,311.88769072479136,0.314
3343,2026-01-03 07:43:00,310.6671095557766,0.34600000000000003
3344,2026-01-03 07:44:00,310.9704066413182,0.316
3345,2026-01-03 07:45:00,310.9567505146491,0.402
3346,2026-01-03 07:46:00,311.23894748871504,0.49
3347,2026-01-03 07:47:00,311.29053059733053,0.578
3348,2026-01-03 07:48:00,309.95472724993147,0.517
3349,2026-01-03 07:49:00,310.3049507073674,0.366
3350,2026-01-03 07:50:00,310.61828385635073,0.419
3351,2026-01-03 07:51:00,310.564911487719,0.465
3352,2026-01-03 07:52:00,311.082373301113,0.40700000000000003
3353,2026-01-03 07:53:00,310.1121515487939,0.439
3354,2026-01-03 07:54:00,310.99030320087576,0.433
3355,2026-01-03 07:55:00,310.5012917427223,0.395
3356,2026-01-03 07:56:00,309.4731836609284,0.303
3357,2026-01-03 07:57:00,310.82979530230557,0.32299999999999995
3358,2026-01-03 07:58:00,311.4539143244676,0.262
3359,2026-01-03 07:59:00,310.4242712304433,0.585
3360,2026-01-03 08:00:00,310.992579100378,0.08
3361,2026-01-03 08:01:00,309.79975510323345,0.322
3362,2026-01-03 08:02:00,311.2815900065767,0.218
3363,2026-01-03 08:03:00,310.6482619199885,0.44299999999999995
3364,2026-01-03 08:04:00,310.732239680143,0.35200000000000004
3365,2026-01-03 08:05:00,310.5740073065964,0.506
3366,2026-01-03 08:06:00,309.9662632417054,0.469
3367,2026-01-03 08:07:00,310.83241237752645,0.475
3368,2026-01-03 08:08:00,309.7177609738552,0.29600000000000004
3369,2026-01-03 08:09:00,310.7426216808508,0.331
3370,2026-01-03 08:10:00,311.18090157319284,0.377
3371,2026-01-03 08:11:00,310.3984220199947,0.363
3372,2026-01-03 08:12:00,310.8789970829278,0.47600000000000003
3373,2026-01-03 08:13:00,310.24974316551777,0.385
3374,2026-01-03 08:14:00,310.17218090694814,0.336
3375,2026-01-03 08:15:00,310.1786934442156,0.40700000000000003
3376,2026-01-03 08:16:00,310.97622339144294,0.436
3377,2026-01-03 08:17:00,310.657045786272,0.387
3378,2026-01-03 08:18:00,311.4610331254713,0.653
3379,2026-01-03 08:19:00,310.68696843087474,0.48
3380,2026-01-03 08:20:00,310.7884030154989,0.532
3381,2026-01-03 08:21:00,311.0418170350714,0.40399999999999997
3382,2026-01-03 08:22:00,310.72267311967914,0.473
3383,2026-01-03 08:23:00,310.8782012581478,0.473
3384,2026-01-03 08:24:00,311.0956631157203,0.48100000000000004
3385,2026-01-03 08:25:00,310.57001283107,0.423
3386,2026-01-03 08:26:00,311.4596719716048,0.33299999999999996
3387,2026-01-03 08:27:00,310.1651411247354,0.35
3388,2026-01-03 08:28:00,310.81354964744827,0.307
3389,2026-01-03 08:29:00,310.71240492152623,0.307
3390,2026-01-03 08:30:00,309.6979167905099,0.342
3391,2026-01-03 08:31:00,311.17989581127296,0.444
3392,2026-01-03 08:32:00,310.87503011086164,0.34299999999999997
3393,2026-01-03 08:33:00,311.7711626825269,0.5329999999999999
3394,2026-01-03 08:34:00,310.5052612445735,0.527
3395,2026-01-03 08:35:00,310.05099052155407,0.309
3396,2026-01-03 08:36:00,311.03267772378535,0.325
3397,2026-01-03 08:37:00,310.08376091881576,0.44
3398,2026-01-03 08:38:00,310.837409355448,0.498
3399,2026-01-03 08:39:00,310.29203467821105,0.41600000000000004
3400,2026-01-03 08:40:00,310.1586020253159,0.3
3401,2026-01-03 08:41:00,309.73412276998016,0.397
3402,2026-01-03 08:42:00,310.1034639757316,0.557
3403,2026-01-03 08:43:00,309.96598424631975,0.556
3404,2026-01-03 08:44:00,311.22071555493363,0.363
3405,2026-01-03 08:45:00,310.0406833880237,0.41200000000000003
3406,2026-01-03 08:46:00,310.0937761569261,0.369
3407,2026-01-03 08:47:00,310.9167032471242,0.446
3408,2026-01-03 08:48:00,310.05798293708995,0.337
3409,2026-01-03 08:49:00,311.14506417549836,0.40399999999999997
3410,2026-01-03 08:50:00,310.26061650725296,0.33799999999999997
3411,2026-01-03 08:51:00,311.19087256367726,0.235
3412,2026-01-03 08:52:00,311.01551636846506,0.298
3413,2026-01-03 08:53:00,310.4786569669088,0.341
3414,2026-01-03 08:54:00,309.62929045611315,0.35200000000000004
3415,2026-01-03 08:55:00,309.5364800831066,0.32899999999999996
3416,2026-01-03 08:56:00,310.3355930213609,0.335
3417,2026-01-03 08:57:00,309.735054498806,0.48700000000000004
3418,2026-01-03 08:58:00,310.3519527293297,0.344
3419,2026-01-03 08:59:00,310.8943466190692,0.494
3420,2026-01-03 09:00:00,310.39955699998353,0.34299999999999997
3421,2026-01-03 09:01:00,311.0241163335963,0.262
3422,2026-01-03 09:02:00,309.23226688873586,0.436
3423,2026-01-03 09:03:00,309.9810981827934,0.207
3424,2026-01-03 09:04:00,310.95229894982015,0.23600000000000002
3425,2026-01-03 09:05:00,311.09140772033845,0.441
3426,2026-01-03 09:06:00,310.4967315033863,0.5489999999999999
3427,2026-01-03 09:07:00,310.86601514780534,0.48100000000000004
3428,2026-01-03 09:08:00,310.3410443009875,0.158
3429,2026-01-03 09:09:00,310.2167171172184,0.375
3430,2026-01-03 09:10:00,310.565677688998,0.414
3431,2026-01-03 09:11:00,310.69843201666947,0.415
3432,2026-01-03 09:12:00,310.9418626009677,0.39399999999999996
3433,2026-01-03 09:13:00,310.55882179363874,0.525
3434,2026-01-03 09:14:00,310.1206176670052,0.39
3435,2026-01-03 09:15:00,310.7957111403379,0.507
3436,2026-01-03 09:16:00,310.34839406897794,0.361
3437,2026-01-03 09:17:00,310.48683696545936,0.495
3438,2026-01-03 09:18:00,310.8519947922391,0.345
3439,2026-01-03 09:19:00,310.2772099811432,0.366
3440,2026-01-03 09:20:00,310.5235047560069,0.33299999999999996
3441,2026-01-03 09:21:00,310.7678091041382,0.434
3442,2026-01-03 09:22:00,310.73997617023616,0.439
3443,2026-01-03 09:23:00,310.0940401621025,0.32299999999999995
3444,2026-01-03 09:24:00,310.26416322731984,0.544
3445,2026-01-03 09:25:00,309.77875590900425,0.218
3446,2026-01-03 09:26:00,309.91721434509043,0.415
3447,2026-01-03 09:27:00,311.21915011632245,0.386
3448,2026-01-03 09:28:00,310.40395327694046,0.12
3449,2026-01-03 09:29:00,311.3642063636045,0.466
3450,2026-01-03 09:30:00,309.8012013916163,0.542
3451,2026-01-03 09:31:00,310.27383669504866,0.41600000000000004
3452,2026-01-03 09:32:00,309.91731897153,0.495
3453,2026-01-03 09:33:00,310.4532789224194,0.271
3454,2026-01-03 09:34:00,310.5948670990229,0.255
3455,2026-01-03 09:35:00,309.4977804696985,0.597
3456,2026-01-03 09:36:00,311.05133506132796,0.457
3457,2026-01-03 09:37:00,310.37212379745745,0.569
3458,2026-01-03 09:38:00,310.19147160444714,0.442
3459,2026-01-03 09:39:00,310.01700538236884,0.18600000000000003
3460,2026-01-03 09:40:00,310.29532678591494,0.479
3461,2026-01-03 09:41:00,311.69405231934593,0.265
3462,2026-01-03 09:42:00,311.0030735869359,0.493
3463,2026-01-03 09:43:00,310.9771552095725,0.433
3464,2026-01-03 09:44:00,310.6785574666796,0.33399999999999996
3465,2026-01-03 09:45:00,310.83804034872054,0.353
3466,2026-01-03 09:46:00,310.26204495971217,0.33399999999999996
3467,2026-01-03 09:47:00,310.913827233781,0.43799999999999994
3468,2026-01-03 09:48:00,310.41825596095345,0.41700000000000004
3469,2026-01-03 09:49:00,310.56375893637653,0.308
3470,2026-01-03 09:50:00,310.57375147829487,0.31
3471,2026-01-03 09:51:00,311.2383939997489,0.5820000000000001
3472,2026-01-03 09:52:00,309.8811355147072,0.315
3473,2026-01-03 09:53:00,310.4836550688558,0.376
3474,2026-01-03 09:54:00,310.55069091184,0.42700000000000005
3475,2026-01-03 09:55:00,310.9226509016758,0.39
3476,2026-01-03 09:56:00,310.88730481063607,0.47700000000000004
3477,2026-01-03 09:57:00,310.7477265200084,0.298
3478,2026-01-03 09:58:00,310.2668567132953,0.38799999999999996
3479,2026-01-03 09:59:00,311.6497843303228,0.5479999999999999
3480,2026-01-03 10:00:00,310.43438660063015,0.36700000000000005
3481,2026-01-03 10:01:00,311.0253700968923,0.284
3482,2026-01-03 10:02:00,311.3939145395387,0.34299999999999997
3483,2026-01-03 10:03:00,311.2516965006514,0.636
3484,2026-01-03 10:04:00,310.46099967639174,0.354
3485,2026-01-03 10:05:00,310.9364895411351,0.457
3486,2026-01-03 10:06:00,311.4857561090758,0.474
3487,2026-01-03 10:07:00,310.8079021080132,0.48
3488,2026-01-03 10:08:00,311.17679388308227,0.331
3489,2026-01-03 10:09:00,311.2965661348992,0.5489999999999999
3490,2026-01-03 10:10:00,309.7813388771078,0.43799999999999994
3491,2026-01-03 10:11:00,311.58091113191085,0.26
3492,2026-01-03 10:12:00,311.24146709805586,0.636
3493,2026-01-03 10:13:00,310.307407522355,0.446
3494,2026-01-03 10:14:00,311.21849796164145,0.47600000000000003
3495,2026-01-03 10:15:00,311.89700895059735,0.413
3496,2026-01-03 10:16:00,310.69181090129536,0.267
3497,2026-01-03 10:17:00,310.2533044162072,0.47200000000000003
3498,2026-01-03 10:18:00,310.91477771449195,0.344
3499,2026-01-03 10:19:00,310.6531912459893,0.33
3500,2026-01-03 10:20:00,311.63715950617643,0.272
3501,2026-01-03 10:21:00,312.03189996211603,0.426
3502,2026-01-03 10:22:00,310.9898219052733,0.53
3503,2026-01-03 10:23:00,310.85016207192245,0.495
3504,2026-01-03 10:24:00,310.91589209105854,0.525
3505,2026-01-03 10:25:00,310.46726484841406,0.498
3506,2026-01-03 10:26:00,311.07937298509484,0.4
3507,2026-01-03 10:27:00,311.19500448188717,0.478
3508,2026-01-03 10:28:00,311.09210549015177,0.35200000000000004
3509,2026-01-03 10:29:00,311.01998514786067,0.449
3510,2026-01-03 10:30:00,311.2602546205561,0.325
3511,2026-01-03 10:31:00,311.09726717855534,0.322
3512,2026-01-03 10:32:00,310.515878582377,0.389
3513,2026-01-03 10:33:00,310.8856269670332,0.325
3514,2026-01-03 10:34:00,311.5610223986882,0.39299999999999996
3515,2026-01-03 10:35:00,310.59119900411383,0.48200000000000004
3516,2026-01-03 10:36:00,311.1249733804268,0.317
3517,2026-01-03 10:37:00,310.683832540938,0.376
3518,2026-01-03 10:38:00,311.2018465554,0.389
3519,2026-01-03 10:39:00,310.6576853012092,0.531
3520,2026-01-03 10:40:00,311.7686549730643,0.39
3521,2026-01-03 10:41:00,310.76798881115343,0.43700000000000006
3522,2026-01-03 10:42:00,311.0730674928645,0.332
3523,2026-01-03 10:43:00,310.4144229649391,0.40299999999999997
3524,2026-01-03 10:44:00,311.36386985924327,0.36200000000000004
3525,2026-01-03 10:45:00,311.4672816000162,0.26
3526,2026-01-03 10:46:00,310.6493011355792,0.299
3527,2026-01-03 10:47:00,309.99760498723373,0.342
3528,2026-01-03 10:48:00,311.1419638045692,0.215
3529,2026-01-03 10:49:00,311.630082154799,0.36
3530,2026-01-03 10:50:00,310.74005735001634,0.325
3531,2026-01-03 10:51:00,309.973525369781,0.314
3532,2026-01-03 10:52:00,310.81181054830716,0.434
3533,2026-01-03 10:53:00,310.70568541238634,0.247
3534,2026-01-03 10:54:00,310.96211102690273,0.365
3535,2026-01-03 10:55:00,311.1324645701617,0.37
3536,2026-01-03 10:56:00,310.4227440985877,0.386
3537,2026-01-03 10:57:00,310.38010849211685,0.519
3538,2026-01-03 10:58:00,311.26702439610546,0.48100000000000004
3539,2026-01-03 10:59:00,310.9736745466394,0.345
3540,2026-01-03 11:00:00,311.70583344702635,0.604
3541,2026-01-03 11:01:00,311.52065017108293,0.415
3542,2026-01-03 11:02:00,311.0812520768709,0.242
3543,2026-01-03 11:03:00,311.62610611518835,0.523
3544,2026-01-03 11:04:00,311.0560631217127,0.37799999999999995
3545,2026-01-03 11:05:00,310.5209865496605,0.43200000000000005
3546,2026-01-03 11:06:00,309.84496654478147,0.377
3547,2026-01-03 11:07:00,311.37300983700226,0.315
3548,2026-01-03 11:08:00,310.38460893765784,0.433
3549,2026-01-03 11:09:00,311.2921277681628,0.262
3550,2026-01-03 11:10:00,312.02265723168057,0.299
3551,2026-01-03 11:11:00,310.52091603472195,0.324
3552,2026-01-03 11:12:00,311.3012595852762,0.385
3553,2026-01-03 11:13:00,311.3777984002671,0.43799999999999994
3554,2026-01-03 11:14:00,311.0775280646874,0.358
3555,2026-01-03 11:15:00,310.72695122916656,0.42200000000000004
3556,2026-01-03 11:16:00,311.8396780470395,0.52
3557,2026-01-03 11:17:00,310.675237074293,0.623
3558,2026-01-03 11:18:00,311.6719195305688,0.341
3559,2026-01-03 11:19:00,310.360211554275,0.547
3560,2026-01-03 11:20:00,310.3431904790824,0.359
3561,2026-01-03 11:21:00,310.56576045970434,0.46299999999999997
3562,2026-01-03 11:22:00,310.8475672907287,0.27699999999999997
3563,2026-01-03 11:23:00,311.0665152976616,0.507
3564,2026-01-03 11:24:00,311.21063331726725,0.484
3565,2026-01-03 11:25:00,310.7541539693392,0.46
3566,2026-01-03 11:26:00,310.72530539598,0.391
3567,2026-01-03 11:27:00,309.6609352958825,0.41700000000000004
3568,2026-01-03 11:28:00,310.9307018697042,0.39
3569,2026-01-03 11:29:00,310.1736692608319,0.359
3570,2026-01-03 11:30:00,310.42223285160674,0.11800000000000001
3571,2026-01-03 11:31:00,310.7811282152935,0.319
3572,2026-01-03 11:32:00,310.6158334447788,0.402
3573,2026-01-03 11:33:00,310.0647216203196,0.505
3574,2026-01-03 11:34:00,310.15198768888047,0.293
3575,2026-01-03 11:35:00,310.85538034230433,0.6890000000000001
3576,2026-01-03 11:36:00,310.6040549698042,0.25
3577,2026-01-03 11:37:00,310.21481822490824,0.349
3578,2026-01-03 11:38:00,310.89016915247987,0.386
3579,2026-01-03 11:39:00,310.31512133109663,0.445
3580,2026-01-03 11:40:00,310.31995706207664,0.13699999999999998
3581,2026-01-03 11:41:00,311.00837187563394,0.46799999999999997
3582,2026-01-03 11:42:00,310.66630086051634,0.414
3583,2026-01-03 11:43:00,310.3944021896636,0.45399999999999996
3584,2026-01-03 11:44:00,309.8310956751236,0.449
3585,2026-01-03 11:45:00,310.92674556058955,0.457
3586,2026-01-03 11:46:00,309.82036241929853,0.41100000000000003
3587,2026-01-03 11:47:00,310.83082556615767,0.5
3588,2026-01-03 11:48:00,312.1608102341872,0.33
3589,2026-01-03 11:49:00,311.0036739130517,0.532
3590,2026-01-03 11:50:00,310.5173714128887,0.505
3591,2026-01-03 11:51:00,310.5360485768926,0.34700000000000003
3592,2026-01-03 11:52:00,310.4824493615284,0.431
3593,2026-01-03 11:53:00,310.6854884548731,0.452
3594,2026-01-03 11:54:00,310.67238482619564,0.4
3595,2026-01-03 11:55:00,310.6929278941885,0.33299999999999996
3596,2026-01-03 11:56:00,310.2388411302173,0.319
3597,2026-01-03 11:57:00,310.3296705419922,0.55
3598,2026-01-03 11:58:00,310.56357722535324,0.33799999999999997
3599,2026-01-03 11:59:00,310.68343009205535,0.21600000000000003
3600,2026-01-03 12:00:00,310.88671293168807,0.325
3601,2026-01-03 12:01:00,311.08705220065485,0.324
3602,2026-01-03 12:02:00,311.39886841473174,0.46399999999999997
3603,2026-01-03 12:03:00,310.0873258950481,0.37799999999999995
3604,2026-01-03 12:04:00,311.223872115067,0.39399999999999996
3605,2026-01-03 12:05:00,310.3975163524916,0.33299999999999996
3606,2026-01-03 12:06:00,311.22175219456346,0.316
3607,2026-01-03 12:07:00,311.11228695521197,0.42200000000000004
3608,2026-01-03 12:08:00,311.59652888031013,0.41600000000000004
3609,2026-01-03 12:09:00,311.0888200306581,0.46299999999999997
3610,2026-01-03 12:10:00,311.63294168578506,0.442
3611,2026-01-03 12:11:00,310.9365847406608,0.418
3612,2026-01-03 12:12:00,311.06980834102944,0.29100000000000004
3613,2026-01-03 12:13:00,311.71608930152445,0.39899999999999997
3614,2026-01-03 12:14:00,310.6165286652559,0.364
3615,2026-01-03 12:15:00,311.4117065368394,0.359
3616,2026-01-03 12:16:00,310.38908959582636,0.434
3617,2026-01-03 12:17:00,311.9076232773473,0.53
3618,2026-01-03 12:18:00,310.76830195567294,0.306
3619,2026-01-03 12:19:00,311.8998321526776,0.321
3620,2026-01-03 12:20:00,312.0300052659495,0.441
3621,2026-01-03 12:21:00,311.5854413503975,0.273
3622,2026-01-03 12:22:00,310.83104442970733,0.36200000000000004
3623,2026-01-03 12:23:00,311.2902114276571,0.306
3624,2026-01-03 12:24:00,310.8153323287223,0.406
3625,2026-01-03 12:25:00,311.2483179931261,0.377
3626,2026-01-03 12:26:00,311.3823442268285,0.35100000000000003
3627,2026-01-03 12:27:00,312.78316726359475,0.465
3628,2026-01-03 12:28:00,311.07455936864136,0.316
3629,2026-01-03 12:29:00,311.8025055440226,0.44799999999999995
3630,2026-01-03 12:30:00,312.0738401423725,0.35
3631,2026-01-03 12:31:00,311.774080330654,0.391
3632,2026-01-03 12:32:00,311.8775360445962,0.418
3633,2026-01-03 12:33:00,311.29903904139854,0.5760000000000001
3634,2026-01-03 12:34:00,311.5573161833765,0.264
3635,2026-01-03 12:35:00,311.62330268674094,0.324
3636,2026-01-03 12:36:00,311.4446476036249,0.435
3637,2026-01-03 12:37:00,312.44909744082986,0.257
3638,2026-01-03 12:38:00,310.86028009104143,0.43799999999999994
3639,2026-01-03 12:39:00,311.20853118673864,0.47
3640,2026-01-03 12:40:00,311.46898198801824,0.40399999999999997
3641,2026-01-03 12:41:00,310.32221193209784,0.397
3642,2026-01-03 12:42:00,312.00232791607095,0.449
3643,2026-01-03 12:43:00,311.60370038025,0.508
3644,2026-01-03 12:44:00,312.25019221202314,0.374
3645,2026-01-03 12:45:00,311.0966918413827,0.359
3646,2026-01-03 12:46:00,312.11633009119873,0.309
3647,2026-01-03 12:47:00,312.04017186498527,0.536
3648,2026-01-03 12:48:00,310.9583387468545,0.45399999999999996
3649,2026-01-03 12:49:00,310.9446510282068,0.445
3650,2026-01-03 12:50:00,311.51923793670835,0.25
3651,2026-01-03 12:51:00,311.5907840267781,0.491
3652,2026-01-03 12:52:00,311.2365223595679,0.366
3653,2026-01-03 12:53:00,312.14630704327067,0.376
3654,2026-01-03 12:54:00,311.45583774799076,0.41700000000000004
3655,2026-01-03 12:55:00,312.0816520605088,0.308
3656,2026-01-03 12:56:00,312.68301885728147,0.506
3657,2026-01-03 12:57:00,310.55984636145865,0.39899999999999997
3658,2026-01-03 12:58:00,311.4001507885645,0.34299999999999997
3659,2026-01-03 12:59:00,311.27829178538406,0.387
3660,2026-01-03 13:00:00,312.00725139327955,0.402
3661,2026-01-03 13:01:00,311.5304855241868,0.275
3662,2026-01-03 13:02:00,311.2498113372086,0.396
3663,2026-01-03 13:03:00,311.88713641184984,0.32299999999999995
3664,2026-01-03 13:04:00,312.3452639929507,0.445
3665,2026-01-03 13:05:00,311.5314870355175,0.524
3666,2026-01-03 13:06:00,311.92318248606574,0.231
3667,2026-01-03 13:07:00,311.0035826464963,0.38
3668,2026-01-03 13:08:00,311.62368907769275,0.536
3669,2026-01-03 13:09:00,311.4701807966238,0.331
3670,2026-01-03 13:10:00,310.81536149050595,0.34
3671,2026-01-03 13:11:00,310.6487755106573,0.312
3672,2026-01-03 13:12:00,310.47056332006804,0.451
3673,2026-01-03 13:13:00,311.43774462166675,0.348
3674,2026-01-03 13:14:00,311.2810020401116,0.391
3675,2026-01-03 13:15:00,311.4286009070581,0.653
3676,2026-01-03 13:16:00,311.5644666899236,0.516
3677,2026-01-03 13:17:00,311.5488546181761,0.505
3678,2026-01-03 13:18:00,311.29760398028696,0.307
3679,2026-01-03 13:19:00,311.190920825596,0.45799999999999996
3680,2026-01-03 13:20:00,311.9511121549374,0.22699999999999998
3681,2026-01-03 13:21:00,310.91365561676616,0.436
3682,2026-01-03 13:22:00,310.9172115535284,0.469
3683,2026-01-03 13:23:00,311.87311007383005,0.244
3684,2026-01-03 13:24:00,310.6019533738597,0.315
3685,2026-01-03 13:25:00,311.9289571553184,0.45
3686,2026-01-03 13:26:00,310.8413196153839,0.373
3687,2026-01-03 13:27:00,311.6595163640926,0.46799999999999997
3688,2026-01-03 13:28:00,310.6896098525506,0.231
3689,2026-01-03 13:29:00,310.8707623422744,0.264
3690,2026-01-03 13:30:00,310.4810124926736,0.332
3691,2026-01-03 13:31:00,309.8229034970176,0.503
3692,2026-01-03 13:32:00,310.6109677469264,0.48
3693,2026-01-03 13:33:00,311.1184762177459,0.449
3694,2026-01-03 13:34:00,311.28312356315416,0.495
3695,2026-01-03 13:35:00,311.2125049693493,0.495
3696,2026-01-03 13:36:00,312.0493481877071,0.27699999999999997
3697,2026-01-03 13:37:00,311.4720896166429,0.41100000000000003
3698,2026-01-03 13:38:00,310.59137977317215,0.384
3699,2026-01-03 13:39:00,312.11738672741836,0.446
3700,2026-01-03 13:40:00,311.399258206847,0.26899999999999996
3701,2026-01-03 13:41:00,311.5352864896289,0.38299999999999995
3702,2026-01-03 13:42:00,311.57579695107,0.385
3703,2026-01-03 13:43:00,311.3202766553676,0.331
3704,2026-01-03 13:44:00,310.9479590617074,0.35600000000000004
3705,2026-01-03 13:45:00,311.61209793765903,0.239
3706,2026-01-03 13:46:00,311.4781759380967,0.452
3707,2026-01-03 13:47:00,311.5181482440024,0.32299999999999995
3708,2026-01-03 13:48:00,310.5648544633277,0.441
3709,2026-01-03 13:49:00,311.3633506753831,0.441
3710,2026-01-03 13:50:00,311.46082252346594,0.39899999999999997
3711,2026-01-03 13:51:00,310.7115613469925,0.41200000000000003
3712,2026-01-03 13:52:00,310.9419307764798,0.436
3713,2026-01-03 13:53:00,311.5631245247363,0.418
3714,2026-01-03 13:54:00,311.12443741792976,0.244
3715,2026-01-03 13:55:00,311.3949993672263,0.47700000000000004
3716,2026-01-03 13:56:00,311.17426162552033,0.375
3717,2026-01-03 13:57:00,311.3606419025495,0.36700000000000005
3718,2026-01-03 13:58:00,311.8692397863899,0.243
3719,2026-01-03 13:59:00,311.11136956116707,0.445
3720,2026-01-03 14:00:00,310.6268925548324,0.615
3721,2026-01-03 14:01:00,311.7664414169775,0.47700000000000004
3722,2026-01-03 14:02:00,311.9336624381746,0.43
3723,2026-01-03 14:03:00,311.18400825842593,0.498
3724,2026-01-03 14:04:00,310.7495984249665,0.396
3725,2026-01-03 14:05:00,311.25865009056827,0.24
3726,2026-01-03 14:06:00,310.6105090893919,0.586
3727,2026-01-03 14:07:00,310.51189338161737,0.306
3728,2026-01-03 14:08:00,310.82376368130105,0.486
3729,2026-01-03 14:09:00,311.2407080637243,0.43799999999999994
3730,2026-01-03 14:10:00,311.7360376075419,0.29600000000000004
3731,2026-01-03 14:11:00,310.92908946459335,0.49700000000000005
3732,2026-01-03 14:12:00,310.96322947475994,0.382
3733,2026-01-03 14:13:00,311.0648777620657,0.35
3734,2026-01-03 14:14:00,311.79216543391493,0.24600000000000002
3735,2026-01-03 14:15:00,311.2092751154133,0.531
3736,2026-01-03 14:16:00,311.2949761763633,0.258
3737,2026-01-03 14:17:00,311.597379138922,0.475
3738,2026-01-03 14:18:00,312.06105348269284,0.38799999999999996
3739,2026-01-03 14:19:00,311.09053863142424,0.39
3740,2026-01-03 14:20:00,311.1599049030574,0.33899999999999997
3741,2026-01-03 14:21:00,310.2833581323281,0.299
3742,2026-01-03 14:22:00,310.43279527080983,0.42200000000000004
3743,2026-01-03 14:23:00,311.1308509904067,0.40299999999999997
3744,2026-01-03 14:24:00,310.6024560875185,0.46799999999999997
3745,2026-01-03 14:25:00,310.4563824126975,0.43700000000000006
3746,2026-01-03 14:26:00,310.6874857576246,0.515
3747,2026-01-03 14:27:00,311.0427604290923,0.331
3748,2026-01-03 14:28:00,311.39666128075606,0.337
3749,2026-01-03 14:29:00,311.3421289210013,0.474
3750,2026-01-03 14:30:00,310.80026444599326,0.47
3751,2026-01-03 14:31:00,309.9440198906444,0.46799999999999997
3752,2026-01-03 14:32:00,310.9245235647992,0.371
3753,2026-01-03 14:33:00,310.6018813916588,0.377
3754,2026-01-03 14:34:00,311.18239618987303,0.479
3755,2026-01-03 14:35:00,310.662049571722,0.546
3756,2026-01-03 14:36:00,311.9256090997102,0.518
3757,2026-01-03 14:37:00,310.4255458168431,0.53
3758,2026-01-03 14:38:00,310.96909912445625,0.35600000000000004
3759,2026-01-03 14:39:00,310.47478762306446,0.342
3760,2026-01-03 14:40:00,310.8490701521094,0.47
3761,2026-01-03 14:41:00,310.765393845182,0.31
3762,2026-01-03 14:42:00,310.95861683797335,0.49700000000000005
3763,2026-01-03 14:43:00,311.36495789352864,0.44799999999999995
3764,2026-01-03 14:44:00,311.86408221123924,0.22399999999999998
3765,2026-01-03 14:45:00,311.12542472024546,0.457
3766,2026-01-03 14:46:00,310.0050856325724,0.233
3767,2026-01-03 14:47:00,310.71339403770145,0.368
3768,2026-01-03 14:48:00,309.13664539962764,0.301
3769,2026-01-03 14:49:00,311.6162734038549,0.544
3770,2026-01-03 14:50:00,311.3762154405311,0.311
3771,2026-01-03 14:51:00,310.84873197758156,0.429
3772,2026-01-03 14:52:00,310.6966290007314,0.43799999999999994
3773,2026-01-03 14:53:00,311.2455859779644,0.23800000000000002
3774,2026-01-03 14:54:00,310.573029500484,0.47600000000000003
3775,2026-01-03 14:55:00,311.2228048252787,0.297
3776,2026-01-03 14:56:00,311.3567263710059,0.36700000000000005
3777,2026-01-03 14:57:00,310.0974993700233,0.366
3778,2026-01-03 14:58:00,311.053891355094,0.473
3779,2026-01-03 14:59:00,309.8204503553832,0.48100000000000004
3780,2026-01-03 15:00:00,310.7112206907676,0.324
3781,2026-01-03 15:01:00,310.3831671889012,0.489
3782,2026-01-03 15:02:00,310.7331303929705,0.431
3783,2026-01-03 15:03:00,311.63766191029293,0.35
3784,2026-01-03 15:04:00,311.08147249989094,0.493
3785,2026-01-03 15:05:00,311.2054569804793,0.483
3786,2026-01-03 15:06:00,310.23697122223973,0.413
3787,2026-01-03 15:07:00,311.2083837417391,0.375
3788,2026-01-03 15:08:00,311.16329950427905,0.368
3789,2026-01-03 15:09:00,311.15442197572963,0.257
3790,2026-01-03 15:10:00,311.12511896592815,0.34
3791,2026-01-03 15:11:00,310.90872452388555,0.231
3792,2026-01-03 15:12:00,310.485093650573,0.276
3793,2026-01-03 15:13:00,310.87716804885827,0.442
3794,2026-01-03 15:14:00,311.5003835964616,0.375
3795,2026-01-03 15:15:00,311.02241918012686,0.33399999999999996
3796,2026-01-03 15:16:00,310.66542869702437,0.365
3797,2026-01-03 15:17:00,311.34167337467153,0.44
3798,2026-01-03 15:18:00,311.346231272141,0.355
3799,2026-01-03 15:19:00,310.7314617279011,0.245
3800,2026-01-03 15:20:00,310.0809417774656,0.5660000000000001
3801,2026-01-03 15:21:00,310.9269018385408,0.381
3802,2026-01-03 15:22:00,310.6554933883215,0.303
3803,2026-01-03 15:23:00,310.564090288635,0.5
3804,2026-01-03 15:24:00,310.26110413845277,0.449
3805,2026-01-03 15:25:00,311.01070337948124,0.591
3806,2026-01-03 15:26:00,311.17781986589813,0.249
3807,2026-01-03 15:27:00,310.42375958173574,0.47600000000000003
3808,2026-01-03 15:28:00,310.6688999432857,0.52
3809,2026-01-03 15:29:00,310.8264014537458,0.428
3810,2026-01-03 15:30:00,311.2875609454547,0.364
3811,2026-01-03 15:31:00,310.6037977674777,0.414
3812,2026-01-03 15:32:00,310.82669442069965,0.335
3813,2026-01-03 15:33:00,310.69073835645787,0.442
3814,2026-01-03 15:34:00,309.979678576638,0.361
3815,2026-01-03 15:35:00,310.89004872462675,0.303
3816,2026-01-03 15:36:00,310.5241281010329,0.489
3817,2026-01-03 15:37:00,310.89937691925735,0.43799999999999994
3818,2026-01-03 15:38:00,310.4320952638882,0.41600000000000004
3819,2026-01-03 15:39:00,310.1035756339379,0.278
3820,2026-01-03 15:40:00,311.4990853268952,0.484
3821,2026-01-03 15:41:00,310.6425544611031,0.22699999999999998
3822,2026-01-03 15:42:00,310.5901355372472,0.297
3823,2026-01-03 15:43:00,309.97465293297626,0.435
3824,2026-01-03 15:44:00,310.64212254483743,0.366
3825,2026-01-03 15:45:00,312.06728746459464,0.5710000000000001
3826,2026-01-03 15:46:00,311.14437105424446,0.431
3827,2026-01-03 15:47:00,312.4193954848781,0.439
3828,2026-01-03 15:48:00,311.0008709899951,0.479
3829,2026-01-03 15:49:00,311.0780756267367,0.245
3830,2026-01-03 15:50:00,310.9893524229832,0.335
3831,2026-01-03 15:51:00,312.0133490112376,0.331
3832,2026-01-03 15:52:00,311.6863880134575,0.428
3833,2026-01-03 15:53:00,311.3849945182619,0.401
3834,2026-01-03 15:54:00,311.2683964861085,0.601
3835,2026-01-03 15:55:00,310.3553288682254,0.45899999999999996
3836,2026-01-03 15:56:00,310.9590001823024,0.327
3837,2026-01-03 15:57:00,310.86977822853817,0.47200000000000003
3838,2026-01-03 15:58:00,311.1574960939166,0.457
3839,2026-01-03 15:59:00,311.0124336302689,0.281
3840,2026-01-03 16:00:00,310.17196818509933,0.37200000000000005
3841,2026-01-03 16:01:00,311.4106006090255,0.413
3842,2026-01-03 16:02:00,311.1218697747588,0.484
3843,2026-01-03 16:03:00,310.8881564675492,0.19699999999999998
3844,2026-01-03 16:04:00,311.93913589559065,0.40399999999999997
3845,2026-01-03 16:05:00,311.5643345117072,0.6759999999999999
3846,2026-01-03 16:06:00,310.7781870462575,0.32299999999999995
3847,2026-01-03 16:07:00,311.14038948262055,0.586
3848,2026-01-03 16:08:00,311.11693227362355,0.408
3849,2026-01-03 16:09:00,310.6335643918604,0.376
3850,2026-01-03 16:10:00,311.1016932424536,0.37
3851,2026-01-03 16:11:00,311.4623224600067,0.389
3852,2026-01-03 16:12:00,312.1332885664407,0.41100000000000003
3853,2026-01-03 16:13:00,312.17868669710674,0.43799999999999994
3854,2026-01-03 16:14:00,311.60403933131937,0.27
3855,2026-01-03 16:15:00,311.89574241772357,0.317
3856,2026-01-03 16:16:00,310.7853031786379,0.344
3857,2026-01-03 16:17:00,311.2764050749794,0.532
3858,2026-01-03 16:18:00,311.75622289485796,0.09699999999999999
3859,2026-01-03 16:19:00,311.143005163613,0.299
3860,2026-01-03 16:20:00,311.5007107558605,0.452
3861,2026-01-03 16:21:00,312.2021627541106,0.461
3862,2026-01-03 16:22:00,312.1529945126326,0.3
3863,2026-01-03 16:23:00,312.73138001492674,0.465
3864,2026-01-03 16:24:00,311.89001138001345,0.35100000000000003
3865,2026-01-03 16:25:00,312.42746980716237,0.541
3866,2026-01-03 16:26:00,311.9484231834676,0.501
3867,2026-01-03 16:27:00,311.0720113420643,0.318
3868,2026-01-03 16:28:00,311.73829687275133,0.483
3869,2026-01-03 16:29:00,311.6446475995313,0.271
3870,2026-01-03 16:30:00,311.60690839007805,0.517
3871,2026-01-03 16:31:00,311.9741524800649,0.295
3872,2026-01-03 16:32:00,310.9785102798536,0.441
3873,2026-01-03 16:33:00,311.6778111382541,0.43700000000000006
3874,2026-01-03 16:34:00,311.3562409236118,0.401
3875,2026-01-03 16:35:00,311.68388427317876,0.36
3876,2026-01-03 16:36:00,311.28507120759497,0.292
3877,2026-01-03 16:37:00,310.98212392255436,0.505
3878,2026-01-03 16:38:00,311.0146868967372,0.505
3879,2026-01-03 16:39:00,311.27889191641333,0.22899999999999998
3880,2026-01-03 16:40:00,311.42652580648735,0.52
3881,2026-01-03 16:41:00,310.4996625539143,0.535
3882,2026-01-03 16:42:00,311.5238937836397,0.47
3883,2026-01-03 16:43:00,310.87791759575447,0.5329999999999999
3884,2026-01-03 16:44:00,312.19718815094285,0.406
3885,2026-01-03 16:45:00,311.84838724928784,0.42700000000000005
3886,2026-01-03 16:46:00,312.0263515003048,0.4
3887,2026-01-03 16:47:00,310.630895345367,0.332
3888,2026-01-03 16:48:00,311.6060205754888,0.32799999999999996
3889,2026-01-03 16:49:00,311.45065918846814,0.368
3890,2026-01-03 16:50:00,311.35901522687135,0.287
3891,2026-01-03 16:51:00,310.70635092224643,0.516
3892,2026-01-03 16:52:00,311.0508135875443,0.341
3893,2026-01-03 16:53:00,311.080337675307,0.34600000000000003
3894,2026-01-03 16:54:00,311.58555313017524,0.396
3895,2026-01-03 16:55:00,311.39400029554275,0.506
3896,2026-01-03 16:56:00,311.55823104215887,0.349
3897,2026-01-03 16:57:00,310.9011247395036,0.625
3898,2026-01-03 16:58:00,311.7184490248491,0.239
3899,2026-01-03 16:59:00,311.41596699846286,0.364
3900,2026-01-03 17:00:00,311.10841939413064,0.303
3901,2026-01-03 17:01:00,310.99889219237207,0.26899999999999996
3902,2026-01-03 17:02:00,311.428771854797,0.508
3903,2026-01-03 17:03:00,311.2923530243457,0.40399999999999997
3904,2026-01-03 17:04:00,311.1975053199814,0.29600000000000004
3905,2026-01-03 17:05:00,312.1822061347831,0.35100000000000003
3906,2026-01-03 17:06:00,311.3519052501932,0.295
3907,2026-01-03 17:07:00,311.2027847917311,0.37
3908,2026-01-03 17:08:00,311.511955113408,0.341
3909,2026-01-03 17:09:00,312.0728877992468,0.527
3910,2026-01-03 17:10:00,311.84185638053896,0.32299999999999995
3911,2026-01-03 17:11:00,312.15655267778084,0.275
3912,2026-01-03 17:12:00,311.83089246391967,0.414
3913,2026-01-03 17:13:00,310.56038618625115,0.295
3914,2026-01-03 17:14:00,311.47916528963395,0.312
3915,2026-01-03 17:15:00,311.6235764409747,0.35
3916,2026-01-03 17:16:00,312.13149191037724,0.29600000000000004
3917,2026-01-03 17:17:00,311.3149620077676,0.36
3918,2026-01-03 17:18:00,310.9989619139919,0.35
3919,2026-01-03 17:19:00,311.4291686649375,0.598
3920,2026-01-03 17:20:00,311.50435894178105,0.38799999999999996
3921,2026-01-03 17:21:00,311.36749291638836,0.192
3922,2026-01-03 17:22:00,311.7158717302256,0.251
3923,2026-01-03 17:23:00,310.99831488694076,0.22399999999999998
3924,2026-01-03 17:24:00,311.9088934660463,0.34700000000000003
3925,2026-01-03 17:25:00,311.55851756407054,0.39
3926,2026-01-03 17:26:00,311.89555608280904,0.682
3927,2026-01-03 17:27:00,311.7344064167739,0.188
3928,2026-01-03 17:28:00,312.1314553998897,0.264
3929,2026-01-03 17:29:00,311.9066778629887,0.324
3930,2026-01-03 17:30:00,311.91615104775366,0.54
3931,2026-01-03 17:31:00,312.00082759061996,0.542
3932,2026-01-03 17:32:00,311.3261853999963,0.19899999999999998
3933,2026-01-03 17:33:00,311.0462173288727,0.47200000000000003
3934,2026-01-03 17:34:00,311.9514783235783,0.667
3935,2026-01-03 17:35:00,310.78041589782504,0.494
3936,2026-01-03 17:36:00,311.1997539325294,0.361
3937,2026-01-03 17:37:00,311.50994050068874,0.31
3938,2026-01-03 17:38:00,313.10206034329616,0.292
3939,2026-01-03 17:39:00,311.538790824685,0.371
3940,2026-01-03 17:40:00,311.8448763906747,0.508
3941,2026-01-03 17:41:00,311.44596035824355,0.37200000000000005
3942,2026-01-03 17:42:00,311.4391529079315,0.327
3943,2026-01-03 17:43:00,311.2806819617783,0.373
3944,2026-01-03 17:44:00,311.51270324779233,0.395
3945,2026-01-03 17:45:00,311.05764248792957,0.23199999999999998
3946,2026-01-03 17:46:00,310.74239583674967,0.496
3947,2026-01-03 17:47:00,310.70620131673354,0.402
3948,2026-01-03 17:48:00,311.3858418082368,0.449
3949,2026-01-03 17:49:00,311.43630915210866,0.555
3950,2026-01-03 17:50:00,312.0572361157945,0.374
3951,2026-01-03 17:51:00,311.2208341729505,0.48100000000000004
3952,2026-01-03 17:52:00,311.43602524594013,0.321
3953,2026-01-03 17:53:00,311.9360819933939,0.248
3954,2026-01-03 17:54:00,311.4057032517893,0.382
3955,2026-01-03 17:55:00,311.5657867277747,0.332
3956,2026-01-03 17:56:00,311.31465273786836,0.375
3957,2026-01-03 17:57:00,312.0144062083921,0.37799999999999995
3958,2026-01-03 17:58:00,310.47596239583953,0.456
3959,2026-01-03 17:59:00,311.1779370788572,0.413
3960,2026-01-03 18:00:00,311.87520245958274,0.387
3961,2026-01-03 18:01:00,311.98244143920516,0.47600000000000003
3962,2026-01-03 18:02:00,311.13426192856195,0.354
3963,2026-01-03 18:03:00,311.4683056062058,0.34700000000000003
3964,2026-01-03 18:04:00,311.2465570208365,0.418
3965,2026-01-03 18:05:00,311.138372510577,0.379
3966,2026-01-03 18:06:00,310.9382142908038,0.43700000000000006
3967,2026-01-03 18:07:00,311.3495864215862,0.46
3968,2026-01-03 18:08:00,310.9731508801203,0.366
3969,2026-01-03 18:09:00,311.6152075494594,0.46399999999999997
3970,2026-01-03 18:10:00,311.6910027887025,0.418
3971,2026-01-03 18:11:00,311.8416366122458,0.47
3972,2026-01-03 18:12:00,311.9359822123768,0.21899999999999997
3973,2026-01-03 18:13:00,311.2078929385737,0.486
3974,2026-01-03 18:14:00,311.47905098557567,0.469
3975,2026-01-03 18:15:00,310.72185920749524,0.32799999999999996
3976,2026-01-03 18:16:00,310.06578238638366,0.503
3977,2026-01-03 18:17:00,312.05241127060464,0.298
3978,2026-01-03 18:18:00,311.41519213994104,0.431
3979,2026-01-03 18:19:00,310.8153800367088,0.402
3980,2026-01-03 18:20:00,311.63733311853053,0.32799999999999996
3981,2026-01-03 18:21:00,310.9448955344568,0.282
3982,2026-01-03 18:22:00,311.3397909475045,0.344
3983,2026-01-03 18:23:00,311.04787944456746,0.341
3984,2026-01-03 18:24:00,311.750429116719,0.478
3985,2026-01-03 18:25:00,312.2975747597602,0.40299999999999997
3986,2026-01-03 18:26:00,311.75085461649365,0.316
3987,2026-01-03 18:27:00,311.20315594891605,0.331
3988,2026-01-03 18:28:00,311.00328146680147,0.537
3989,2026-01-03 18:29:00,310.9441989238514,0.35100000000000003
3990,2026-01-03 18:30:00,311.35921798817645,0.45899999999999996
3991,2026-01-03 18:31:00,311.0787991538638,0.503
3992,2026-01-03 18:32:00,310.2930491542432,0.379
3993,2026-01-03 18:33:00,310.3334033930242,0.5920000000000001
3994,2026-01-03 18:34:00,312.56408699129497,0.39299999999999996
3995,2026-01-03 18:35:00,310.9858604833298,0.557
3996,2026-01-03 18:36:00,310.312732590503,0.488
3997,2026-01-03 18:37:00,311.40871009246774,0.45
3998,2026-01-03 18:38:00,311.2254760574594,0.508
3999,2026-01-03 18:39:00,311.0817452356121,0.419
4000,2026-01-03 18:40:00,310.82666795063557,0.36
4001,2026-01-03 18:41:00,310.73110922745497,0.376
4002,2026-01-03 18:42:00,311.3511691334595,0.521
4003,2026-01-03 18:43:00,310.8839435046015,0.528
4004,2026-01-03 18:44:00,311.1163526191164,0.34
4005,2026-01-03 18:45:00,310.77336556400553,0.308
4006,2026-01-03 18:46:00,310.49856268178615,0.414
4007,2026-01-03 18:47:00,312.3368713912415,0.303
4008,2026-01-03 18:48:00,310.83744764954633,0.23399999999999999
4009,2026-01-03 18:49:00,310.9242115005104,0.231
4010,2026-01-03 18:50:00,309.91945346299553,0.45299999999999996
4011,2026-01-03 18:51:00,310.3722539644957,0.495
4012,2026-01-03 18:52:00,310.75753949000233,0.425
4013,2026-01-03 18:53:00,311.6451426239706,0.307
4014,2026-01-03 18:54:00,311.2448376529895,0.5
4015,2026-01-03 18:55:00,311.71252678912475,0.603
4016,2026-01-03 18:56:00,311.33817490248146,0.261
4017,2026-01-03 18:57:00,311.818865234144,0.341
4018,2026-01-03 18:58:00,311.10593618874213,0.37799999999999995
4019,2026-01-03 18:59:00,310.1620662211998,0.43200000000000005
4020,2026-01-03 19:00:00,310.80353954977676,0.29
4021,2026-01-03 19:01:00,311.4585564053754,0.17300000000000001
4022,2026-01-03 19:02:00,310.7225583668617,0.42700000000000005
4023,2026-01-03 19:03:00,310.8111141115279,0.503
4024,2026-01-03 19:04:00,311.01961597746583,0.271
4025,2026-01-03 19:05:00,311.2197398857094,0.29
4026,2026-01-03 19:06:00,311.7230975616093,0.366
4027,2026-01-03 19:07:00,311.15038418181723,0.491
4028,2026-01-03 19:08:00,312.12144169436687,0.35200000000000004
4029,2026-01-03 19:09:00,310.6579493678151,0.344
4030,2026-01-03 19:10:00,310.6784504403114,0.39299999999999996
4031,2026-01-03 19:11:00,310.114287737917,0.27399999999999997
4032,2026-01-03 19:12:00,310.1059406890876,0.342
4033,2026-01-03 19:13:00,311.36330895995945,0.39
4034,2026-01-03 19:14:00,312.0922743653413,0.46299999999999997
4035,2026-01-03 19:15:00,311.0119513533533,0.47700000000000004
4036,2026-01-03 19:16:00,310.71398133317433,0.209
4037,2026-01-03 19:17:00,311.22428606643894,0.462
4038,2026-01-03 19:18:00,311.06277077596576,0.46
4039,2026-01-03 19:19:00,311.4204341283957,0.121
4040,2026-01-03 19:20:00,310.51408098078247,0.41200000000000003
4041,2026-01-03 19:21:00,312.00101229841954,0.466
4042,2026-01-03 19:22:00,310.5797551599089,0.46399999999999997
4043,2026-01-03 19:23:00,310.11018047447817,0.392
4044,2026-01-03 19:24:00,310.8653535523551,0.161
4045,2026-01-03 19:25:00,310.61577210567435,0.436
4046,2026-01-03 19:26:00,310.3643134657457,0.22699999999999998
4047,2026-01-03 19:27:00,311.0176738315952,0.369
4048,2026-01-03 19:28:00,311.3865214098428,0.386
4049,2026-01-03 19:29:00,311.0276826564266,0.47200000000000003
4050,2026-01-03 19:30:00,310.9808026614924,0.44299999999999995
4051,2026-01-03 19:31:00,310.826950438231,0.555
4052,2026-01-03 19:32:00,310.3091759689399,0.217
4053,2026-01-03 19:33:00,310.52617806193695,0.44
4054,2026-01-03 19:34:00,310.3260902761054,0.19699999999999998
4055,2026-01-03 19:35:00,309.8859148825055,0.47100000000000003
4056,2026-01-03 19:36:00,310.7861411774273,0.376
4057,2026-01-03 19:37:00,310.9141624222677,0.47
4058,2026-01-03 19:38:00,310.97001644769756,0.51
4059,2026-01-03 19:39:00,311.4228722054372,0.488
4060,2026-01-03 19:40:00,311.55270301964015,0.479
4061,2026-01-03 19:41:00,310.43791429625026,0.581
4062,2026-01-03 19:42:00,311.2390553362453,0.6859999999999999
4063,2026-01-03 19:43:00,309.7960830113245,0.33399999999999996
4064,2026-01-03 19:44:00,310.52636520089413,0.465
4065,2026-01-03 19:45:00,310.5952149361138,0.42700000000000005
4066,2026-01-03 19:46:00,310.9227175715414,0.389
4067,2026-01-03 19:47:00,311.0390831458047,0.374
4068,2026-01-03 19:48:00,311.3493709365531,0.39799999999999996
4069,2026-01-03 19:49:00,311.4019450148994,0.624
4070,2026-01-03 19:50:00,309.97572616059045,0.22
4071,2026-01-03 19:51:00,310.00650526360846,0.58
4072,2026-01-03 19:52:00,309.74337638379575,0.5820000000000001
4073,2026-01-03 19:53:00,310.09177840848946,0.392
4074,2026-01-03 19:54:00,310.15135987676484,0.364
4075,2026-01-03 19:55:00,309.88737012878084,0.35600000000000004
4076,2026-01-03 19:56:00,310.7639814690343,0.23600000000000002
4077,2026-01-03 19:57:00,310.8859996715268,0.361
4078,2026-01-03 19:58:00,310.29004366930604,0.5489999999999999
4079,2026-01-03 19:59:00,311.1901864333568,0.424
4080,2026-01-03 20:00:00,310.79077302000974,0.40299999999999997
4081,2026-01-03 20:01:00,310.9723673854677,0.158
4082,2026-01-03 20:02:00,310.0030148538896,0.32899999999999996
4083,2026-01-03 20:03:00,310.74961433943645,0.244
4084,2026-01-03 20:04:00,310.6517074285369,0.321
4085,2026-01-03 20:05:00,310.62289811903236,0.309
4086,2026-01-03 20:06:00,310.2893631266967,0.43200000000000005
4087,2026-01-03 20:07:00,310.9211608804851,0.517
4088,2026-01-03 20:08:00,311.0599991473428,0.341
4089,2026-01-03 20:09:00,310.04151920116936,0.29600000000000004
4090,2026-01-03 20:10:00,310.47562085556183,0.47200000000000003
4091,2026-01-03 20:11:00,309.32847717652356,0.23199999999999998
4092,2026-01-03 20:12:00,310.2519540169747,0.23399999999999999
4093,2026-01-03 20:13:00,310.5623175513317,0.466
4094,2026-01-03 20:14:00,310.48221384269374,0.434
4095,2026-01-03 20:15:00,309.8496141442351,0.496
4096,2026-01-03 20:16:00,309.97543987323286,0.35200000000000004
4097,2026-01-03 20:17:00,310.7352992548927,0.511
4098,2026-01-03 20:18:00,310.739466259714,0.271
4099,2026-01-03 20:19:00,310.1774791777992,0.218
4100,2026-01-03 20:20:00,310.3838283918294,0.478
4101,2026-01-03 20:21:00,311.67519881840565,0.467
4102,2026-01-03 20:22:00,310.32724603225677,0.41
4103,2026-01-03 20:23:00,310.4228784438517,0.397
4104,2026-01-03 20:24:00,310.5544278437386,0.5529999999999999
4105,2026-01-03 20:25:00,310.99395062517965,0.531
4106,2026-01-03 20:26:00,311.2356398537122,0.547
4107,2026-01-03 20:27:00,311.3809183003727,0.584
4108,2026-01-03 20:28:00,310.634923696429,0.557
4109,2026-01-03 20:29:00,310.68244204998837,0.47700000000000004
4110,2026-01-03 20:30:00,310.70146614210836,0.451
4111,2026-01-03 20:31:00,311.1028447526272,0.46299999999999997
4112,2026-01-03 20:32:00,311.16773978170863,0.478
4113,2026-01-03 20:33:00,311.6178666035549,0.436
4114,2026-01-03 20:34:00,310.7469012951865,0.389
4115,2026-01-03 20:35:00,311.051774199235,0.536
4116,2026-01-03 20:36:00,310.723618184343,0.4
4117,2026-01-03 20:37:00,310.65799040698306,0.34299999999999997
4118,2026-01-03 20:38:00,310.5075594562862,0.43200000000000005
4119,2026-01-03 20:39:00,309.6852479879539,0.248
4120,2026-01-03 20:40:00,310.0729965394796,0.327
4121,2026-01-03 20:41:00,310.43487344494,0.628
4122,2026-01-03 20:42:00,310.81984410824344,0.46299999999999997
4123,2026-01-03 20:43:00,310.4251960540021,0.525
4124,2026-01-03 20:44:00,310.03233984160767,0.273
4125,2026-01-03 20:45:00,310.43689985460355,0.28800000000000003
4126,2026-01-03 20:46:00,309.99327865144716,0.267
4127,2026-01-03 20:47:00,310.28453869430336,0.48
4128,2026-01-03 20:48:00,310.34064994143694,0.505
4129,2026-01-03 20:49:00,310.9703107901895,0.574
4130,2026-01-03 20:50:00,310.40440367767957,0.308
4131,2026-01-03 20:51:00,310.44263828417155,0.612
4132,2026-01-03 20:52:00,310.3820957654982,0.38299999999999995
4133,2026-01-03 20:53:00,309.69153826445887,0.502
4134,2026-01-03 20:54:00,309.7275782189026,0.396
4135,2026-01-03 20:55:00,309.6455781430952,0.28
4136,2026-01-03 20:56:00,310.7590396589275,0.465
4137,2026-01-03 20:57:00,309.616615909779,0.414
4138,2026-01-03 20:58:00,310.8525166984466,0.44
4139,2026-01-03 20:59:00,310.4068162550343,0.213
4140,2026-01-03 21:00:00,310.28164994824147,0.376
4141,2026-01-03 21:01:00,310.35649577190986,0.348
4142,2026-01-03 21:02:00,310.1964940299154,0.48
4143,2026-01-03 21:03:00,309.6444786683084,0.447
4144,2026-01-03 21:04:00,310.22104057717524,0.556
4145,2026-01-03 21:05:00,310.2133874187955,0.263
4146,2026-01-03 21:06:00,311.11701462020034,0.444
4147,2026-01-03 21:07:00,309.9729311048753,0.251
4148,2026-01-03 21:08:00,310.745622309324,0.606
4149,2026-01-03 21:09:00,309.545064519127,0.215
4150,2026-01-03 21:10:00,310.7728378792952,0.32899999999999996
4151,2026-01-03 21:11:00,310.35040955399785,0.331
4152,2026-01-03 21:12:00,309.8737085956912,0.324
4153,2026-01-03 21:13:00,310.5764594630902,0.298
4154,2026-01-03 21:14:00,311.0400673226984,0.309
4155,2026-01-03 21:15:00,310.86110253514045,0.475
4156,2026-01-03 21:16:00,310.33869495928633,0.40399999999999997
4157,2026-01-03 21:17:00,310.6692366377077,0.48700000000000004
4158,2026-01-03 21:18:00,311.5101288984949,0.33899999999999997
4159,2026-01-03 21:19:00,310.64507907992845,0.305
4160,2026-01-03 21:20:00,310.2883512162669,0.36
4161,2026-01-03 21:21:00,310.34219190868725,0.515
4162,2026-01-03 21:22:00,310.7710219165103,0.237
4163,2026-01-03 21:23:00,310.7523073769166,0.5
4164,2026-01-03 21:24:00,311.03019684936436,0.49200000000000005
4165,2026-01-03 21:25:00,311.1013079794378,0.37799999999999995
4166,2026-01-03 21:26:00,310.9267820159386,0.33399999999999996
4167,2026-01-03 21:27:00,309.9625337883896,0.397
4168,2026-01-03 21:28:00,311.26593055154507,0.392
4169,2026-01-03 21:29:00,311.74883297792496,0.344
4170,2026-01-03 21:30:00,310.6824646611114,0.461
4171,2026-01-03 21:31:00,310.70640716846475,0.28800000000000003
4172,2026-01-03 21:32:00,311.13920099187317,0.40399999999999997
4173,2026-01-03 21:33:00,310.45733443304005,0.5479999999999999
4174,2026-01-03 21:34:00,310.451563803535,0.509
4175,2026-01-03 21:35:00,311.0105150361572,0.532
4176,2026-01-03 21:36:00,310.8811597021599,0.484
4177,2026-01-03 21:37:00,310.5375827651103,0.34600000000000003
4178,2026-01-03 21:38:00,310.59567294832897,0.33
4179,2026-01-03 21:39:00,310.5896418964283,0.318
4180,2026-01-03 21:40:00,310.8172527149767,0.318
4181,2026-01-03 21:41:00,310.0796277819419,0.40700000000000003
4182,2026-01-03 21:42:00,310.68296814655963,0.594
4183,2026-01-03 21:43:00,310.77693541971956,0.431
4184,2026-01-03 21:44:00,311.7977369203118,0.342
4185,2026-01-03 21:45:00,311.1823039063594,0.462
4186,2026-01-03 21:46:00,311.6828198299078,0.384
4187,2026-01-03 21:47:00,311.7457044575064,0.35600000000000004
4188,2026-01-03 21:48:00,311.2811784504979,0.365
4189,2026-01-03 21:49:00,310.7645851315256,0.445
4190,2026-01-03 21:50:00,310.54417221880857,0.32
4191,2026-01-03 21:51:00,311.6570887722859,0.342
4192,2026-01-03 21:52:00,310.51956113821836,0.154
4193,2026-01-03 21:53:00,311.0813774296798,0.406
4194,2026-01-03 21:54:00,310.47008987152856,0.319
4195,2026-01-03 21:55:00,311.17917458310814,0.43200000000000005
4196,2026-01-03 21:56:00,310.88157381281525,0.263
4197,2026-01-03 21:57:00,310.65596126059665,0.284
4198,2026-01-03 21:58:00,312.0412342041525,0.304
4199,2026-01-03 21:59:00,311.20731338302056,0.32299999999999995
4200,2026-01-03 22:00:00,311.7119695844117,0.47
4201,2026-01-03 22:01:00,310.02795980290716,0.353
4202,2026-01-03 22:02:00,310.7302573688599,0.528
4203,2026-01-03 22:03:00,310.5166168819645,0.605
4204,2026-01-03 22:04:00,310.38037931786596,0.40700000000000003
4205,2026-01-03 22:05:00,310.4248469873008,0.366
4206,2026-01-03 22:06:00,310.18111326126,0.17800000000000002
4207,2026-01-03 22:07:00,310.9319693755538,0.503
4208,2026-01-03 22:08:00,310.32757718470987,0.38799999999999996
4209,2026-01-03 22:09:00,310.11320590311544,0.405
4210,2026-01-03 22:10:00,310.9852140386605,0.268
4211,2026-01-03 22:11:00,310.3161309832177,0.659
4212,2026-01-03 22:12:00,310.12095996572816,0.39299999999999996
4213,2026-01-03 22:13:00,310.0531025890367,0.386
4214,2026-01-03 22:14:00,310.52202660097237,0.319
4215,2026-01-03 22:15:00,310.7553390373681,0.281
4216,2026-01-03 22:16:00,309.76663993877924,0.493
4217,2026-01-03 22:17:00,310.8182408616963,0.371
4218,2026-01-03 22:18:00,310.9644557959917,0.469
4219,2026-01-03 22:19:00,311.62682896761874,0.166
4220,2026-01-03 22:20:00,310.5852788406095,0.46799999999999997
4221,2026-01-03 22:21:00,310.23845553270337,0.32899999999999996
4222,2026-01-03 22:22:00,311.57369315447096,0.478
4223,2026-01-03 22:23:00,311.6429015227885,0.423
4224,2026-01-03 22:24:00,310.43035750861884,0.534
4225,2026-01-03 22:25:00,312.3972734344341,0.359
4226,2026-01-03 22:26:00,310.48623033220207,0.414
4227,2026-01-03 22:27:00,311.08974094515094,0.405
4228,2026-01-03 22:28:00,310.4319853534552,0.23199999999999998
4229,2026-01-03 22:29:00,311.1530471886768,0.348
4230,2026-01-03 22:30:00,310.8234511963454,0.376
4231,2026-01-03 22:31:00,311.46457330055296,0.209
4232,2026-01-03 22:32:00,310.68010217870926,0.479
4233,2026-01-03 22:33:00,310.97266130980097,0.485
4234,2026-01-03 22:34:00,311.25951598441304,0.423
4235,2026-01-03 22:35:00,311.2156590974558,0.396
4236,2026-01-03 22:36:00,310.71445511935053,0.43
4237,2026-01-03 22:37:00,309.8782049105352,0.355
4238,2026-01-03 22:38:00,311.0281413847547,0.6
4239,2026-01-03 22:39:00,311.482831759831,0.37200000000000005
4240,2026-01-03 22:40:00,310.20299068197323,0.569
4241,2026-01-03 22:41:00,310.5731191156659,0.38
4242,2026-01-03 22:42:00,311.1871162007625,0.555
4243,2026-01-03 22:43:00,311.08403279381776,0.51
4244,2026-01-03 22:44:00,309.5893788127079,0.486
4245,2026-01-03 22:45:00,310.61468762589516,0.68
4246,2026-01-03 22:46:00,311.16203964407595,0.521
4247,2026-01-03 22:47:00,311.1059099406936,0.33899999999999997
4248,2026-01-03 22:48:00,311.66450961837535,0.39
4249,2026-01-03 22:49:00,311.11163577876454,0.607
4250,2026-01-03 22:50:00,311.7359833125928,0.35100000000000003
4251,2026-01-03 22:51:00,310.99960408310545,0.434
4252,2026-01-03 22:52:00,311.1686187425707,0.281
4253,2026-01-03 22:53:00,310.79185284112,0.207
4254,2026-01-03 22:54:00,310.95954432999184,0.36200000000000004
4255,2026-01-03 22:55:00,310.79411600523946,0.397
4256,2026-01-03 22:56:00,310.699735988453,0.38
4257,2026-01-03 22:57:00,310.88461526390984,0.395
4258,2026-01-03 22:58:00,311.016578011594,0.428
4259,2026-01-03 22:59:00,311.11079441668926,0.298
4260,2026-01-03 23:00:00,311.35015922013946,0.392
4261,2026-01-03 23:01:00,310.8709326676799,0.52
4262,2026-01-03 23:02:00,310.80363965828155,0.41200000000000003
4263,2026-01-03 23:03:00,310.112282027927,0.369
4264,2026-01-03 23:04:00,310.2396255405004,0.364
4265,2026-01-03 23:05:00,310.24379959172853,0.40299999999999997
4266,2026-01-03 23:06:00,310.36491495339743,0.36700000000000005
4267,2026-01-03 23:07:00,309.8115332738407,0.475
4268,2026-01-03 23:08:00,311.45279882722593,0.281
4269,2026-01-03 23:09:00,310.29003932939105,0.504
4270,2026-01-03 23:10:00,309.6939289173391,0.45399999999999996
4271,2026-01-03 23:11:00,310.3806900482381,0.289
4272,2026-01-03 23:12:00,310.3735529078412,0.22899999999999998
4273,2026-01-03 23:13:00,309.16128936914544,0.485
4274,2026-01-03 23:14:00,310.2387100116052,0.61
4275,2026-01-03 23:15:00,309.99739674196053,0.40299999999999997
4276,2026-01-03 23:16:00,310.46259127123477,0.49
4277,2026-01-03 23:17:00,310.17898610581557,0.479
4278,2026-01-03 23:18:00,309.81616100841694,0.392
4279,2026-01-03 23:19:00,309.27903715793826,0.506
4280,2026-01-03 23:20:00,309.4828046826479,0.239
4281,2026-01-03 23:21:00,309.50728177012263,0.326
4282,2026-01-03 23:22:00,309.4202266458951,0.19
4283,2026-01-03 23:23:00,309.79763067867526,0.139
4284,2026-01-03 23:24:00,310.5697411454907,0.449
4285,2026-01-03 23:25:00,309.80551766579987,0.273
4286,2026-01-03 23:26:00,311.58300942260036,0.40399999999999997
4287,2026-01-03 23:27:00,309.7960610965505,0.057999999999999996
4288,2026-01-03 23:28:00,310.75446033868224,0.342
4289,2026-01-03 23:29:00,309.15930317529615,0.423
4290,2026-01-03 23:30:00,310.3603565601637,0.501
4291,2026-01-03 23:31:00,309.8291098586326,0.34600000000000003
4292,2026-01-03 23:32:00,309.59930281732375,0.511
4293,2026-01-03 23:33:00,309.86846575539715,0.126
4294,2026-01-03 23:34:00,310.16823493774643,0.48100000000000004
4295,2026-01-03 23:35:00,310.8209812291553,0.263
4296,2026-01-03 23:36:00,311.14897715499825,0.266
4297,2026-01-03 23:37:00,309.82914705409104,0.22899999999999998
4298,2026-01-03 23:38:00,310.9085439232449,0.639
4299,2026-01-03 23:39:00,310.2468412686016,0.47200000000000003
4300,2026-01-03 23:40:00,309.96890962042477,0.395
4301,2026-01-03 23:41:00,309.91447262650007,0.256
4302,2026-01-03 23:42:00,309.58296491332703,0.408
4303,2026-01-03 23:43:00,310.44632128657724,0.465
4304,2026-01-03 23:44:00,309.7817242233857,0.466
4305,2026-01-03 23:45:00,310.1889605703797,0.32299999999999995
4306,2026-01-03 23:46:00,309.79242036749935,0.298
4307,2026-01-03 23:47:00,310.7304431117658,0.33399999999999996
4308,2026-01-03 23:48:00,309.54250848044165,0.446
4309,2026-01-03 23:49:00,309.7700280534225,0.42200000000000004
4310,2026-01-03 23:50:00,310.28751889325457,0.451
4311,2026-01-03 23:51:00,311.0882598866748,0.446
4312,2026-01-03 23:52:00,310.6387276427668,0.289
4313,2026-01-03 23:53:00,309.59323358852345,0.44
4314,2026-01-03 23:54:00,309.66574125057593,0.505
4315,2026-01-03 23:55:00,310.03630454057105,0.43
4316,2026-01-03 23:56:00,309.3471732743299,0.5710000000000001
4317,2026-01-03 23:57:00,309.5069669838538,0.5579999999999999
4318,2026-01-03 23:58:00,310.2946818100978,0.293
4319,2026-01-03 23:59:00,310.32251633849995,0.48200000000000004
4320,2026-01-04 00:00:00,309.79300683734715,0.303
4321,2026-01-04 00:01:00,309.7189912821531,0.385
4322,2026-01-04 00:02:00,309.0479916356389,0.311
4323,2026-01-04 00:03:00,310.1571255419216,0.415
4324,2026-01-04 00:04:00,309.56134863002654,0.33899999999999997
4325,2026-01-04 00:05:00,310.50935500654816,0.425
4326,2026-01-04 00:06:00,310.8704738024011,0.377
4327,2026-01-04 00:07:00,309.78284175699366,0.536
4328,2026-01-04 00:08:00,310.14021402394656,0.434
4329,2026-01-04 00:09:00,309.7260786325775,0.43700000000000006
4330,2026-01-04 00:10:00,309.7331119790509,0.466
4331,2026-01-04 00:11:00,309.8006821064808,0.409
4332,2026-01-04 00:12:00,309.66019730391895,0.46
4333,2026-01-04 00:13:00,309.36748750568876,0.682
4334,2026-01-04 00:14:00,308.9422019471329,0.39299999999999996
4335,2026-01-04 00:15:00,310.85768799386835,0.513
4336,2026-01-04 00:16:00,309.1837767077531,0.39799999999999996
4337,2026-01-04 00:17:00,308.8588897234318,0.304
4338,2026-01-04 00:18:00,309.6425666383507,0.275
4339,2026-01-04 00:19:00,310.22830493093005,0.447
4340,2026-01-04 00:20:00,308.82753554416024,0.314
4341,2026-01-04 00:21:00,308.33939393812767,0.375
4342,2026-01-04 00:22:00,309.1830048351831,0.43700000000000006
4343,2026-01-04 00:23:00,309.68528213792956,0.428
4344,2026-01-04 00:24:00,309.9252400904253,0.627
4345,2026-01-04 00:25:00,310.33416097228593,0.581
4346,2026-01-04 00:26:00,310.2736004008664,0.573
4347,2026-01-04 00:27:00,309.2482286847837,0.31
4348,2026-01-04 00:28:00,310.4520639370868,0.528
4349,2026-01-04 00:29:00,310.75467790831243,0.345
4350,2026-01-04 00:30:00,309.80690082157224,0.38
4351,2026-01-04 00:31:00,308.8510195966119,0.358
4352,2026-01-04 00:32:00,309.77290913573125,0.48200000000000004
4353,2026-01-04 00:33:00,310.6599472559689,0.466
4354,2026-01-04 00:34:00,310.419757514789,0.24600000000000002
4355,2026-01-04 00:35:00,309.7322894155159,0.299
4356,2026-01-04 00:36:00,309.9430914806348,0.488
4357,2026-01-04 00:37:00,309.4800906591283,0.514
4358,2026-01-04 00:38:00,309.85744839241846,0.428
4359,2026-01-04 00:39:00,310.4206785514473,0.28600000000000003
4360,2026-01-04 00:40:00,309.8071291862885,0.272
4361,2026-01-04 00:41:00,310.30090194423923,0.5760000000000001
4362,2026-01-04 00:42:00,309.2856698615115,0.4
4363,2026-01-04 00:43:00,310.2825439940672,0.41700000000000004
4364,2026-01-04 00:44:00,309.01214358047184,0.359
4365,2026-01-04 00:45:00,310.02109028062466,0.348
4366,2026-01-04 00:46:00,310.246749934023,0.363
4367,2026-01-04 00:47:00,309.5113511129949,0.34600000000000003
4368,2026-01-04 00:48:00,308.45054915305326,0.49
4369,2026-01-04 00:49:00,310.083062166341,0.45799999999999996
4370,2026-01-04 00:50:00,308.74954336288675,0.301
4371,2026-01-04 00:51:00,309.97562538412785,0.49
4372,2026-01-04 00:52:00,309.32449502520404,0.43200000000000005
4373,2026-01-04 00:53:00,308.8997785002089,0.396
4374,2026-01-04 00:54:00,309.77861493242233,0.655
4375,2026-01-04 00:55:00,310.04848189869335,0.42700000000000005
4376,2026-01-04 00:56:00,308.9579484963056,0.45299999999999996
4377,2026-01-04 00:57:00,309.38099372214083,0.319
4378,2026-01-04 00:58:00,309.5043100136799,0.39399999999999996
4379,2026-01-04 00:59:00,310.9541373320535,0.272
4380,2026-01-04 01:00:00,310.25324379507214,0.451
4381,2026-01-04 01:01:00,310.0873488077856,0.45399999999999996
4382,2026-01-04 01:02:00,310.36797379665177,0.516
4383,2026-01-04 01:03:00,310.94907022245434,0.451
4384,2026-01-04 01:04:00,309.5816039667558,0.34600000000000003
4385,2026-01-04 01:05:00,309.3124426094645,0.48700000000000004
4386,2026-01-04 01:06:00,310.2724024011352,0.40399999999999997
4387,2026-01-04 01:07:00,310.5392697729082,0.429
4388,2026-01-04 01:08:00,310.40313583497044,0.377
4389,2026-01-04 01:09:00,310.666334229741,0.37799999999999995
4390,2026-01-04 01:10:00,311.1825752750384,0.297
4391,2026-01-04 01:11:00,309.93971403050585,0.509
4392,2026-01-04 01:12:00,309.4790308435446,0.436
4393,2026-01-04 01:13:00,310.04079136557004,0.33799999999999997
4394,2026-01-04 01:14:00,309.97667943294795,0.499
4395,2026-01-04 01:15:00,310.70885186357435,0.45899999999999996
4396,2026-01-04 01:16:00,310.1054705867774,0.455
4397,2026-01-04 01:17:00,311.0244466563427,0.585
4398,2026-01-04 01:18:00,310.6422172527171,0.5539999999999999
4399,2026-01-04 01:19:00,309.6022777083442,0.18899999999999997
4400,2026-01-04 01:20:00,309.2125578205376,0.546
4401,2026-01-04 01:21:00,309.7557629852006,0.322
4402,2026-01-04 01:22:00,310.02337074116895,0.316
4403,2026-01-04 01:23:00,310.63856518147355,0.43200000000000005
4404,2026-01-04 01:24:00,311.3105673424348,0.473
4405,2026-01-04 01:25:00,310.2216514060615,0.39299999999999996
4406,2026-01-04 01:26:00,310.9847137970071,0.42700000000000005
4407,2026-01-04 01:27:00,309.7118813091544,0.361
4408,2026-01-04 01:28:00,310.4286510154131,0.6679999999999999
4409,2026-01-04 01:29:00,309.76335315527405,0.332
4410,2026-01-04 01:30:00,310.52050286862755,0.10800000000000001
4411,2026-01-04 01:31:00,309.77971934060696,0.213
4412,2026-01-04 01:32:00,310.55195969897585,0.624
4413,2026-01-04 01:33:00,310.4839525122754,0.172
4414,2026-01-04 01:34:00,310.631376390496,0.39
4415,2026-01-04 01:35:00,311.07138961486123,0.31
4416,2026-01-04 01:36:00,310.47548640359537,0.369
4417,2026-01-04 01:37:00,310.39971493526,0.40399999999999997
4418,2026-01-04 01:38:00,309.73094432214685,0.489
4419,2026-01-04 01:39:00,310.0388124785172,0.212
4420,2026-01-04 01:40:00,309.7008677366769,0.33399999999999996
4421,2026-01-04 01:41:00,310.2781227194275,0.304
4422,2026-01-04 01:42:00,310.0849511808545,0.546
4423,2026-01-04 01:43:00,310.29870433350317,0.46399999999999997
4424,2026-01-04 01:44:00,310.34167587790745,0.449
4425,2026-01-04 01:45:00,309.70391586263236,0.32899999999999996
4426,2026-01-04 01:46:00,309.7881841471378,0.527
4427,2026-01-04 01:47:00,310.947689288198,0.358
4428,2026-01-04 01:48:00,310.2426508265325,0.312
4429,2026-01-04 01:49:00,310.38258598479945,0.523
4430,2026-01-04 01:50:00,309.6201479140508,0.5579999999999999
4431,2026-01-04 01:51:00,309.6903877934554,0.44
4432,2026-01-04 01:52:00,310.0676487207054,0.506
4433,2026-01-04 01:53:00,309.64566889892245,0.348
4434,2026-01-04 01:54:00,310.55187521224696,0.574
4435,2026-01-04 01:55:00,309.5439210596402,0.16
4436,2026-01-04 01:56:00,310.4871934566226,0.299
4437,2026-01-04 01:57:00,309.8294219079856,0.355
4438,2026-01-04 01:58:00,310.74750780808006,0.418
4439,2026-01-04 01:59:00,311.0504271724667,0.512
4440,2026-01-04 02:00:00,310.8213999555988,0.5429999999999999
4441,2026-01-04 02:01:00,309.9497029669674,0.373
4442,2026-01-04 02:02:00,310.61557893496797,0.409
4443,2026-01-04 02:03:00,309.66762439110124,0.392
4444,2026-01-04 02:04:00,310.6102000579032,0.537
4445,2026-01-04 02:05:00,310.03660033819364,0.488
4446,2026-01-04 02:06:00,310.50476108354263,0.289
4447,2026-01-04 02:07:00,310.0868979088323,0.46
4448,2026-01-04 02:08:00,310.5141162033513,0.273
4449,2026-01-04 02:09:00,310.4746220466484,0.47700000000000004
4450,2026-01-04 02:10:00,311.30745146434344,0.263
4451,2026-01-04 02:11:00,311.0994544906772,0.32799999999999996
4452,2026-01-04 02:12:00,310.2534858111892,0.308
4453,2026-01-04 02:13:00,310.09384332266916,0.6779999999999999
4454,2026-01-04 02:14:00,309.6299997412986,0.19899999999999998
4455,2026-01-04 02:15:00,310.9989575978226,0.305
4456,2026-01-04 02:16:00,310.27843029676285,0.43200000000000005
4457,2026-01-04 02:17:00,311.2056904615155,0.41100000000000003
4458,2026-01-04 02:18:00,310.5742041602886,0.379
4459,2026-01-04 02:19:00,310.44824201850366,0.29
4460,2026-01-04 02:20:00,310.38078237237636,0.409
4461,2026-01-04 02:21:00,310.0726853494217,0.34299999999999997
4462,2026-01-04 02:22:00,310.5324286645385,0.29100000000000004
4463,2026-01-04 02:23:00,310.3541567110313,0.48700000000000004
4464,2026-01-04 02:24:00,311.8282675872154,0.359
4465,2026-01-04 02:25:00,310.40749966456787,0.35
4466,2026-01-04 02:26:00,310.77870606533946,0.418
4467,2026-01-04 02:27:00,311.3770950539888,0.521
4468,2026-01-04 02:28:00,310.9993923393122,0.342
4469,2026-01-04 02:29:00,310.4567181777296,0.41600000000000004
4470,2026-01-04 02:30:00,310.4652160388961,0.215
4471,2026-01-04 02:31:00,309.97435559645476,0.552
4472,2026-01-04 02:32:00,311.16483355407917,0.35100000000000003
4473,2026-01-04 02:33:00,310.2269619808799,0.369
4474,2026-01-04 02:34:00,310.5813187770757,0.42700000000000005
4475,2026-01-04 02:35:00,310.3983666010123,0.431
4476,2026-01-04 02:36:00,310.0663382774852,0.35700000000000004
4477,2026-01-04 02:37:00,309.93106309510324,0.20199999999999999
4478,2026-01-04 02:38:00,310.3746477503239,0.365
4479,2026-01-04 02:39:00,310.3054352035851,0.376
4480,2026-01-04 02:40:00,310.19268598489276,0.402
4481,2026-01-04 02:41:00,310.61585595311226,0.203
4482,2026-01-04 02:42:00,309.8489158169866,0.5329999999999999
4483,2026-01-04 02:43:00,309.40738457831816,0.564
4484,2026-01-04 02:44:00,310.49672234346224,0.377
4485,2026-01-04 02:45:00,311.0241123965695,0.301
4486,2026-01-04 02:46:00,309.39488545353123,0.5720000000000001
4487,2026-01-04 02:47:00,310.7824113953122,0.36
4488,2026-01-04 02:48:00,310.2018426515977,0.36
4489,2026-01-04 02:49:00,310.6393760048696,0.36
4490,2026-01-04 02:50:00,310.5114830744752,0.27399999999999997
4491,2026-01-04 02:51:00,311.53170856173335,0.36200000000000004
4492,2026-01-04 02:52:00,310.8305375665059,0.54
4493,2026-01-04 02:53:00,310.30238358480835,0.28300000000000003
4494,2026-01-04 02:54:00,310.02194774119016,0.305
4495,2026-01-04 02:55:00,310.25900388047046,0.316
4496,2026-01-04 02:56:00,310.9504160285535,0.46799999999999997
4497,2026-01-04 02:57:00,310.454422212026,0.366
4498,2026-01-04 02:58:00,309.1230699190379,0.318
4499,2026-01-04 02:59:00,309.6770646874725,0.466
4500,2026-01-04 03:00:00,309.81799300091984,0.43700000000000006
4501,2026-01-04 03:01:00,309.8119632681689,0.624
4502,2026-01-04 03:02:00,311.2922849997453,0.43
4503,2026-01-04 03:03:00,310.35322597002886,0.495
4504,2026-01-04 03:04:00,309.7464671558272,0.244
4505,2026-01-04 03:05:00,310.83358770723646,0.36200000000000004
4506,2026-01-04 03:06:00,310.8496623063176,0.48200000000000004
4507,2026-01-04 03:07:00,310.12111072703505,0.39
4508,2026-01-04 03:08:00,310.2170127406769,0.316
4509,2026-01-04 03:09:00,310.1604454418942,0.45799999999999996
4510,2026-01-04 03:10:00,309.939396709521,0.297
4511,2026-01-04 03:11:00,310.54164530166344,0.47600000000000003
4512,2026-01-04 03:12:00,309.92326287980313,0.239
4513,2026-01-04 03:13:00,310.82283695593253,0.21600000000000003
4514,2026-01-04 03:14:00,310.46328969966635,0.484
4515,2026-01-04 03:15:00,309.94747789032647,0.38799999999999996
4516,2026-01-04 03:16:00,310.14274097243043,0.42200000000000004
4517,2026-01-04 03:17:00,311.0767186610502,0.385
4518,2026-01-04 03:18:00,310.84134269718123,0.457
4519,2026-01-04 03:19:00,310.37502583714104,0.395
4520,2026-01-04 03:20:00,310.19759977214574,0.34299999999999997
4521,2026-01-04 03:21:00,311.01977722558314,0.42
4522,2026-01-04 03:22:00,310.1654106189432,0.41200000000000003
4523,2026-01-04 03:23:00,311.3953519639066,0.419
4524,2026-01-04 03:24:00,310.8361721501766,0.525
4525,2026-01-04 03:25:00,310.6387392593817,0.28
4526,2026-01-04 03:26:00,310.30443233223576,0.36200000000000004
4527,2026-01-04 03:27:00,309.89702074823197,0.451
4528,2026-01-04 03:28:00,309.7797751498314,0.353
4529,2026-01-04 03:29:00,310.82283878898227,0.233
4530,2026-01-04 03:30:00,309.76165399303426,0.326
4531,2026-01-04 03:31:00,310.551859243915,0.35600000000000004
4532,2026-01-04 03:32:00,310.6292418636699,0.46799999999999997
4533,2026-01-04 03:33:00,310.6123500693189,0.327
4534,2026-01-04 03:34:00,310.79394109466705,0.39899999999999997
4535,2026-01-04 03:35:00,310.92789147288363,0.551
4536,2026-01-04 03:36:00,309.90566295797817,0.43
4537,2026-01-04 03:37:00,309.27131308094397,0.43200000000000005
4538,2026-01-04 03:38:00,310.39473693383013,0.536
4539,2026-01-04 03:39:00,310.1604270213638,0.37200000000000005
4540,2026-01-04 03:40:00,310.4094742686843,0.375
4541,2026-01-04 03:41:00,311.0519336755669,0.402
4542,2026-01-04 03:42:00,310.46368680779153,0.337
4543,2026-01-04 03:43:00,310.10416109232324,0.22699999999999998
4544,2026-01-04 03:44:00,310.38045139315943,0.45399999999999996
4545,2026-01-04 03:45:00,310.5708222734341,0.282
4546,2026-01-04 03:46:00,310.317853975767,0.267
4547,2026-01-04 03:47:00,311.1144762346671,0.512
4548,2026-01-04 03:48:00,310.1312906765231,0.263
4549,2026-01-04 03:49:00,310.5861670556793,0.475
4550,2026-01-04 03:50:00,311.79181874718716,0.43700000000000006
4551,2026-01-04 03:51:00,310.4873264716745,0.419
4552,2026-01-04 03:52:00,311.8421937597397,0.322
4553,2026-01-04 03:53:00,310.7604315608903,0.5770000000000001
4554,2026-01-04 03:54:00,310.19905930217726,0.2
4555,2026-01-04 03:55:00,310.0980935249919,0.395
4556,2026-01-04 03:56:00,311.056215488353,0.55
4557,2026-01-04 03:57:00,309.5855355640483,0.505
4558,2026-01-04 03:58:00,311.0716158297909,0.447
4559,2026-01-04 03:59:00,310.60916458373225,0.361
4560,2026-01-04 04:00:00,310.6927962734082,0.35
4561,2026-01-04 04:01:00,311.63129011999433,0.522
4562,2026-01-04 04:02:00,309.82172917442546,0.298
4563,2026-01-04 04:03:00,312.2086266056105,0.365
4564,2026-01-04 04:04:00,310.3844515765705,0.435
4565,2026-01-04 04:05:00,311.08875223256405,0.40700000000000003
4566,2026-01-04 04:06:00,311.2557064487634,0.499
4567,2026-01-04 04:07:00,311.14972386054876,0.218
4568,2026-01-04 04:08:00,312.04959109196847,0.237
4569,2026-01-04 04:09:00,312.2450889374023,0.326
4570,2026-01-04 04:10:00,310.75466126709625,0.48200000000000004
4571,2026-01-04 04:11:00,311.6632980693341,0.37
4572,2026-01-04 04:12:00,311.4944941342481,0.32899999999999996
4573,2026-01-04 04:13:00,311.7646168947939,0.369
4574,2026-01-04 04:14:00,311.59110011634715,0.377
4575,2026-01-04 04:15:00,311.3596014070743,0.32299999999999995
4576,2026-01-04 04:16:00,311.5639198831645,0.322
4577,2026-01-04 04:17:00,312.0735591556875,0.483
4578,2026-01-04 04:18:00,310.9823002735305,0.33399999999999996
4579,2026-01-04 04:19:00,310.8663013090287,0.385
4580,2026-01-04 04:20:00,311.05864400688034,0.3
4581,2026-01-04 04:21:00,311.7647211277032,0.361
4582,2026-01-04 04:22:00,312.0275390740142,0.17800000000000002
4583,2026-01-04 04:23:00,311.82944161236026,0.33899999999999997
4584,2026-01-04 04:24:00,311.5410591076772,0.419
4585,2026-01-04 04:25:00,311.4591147783302,0.414
4586,2026-01-04 04:26:00,310.7798621920218,0.439
4587,2026-01-04 04:27:00,311.1835301523996,0.47600000000000003
4588,2026-01-04 04:28:00,310.2926283803815,0.43
4589,2026-01-04 04:29:00,311.88608039459274,0.49200000000000005
4590,2026-01-04 04:30:00,311.4698761937171,0.5579999999999999
4591,2026-01-04 04:31:00,309.8595696957445,0.442
4592,2026-01-04 04:32:00,310.40308751877524,0.5429999999999999
4593,2026-01-04 04:33:00,311.08179740333986,0.41700000000000004
4594,2026-01-04 04:34:00,310.67784094168456,0.583
4595,2026-01-04 04:35:00,311.70061311608595,0.24600000000000002
4596,2026-01-04 04:36:00,310.0823011230309,0.48700000000000004
4597,2026-01-04 04:37:00,311.00979416911554,0.45299999999999996
4598,2026-01-04 04:38:00,311.1288199787155,0.20199999999999999
4599,2026-01-04 04:39:00,311.069831587244,0.38
4600,2026-01-04 04:40:00,311.88160161981415,0.44
4601,2026-01-04 04:41:00,312.05554200156377,0.45299999999999996
4602,2026-01-04 04:42:00,311.56974396722205,0.562
4603,2026-01-04 04:43:00,311.66404709424626,0.165
4604,2026-01-04 04:44:00,312.42472849478304,0.556
4605,2026-01-04 04:45:00,311.26683220580605,0.37
4606,2026-01-04 04:46:00,311.9033721477249,0.293
4607,2026-01-04 04:47:00,311.01709138508136,0.245
4608,2026-01-04 04:48:00,311.168736411935,0.233
4609,2026-01-04 04:49:00,311.4920904860092,0.536
4610,2026-01-04 04:50:00,311.03150318631566,0.19699999999999998
4611,2026-01-04 04:51:00,311.96167470353623,0.526
4612,2026-01-04 04:52:00,311.1090675161823,0.51
4613,2026-01-04 04:53:00,310.730621808659,0.373
4614,2026-01-04 04:54:00,311.1037633477575,0.40700000000000003
4615,2026-01-04 04:55:00,311.6805565719598,0.39799999999999996
4616,2026-01-04 04:56:00,311.34018663176647,0.457
4617,2026-01-04 04:57:00,310.54330264591016,0.298
4618,2026-01-04 04:58:00,311.13854200632966,0.389
4619,2026-01-04 04:59:00,311.4103544010765,0.36700000000000005
4620,2026-01-04 05:00:00,311.66039437830756,0.261
4621,2026-01-04 05:01:00,311.3114123236538,0.23800000000000002
4622,2026-01-04 05:02:00,311.562342119088,0.446
4623,2026-01-04 05:03:00,311.13784853604017,0.537
4624,2026-01-04 05:04:00,310.7421795336233,0.505
4625,2026-01-04 05:05:00,311.0968973581611,0.304
4626,2026-01-04 05:06:00,311.9654525546979,0.35700000000000004
4627,2026-01-04 05:07:00,311.55176694454195,0.43
4628,2026-01-04 05:08:00,310.7018192156013,0.247
4629,2026-01-04 05:09:00,311.90303802758916,0.348
4630,2026-01-04 05:10:00,311.21239425765754,0.318
4631,2026-01-04 05:11:00,311.7725232226863,0.401
4632,2026-01-04 05:12:00,310.45995415498055,0.42700000000000005
4633,2026-01-04 05:13:00,311.8446999109945,0.546
4634,2026-01-04 05:14:00,312.1244416501917,0.542
4635,2026-01-04 05:15:00,311.7209329989631,0.41200000000000003
4636,2026-01-04 05:16:00,311.19196554677757,0.256
4637,2026-01-04 05:17:00,311.6033041384396,0.46
4638,2026-01-04 05:18:00,311.9336460203114,0.215
4639,2026-01-04 05:19:00,311.00515304617284,0.325
4640,2026-01-04 05:20:00,310.84800217474253,0.591
4641,2026-01-04 05:21:00,312.0558528660822,0.305
4642,2026-01-04 05:22:00,311.55647915659483,0.511
4643,2026-01-04 05:23:00,310.807958602024,0.529
4644,2026-01-04 05:24:00,311.5869668951713,0.355
4645,2026-01-04 05:25:00,309.89101696309444,0.47600000000000003
4646,2026-01-04 05:26:00,311.6966864082046,0.226
4647,2026-01-04 05:27:00,310.2761743046915,0.32299999999999995
4648,2026-01-04 05:28:00,310.9338987073229,0.35200000000000004
4649,2026-01-04 05:29:00,310.36864469936035,0.348
4650,2026-01-04 05:30:00,310.44801093806024,0.445
4651,2026-01-04 05:31:00,311.30565400219643,0.439
4652,2026-01-04 05:32:00,310.8402054838566,0.48100000000000004
4653,2026-01-04 05:33:00,311.6676779628509,0.317
4654,2026-01-04 05:34:00,310.93074275949675,0.539
4655,2026-01-04 05:35:00,311.0818118548098,0.461
4656,2026-01-04 05:36:00,311.2113376286466,0.54
4657,2026-01-04 05:37:00,310.4742637905167,0.366
4658,2026-01-04 05:38:00,310.7221238632125,0.306
4659,2026-01-04 05:39:00,311.226810152851,0.27899999999999997
4660,2026-01-04 05:40:00,311.93184398677073,0.473
4661,2026-01-04 05:41:00,310.2505965214837,0.355
4662,2026-01-04 05:42:00,311.24028117385024,0.434
4663,2026-01-04 05:43:00,311.50499477360836,0.556
4664,2026-01-04 05:44:00,311.71169425792027,0.36200000000000004
4665,2026-01-04 05:45:00,310.70170667558546,0.44799999999999995
4666,2026-01-04 05:46:00,311.5981488975846,0.335
4667,2026-01-04 05:47:00,310.73158569030477,0.213
4668,2026-01-04 05:48:00,310.9065193039442,0.47
4669,2026-01-04 05:49:00,311.1947020394864,0.401
4670,2026-01-04 05:50:00,312.05316618290135,0.307
4671,2026-01-04 05:51:00,312.1105823197459,0.39799999999999996
4672,2026-01-04 05:52:00,311.8362206460498,0.34700000000000003
4673,2026-01-04 05:53:00,312.0312544149729,0.317
4674,2026-01-04 05:54:00,312.01789655726424,0.32899999999999996
4675,2026-01-04 05:55:00,310.7092486032961,0.44799999999999995
4676,2026-01-04 05:56:00,311.65249640540173,0.308
4677,2026-01-04 05:57:00,312.7333945976838,0.342
4678,2026-01-04 05:58:00,311.30927986969044,0.17
4679,2026-01-04 05:59:00,310.7455419554634,0.381
4680,2026-01-04 06:00:00,310.4012429520943,0.364
4681,2026-01-04 06:01:00,311.56640788253856,0.43
4682,2026-01-04 06:02:00,311.61933559461716,0.33299999999999996
4683,2026-01-04 06:03:00,310.5336431348965,0.29600000000000004
4684,2026-01-04 06:04:00,310.53652977964987,0.247
4685,2026-01-04 06:05:00,311.1400533381191,0.508
4686,2026-01-04 06:06:00,311.57382787873047,0.34700000000000003
4687,2026-01-04 06:07:00,312.04063754023423,0.41700000000000004
4688,2026-01-04 06:08:00,312.1284834843496,0.34
4689,2026-01-04 06:09:00,312.3425374329526,0.419
4690,2026-01-04 06:10:00,310.74746821949674,0.462
4691,2026-01-04 06:11:00,312.4543135362133,0.31
4692,2026-01-04 06:12:00,310.9689073574778,0.327
4693,2026-01-04 06:13:00,311.96596564914694,0.6679999999999999
4694,2026-01-04 06:14:00,312.27330076627584,0.425
4695,2026-01-04 06:15:00,312.16303183773636,0.33299999999999996
4696,2026-01-04 06:16:00,312.6278775944534,0.332
4697,2026-01-04 06:17:00,312.32409341113623,0.223
4698,2026-01-04 06:18:00,311.60080382159316,0.235
4699,2026-01-04 06:19:00,311.8779770198108,0.258
4700,2026-01-04 06:20:00,311.1199810293196,0.5
4701,2026-01-04 06:21:00,312.1775473394927,0.322
4702,2026-01-04 06:22:00,312.0067854569671,0.442
4703,2026-01-04 06:23:00,312.59718403990126,0.359
4704,2026-01-04 06:24:00,311.84906399621764,0.452
4705,2026-01-04 06:25:00,310.97802778912524,0.28300000000000003
4706,2026-01-04 06:26:00,311.8142454644462,0.423
4707,2026-01-04 06:27:00,311.69462615766236,0.301
4708,2026-01-04 06:28:00,311.5845783725599,0.45399999999999996
4709,2026-01-04 06:29:00,311.6157419621162,0.568
4710,2026-01-04 06:30:00,311.87603248296637,0.349
4711,2026-01-04 06:31:00,312.30320883291165,0.441
4712,2026-01-04 06:32:00,312.24424634717786,0.21899999999999997
4713,2026-01-04 06:33:00,311.4306276880667,0.42700000000000005
4714,2026-01-04 06:34:00,312.2882238164231,0.509
4715,2026-01-04 06:35:00,312.5165305824201,0.316
4716,2026-01-04 06:36:00,312.06922827164084,0.426
4717,2026-01-04 06:37:00,312.37112103038476,0.183
4718,2026-01-04 06:38:00,311.410682210534,0.47
4719,2026-01-04 06:39:00,311.67840689040963,0.47100000000000003
4720,2026-01-04 06:40:00,311.9359708117909,0.61
4721,2026-01-04 06:41:00,311.5668159968552,0.355
4722,2026-01-04 06:42:00,311.30167718833894,0.451
4723,2026-01-04 06:43:00,311.00121382564197,0.385
4724,2026-01-04 06:44:00,312.51845139361916,0.446
4725,2026-01-04 06:45:00,311.46101431776356,0.392
4726,2026-01-04 06:46:00,311.6615845059679,0.425
4727,2026-01-04 06:47:00,311.79188477393484,0.379
4728,2026-01-04 06:48:00,311.78590710411964,0.5820000000000001
4729,2026-01-04 06:49:00,311.13334759228644,0.19
4730,2026-01-04 06:50:00,311.17393631419696,0.5379999999999999
4731,2026-01-04 06:51:00,311.269472768404,0.35200000000000004
4732,2026-01-04 06:52:00,311.7805256478287,0.529
4733,2026-01-04 06:53:00,311.23327241256266,0.337
4734,2026-01-04 06:54:00,311.7406996472701,0.518
4735,2026-01-04 06:55:00,311.561120744098,0.474
4736,2026-01-04 06:56:00,311.3955375852333,0.431
4737,2026-01-04 06:57:00,310.68411662430407,0.456
4738,2026-01-04 06:58:00,311.272748169415,0.273
4739,2026-01-04 06:59:00,310.7341951131049,0.467
4740,2026-01-04 07:00:00,310.0066949480997,0.509
4741,2026-01-04 07:01:00,310.54865945845904,0.319
4742,2026-01-04 07:02:00,310.92113330933404,0.373
4743,2026-01-04 07:03:00,311.17131111249813,0.395
4744,2026-01-04 07:04:00,311.4836594432584,0.366
4745,2026-01-04 07:05:00,311.2996712656576,0.5479999999999999
4746,2026-01-04 07:06:00,310.667144280489,0.513
4747,2026-01-04 07:07:00,311.170764181393,0.19
4748,2026-01-04 07:08:00,311.47826521444483,0.428
4749,2026-01-04 07:09:00,311.5539049358996,0.48700000000000004
4750,2026-01-04 07:10:00,310.68756024529637,0.465
4751,2026-01-04 07:11:00,311.32514082577904,0.385
4752,2026-01-04 07:12:00,311.06559164999504,0.527
4753,2026-01-04 07:13:00,311.45012057350766,0.114
4754,2026-01-04 07:14:00,312.3287051864556,0.45899999999999996
4755,2026-01-04 07:15:00,312.82315353640735,0.486
4756,2026-01-04 07:16:00,311.74767667204327,0.225
4757,2026-01-04 07:17:00,311.7683527335469,0.35700000000000004
4758,2026-01-04 07:18:00,312.0340415526066,0.501
4759,2026-01-04 07:19:00,312.81288318362726,0.529
4760,2026-01-04 07:20:00,311.4473130087489,0.371
4761,2026-01-04 07:21:00,311.4682832459162,0.493
4762,2026-01-04 07:22:00,311.5935731967484,0.36
4763,2026-01-04 07:23:00,311.3106185024818,0.379
4764,2026-01-04 07:24:00,311.66628696797693,0.503
4765,2026-01-04 07:25:00,312.21243160957266,0.233
4766,2026-01-04 07:26:00,312.53224542411,0.258
4767,2026-01-04 07:27:00,311.80764831175986,0.364
4768,2026-01-04 07:28:00,312.5783471114087,0.23600000000000002
4769,2026-01-04 07:29:00,313.35824333678147,0.546
4770,2026-01-04 07:30:00,311.7437091882644,0.389
4771,2026-01-04 07:31:00,312.5781917270371,0.466
4772,2026-01-04 07:32:00,312.21557545836134,0.45899999999999996
4773,2026-01-04 07:33:00,312.9176599613873,0.526
4774,2026-01-04 07:34:00,312.72685433144045,0.36
4775,2026-01-04 07:35:00,312.8309892328295,0.32299999999999995
4776,2026-01-04 07:36:00,313.01426019883934,0.5
4777,2026-01-04 07:37:00,312.54830763082475,0.413
4778,2026-01-04 07:38:00,313.1496959792407,0.441
4779,2026-01-04 07:39:00,312.9410420232605,0.355
4780,2026-01-04 07:40:00,312.95401789398375,0.358
4781,2026-01-04 07:41:00,312.2815783182171,0.40700000000000003
4782,2026-01-04 07:42:00,313.1518013335825,0.485
4783,2026-01-04 07:43:00,312.97616164435647,0.402
4784,2026-01-04 07:44:00,312.9239058368907,0.402
4785,2026-01-04 07:45:00,312.46240774762396,0.27899999999999997
4786,2026-01-04 07:46:00,312.1666299443834,0.49
4787,2026-01-04 07:47:00,312.3867272319343,0.473
4788,2026-01-04 07:48:00,312.9774831067435,0.461
4789,2026-01-04 07:49:00,311.6882241715224,0.46399999999999997
4790,2026-01-04 07:50:00,313.0206221904205,0.42200000000000004
4791,2026-01-04 07:51:00,310.9651640809793,0.51
4792,2026-01-04 07:52:00,311.9379561606818,0.327
4793,2026-01-04 07:53:00,312.71461602815833,0.542
4794,2026-01-04 07:54:00,313.03411804003014,0.314
4795,2026-01-04 07:55:00,312.07443474275385,0.38799999999999996
4796,2026-01-04 07:56:00,311.5049448522835,0.336
4797,2026-01-04 07:57:00,312.70590810871676,0.54
4798,2026-01-04 07:58:00,313.6241095457283,0.365
4799,2026-01-04 07:59:00,311.667828312108,0.486
4800,2026-01-04 08:00:00,312.00646827905325,0.327
4801,2026-01-04 08:01:00,312.4225487250343,0.39399999999999996
4802,2026-01-04 08:02:00,311.27855680531104,0.284
4803,2026-01-04 08:03:00,311.90622288735807,0.379
4804,2026-01-04 08:04:00,311.4589275423613,0.406
4805,2026-01-04 08:05:00,312.1147848465449,0.53
4806,2026-01-04 08:06:00,311.8907628583711,0.332
4807,2026-01-04 08:07:00,312.5877988659631,0.359
4808,2026-01-04 08:08:00,312.68662194856927,0.308
4809,2026-01-04 08:09:00,312.78153450416704,0.209
4810,2026-01-04 08:10:00,312.5823074869298,0.307
4811,2026-01-04 08:11:00,312.58732061590865,0.325
4812,2026-01-04 08:12:00,312.2409514067192,0.456
4813,2026-01-04 08:13:00,312.32688267935345,0.389
4814,2026-01-04 08:14:00,312.1496621151518,0.387
4815,2026-01-04 08:15:00,311.9368757193645,0.45
4816,2026-01-04 08:16:00,311.5674974433824,0.306
4817,2026-01-04 08:17:00,311.4885188400283,0.158
4818,2026-01-04 08:18:00,311.947766505471,0.589
4819,2026-01-04 08:19:00,312.2659206658727,0.392
4820,2026-01-04 08:20:00,311.99548664970416,0.382
4821,2026-01-04 08:21:00,310.75810639652536,0.297
4822,2026-01-04 08:22:00,311.5937974959651,0.545
4823,2026-01-04 08:23:00,311.63281422882994,0.451
4824,2026-01-04 08:24:00,312.0733194901164,0.41600000000000004
4825,2026-01-04 08:25:00,312.07076304724643,0.42200000000000004
4826,2026-01-04 08:26:00,311.6763707025342,0.509
4827,2026-01-04 08:27:00,311.7580212997577,0.62
4828,2026-01-04 08:28:00,312.3763148724194,0.27699999999999997
4829,2026-01-04 08:29:00,312.41050375441404,0.294
4830,2026-01-04 08:30:00,311.46830278691573,0.5
4831,2026-01-04 08:31:00,312.1925424045718,0.639
4832,2026-01-04 08:32:00,311.83367199561525,0.449
4833,2026-01-04 08:33:00,311.7720959980792,0.494
4834,2026-01-04 08:34:00,313.1336684327312,0.245
4835,2026-01-04 08:35:00,311.3198414978404,0.509
4836,2026-01-04 08:36:00,310.98013044989074,0.33299999999999996
4837,2026-01-04 08:37:00,312.0984971289734,0.335
4838,2026-01-04 08:38:00,312.01031294003786,0.446
4839,2026-01-04 08:39:00,312.02970948348667,0.529
4840,2026-01-04 08:40:00,312.6771117077691,0.429
4841,2026-01-04 08:41:00,311.84629600114624,0.568
4842,2026-01-04 08:42:00,311.7227355501441,0.518
4843,2026-01-04 08:43:00,312.72999560345403,0.349
4844,2026-01-04 08:44:00,312.6667454469091,0.34
4845,2026-01-04 08:45:00,311.3019580711876,0.33799999999999997
4846,2026-01-04 08:46:00,311.68734534176656,0.462
4847,2026-01-04 08:47:00,312.4800324860822,0.313
4848,2026-01-04 08:48:00,313.2625254491998,0.374
4849,2026-01-04 08:49:00,312.2161117539444,0.51
4850,2026-01-04 08:50:00,312.28751333600974,0.386
4851,2026-01-04 08:51:00,313.11788286948524,0.495
4852,2026-01-04 08:52:00,312.7675462469024,0.21100000000000002
4853,2026-01-04 08:53:00,311.52846654904783,0.557
4854,2026-01-04 08:54:00,311.68999744868586,0.223
4855,2026-01-04 08:55:00,312.7289113377338,0.434
4856,2026-01-04 08:56:00,312.8068710810097,0.348
4857,2026-01-04 08:57:00,312.5216691378793,0.287
4858,2026-01-04 08:58:00,312.3316730319735,0.541
4859,2026-01-04 08:59:00,312.47458419739934,0.46
4860,2026-01-04 09:00:00,312.41931548036143,0.265
4861,2026-01-04 09:01:00,313.17731544157266,0.285
4862,2026-01-04 09:02:00,312.214766345502,0.401
4863,2026-01-04 09:03:00,312.8749619633506,0.593
4864,2026-01-04 09:04:00,312.1299576403673,0.38799999999999996
4865,2026-01-04 09:05:00,312.81750890985097,0.309
4866,2026-01-04 09:06:00,311.9602245531587,0.312
4867,2026-01-04 09:07:00,311.643463606893,0.374
4868,2026-01-04 09:08:00,312.87501236488043,0.337
4869,2026-01-04 09:09:00,313.0025400413091,0.51
4870,2026-01-04 09:10:00,311.7171456706632,0.35600000000000004
4871,2026-01-04 09:11:00,312.31445893509454,0.419
4872,2026-01-04 09:12:00,311.88815322363865,0.47100000000000003
4873,2026-01-04 09:13:00,312.2917027086056,0.462
4874,2026-01-04 09:14:00,312.26455852240235,0.293
4875,2026-01-04 09:15:00,312.9063498774642,0.28
4876,2026-01-04 09:16:00,312.2987994736552,0.251
4877,2026-01-04 09:17:00,312.2195178559004,0.457
4878,2026-01-04 09:18:00,311.99484464499415,0.33299999999999996
4879,2026-01-04 09:19:00,313.24860098137674,0.392
4880,2026-01-04 09:20:00,311.8347559921499,0.366
4881,2026-01-04 09:21:00,312.2652108837314,0.439
4882,2026-01-04 09:22:00,312.1818341762369,0.264
4883,2026-01-04 09:23:00,312.57515389949015,0.231
4884,2026-01-04 09:24:00,312.262519852271,0.44299999999999995
4885,2026-01-04 09:25:00,312.2386832117805,0.466
4886,2026-01-04 09:26:00,312.1206787130528,0.33399999999999996
4887,2026-01-04 09:27:00,313.0213243463744,0.32299999999999995
4888,2026-01-04 09:28:00,312.8738226900408,0.38
4889,2026-01-04 09:29:00,312.8718583010268,0.537
4890,2026-01-04 09:30:00,312.52312138635745,0.177
4891,2026-01-04 09:31:00,311.75553187751353,0.419
4892,2026-01-04 09:32:00,311.6583879820564,0.324
4893,2026-01-04 09:33:00,312.60960661296343,0.293
4894,2026-01-04 09:34:00,312.57366549788657,0.168
4895,2026-01-04 09:35:00,313.16948913289565,0.507
4896,2026-01-04 09:36:00,312.5211314919605,0.531
4897,2026-01-04 09:37:00,312.13436268159273,0.456
4898,2026-01-04 09:38:00,312.7054130504225,0.337
4899,2026-01-04 09:39:00,312.12634360703237,0.48200000000000004
4900,2026-01-04 09:40:00,311.95034141009387,0.43700000000000006
4901,2026-01-04 09:41:00,312.9716519126435,0.317
4902,2026-01-04 09:42:00,312.67707629973967,0.298
4903,2026-01-04 09:43:00,312.35715432315067,0.371
4904,2026-01-04 09:44:00,311.9199295486308,0.35200000000000004
4905,2026-01-04 09:45:00,312.10648685588836,0.41700000000000004
4906,2026-01-04 09:46:00,312.5512526280568,0.49
4907,2026-01-04 09:47:00,312.14621401739566,0.27899999999999997
4908,2026-01-04 09:48:00,312.5371453038285,0.382
4909,2026-01-04 09:49:00,312.1663924548461,0.40700000000000003
4910,2026-01-04 09:50:00,312.02349200893656,0.4
4911,2026-01-04 09:51:00,311.7054383178294,0.6940000000000001
4912,2026-01-04 09:52:00,311.7377300332987,0.5479999999999999
4913,2026-01-04 09:53:00,312.38652011925484,0.35700000000000004
4914,2026-01-04 09:54:00,311.6503118978596,0.235
4915,2026-01-04 09:55:00,312.62042045865087,0.42100000000000004
4916,2026-01-04 09:56:00,312.9652437659871,0.306
4917,2026-01-04 09:57:00,312.42240039741733,0.36
4918,2026-01-04 09:58:00,313.2235755209067,0.33299999999999996
4919,2026-01-04 09:59:00,311.71523144322674,0.35200000000000004
4920,2026-01-04 10:00:00,312.4628010618629,0.445
4921,2026-01-04 10:01:00,311.60442211107994,0.33899999999999997
4922,2026-01-04 10:02:00,311.740533491258,0.3
4923,2026-01-04 10:03:00,312.32767486366834,0.447
4924,2026-01-04 10:04:00,312.33171836788216,0.368
4925,2026-01-04 10:05:00,312.1083004286213,0.358
4926,2026-01-04 10:06:00,313.15203058400095,0.428
4927,2026-01-04 10:07:00,312.16627051985495,0.706
4928,2026-01-04 10:08:00,312.3380238332789,0.387
4929,2026-01-04 10:09:00,311.79537920495306,0.301
4930,2026-01-04 10:10:00,312.2191219005835,0.624
4931,2026-01-04 10:11:00,312.162919917559,0.395
4932,2026-01-04 10:12:00,312.5873699019421,0.315
4933,2026-01-04 10:13:00,313.0516233821789,0.342
4934,2026-01-04 10:14:00,312.95865483006565,0.42
4935,2026-01-04 10:15:00,312.78606854622416,0.275
4936,2026-01-04 10:16:00,312.155724646535,0.441
4937,2026-01-04 10:17:00,313.2447224863197,0.317
4938,2026-01-04 10:18:00,311.9884049765278,0.539
4939,2026-01-04 10:19:00,312.78222321350376,0.41700000000000004
4940,2026-01-04 10:20:00,312.7447675167495,0.33399999999999996
4941,2026-01-04 10:21:00,312.60921058056283,0.20199999999999999
4942,2026-01-04 10:22:00,313.5426952997937,0.366
4943,2026-01-04 10:23:00,312.93098839101816,0.536
4944,2026-01-04 10:24:00,312.6585325384872,0.261
4945,2026-01-04 10:25:00,311.4192703251956,0.29100000000000004
4946,2026-01-04 10:26:00,313.24756515935445,0.451
4947,2026-01-04 10:27:00,312.3927671647817,0.152
4948,2026-01-04 10:28:00,312.397551575695,0.239
4949,2026-01-04 10:29:00,313.9370019711002,0.47
4950,2026-01-04 10:30:00,312.96232587657784,0.259
4951,2026-01-04 10:31:00,312.7439018853612,0.623
4952,2026-01-04 10:32:00,312.28068081960794,0.243
4953,2026-01-04 10:33:00,313.0390552021634,0.512
4954,2026-01-04 10:34:00,313.35853981121585,0.244
4955,2026-01-04 10:35:00,312.68047122518027,0.33899999999999997
4956,2026-01-04 10:36:00,312.50259631287764,0.493
4957,2026-01-04 10:37:00,312.28271090998174,0.281
4958,2026-01-04 10:38:00,312.0968393132723,0.534
4959,2026-01-04 10:39:00,312.49007352553406,0.433
4960,2026-01-04 10:40:00,312.1167760700967,0.384
4961,2026-01-04 10:41:00,312.18596774197744,0.36
4962,2026-01-04 10:42:00,312.5243191112261,0.278
4963,2026-01-04 10:43:00,312.4604380320988,0.249
4964,2026-01-04 10:44:00,312.9908862836351,0.382
4965,2026-01-04 10:45:00,311.7650515313949,0.41700000000000004
4966,2026-01-04 10:46:00,313.0439684558995,0.455
4967,2026-01-04 10:47:00,312.9435061209418,0.568
4968,2026-01-04 10:48:00,311.4881812006458,0.44799999999999995
4969,2026-01-04 10:49:00,313.59472131757565,0.47700000000000004
4970,2026-01-04 10:50:00,313.4311991621123,0.363
4971,2026-01-04 10:51:00,312.5853046105739,0.318
4972,2026-01-04 10:52:00,312.1106870300752,0.377
4973,2026-01-04 10:53:00,312.17964201213346,0.243
4974,2026-01-04 10:54:00,313.22594511971766,0.258
4975,2026-01-04 10:55:00,313.2378445039727,0.5870000000000001
4976,2026-01-04 10:56:00,312.5786825733734,0.235
4977,2026-01-04 10:57:00,312.5172396122928,0.405
4978,2026-01-04 10:58:00,312.333846633915,0.544
4979,2026-01-04 10:59:00,312.2221976945198,0.13
4980,2026-01-04 11:00:00,312.8596262885338,0.374
4981,2026-01-04 11:01:00,313.14389618030145,0.465
4982,2026-01-04 11:02:00,312.3185460879208,0.41
4983,2026-01-04 11:03:00,312.7666061228219,0.34600000000000003
4984,2026-01-04 11:04:00,313.26440408748977,0.237
4985,2026-01-04 11:05:00,312.69755996177304,0.294
4986,2026-01-04 11:06:00,312.70917859250767,0.39799999999999996
4987,2026-01-04 11:07:00,312.15274846233274,0.43200000000000005
4988,2026-01-04 11:08:00,311.83303459145384,0.114
4989,2026-01-04 11:09:00,313.42162280314625,0.252
4990,2026-01-04 11:10:00,312.2430424771162,0.413
4991,2026-01-04 11:11:00,312.7353049203423,0.23600000000000002
4992,2026-01-04 11:12:00,313.0314889969034,0.17600000000000002
4993,2026-01-04 11:13:00,313.4573373178164,0.317
4994,2026-01-04 11:14:00,313.41385470391145,0.513
4995,2026-01-04 11:15:00,313.52419924329564,0.46299999999999997
4996,2026-01-04 11:16:00,312.54892746142735,0.527
4997,2026-01-04 11:17:00,312.26027996330436,0.473
4998,2026-01-04 11:18:00,312.7055137941743,0.483
4999,2026-01-04 11:19:00,313.76663691502137,0.428
5000,2026-01-04 11:20:00,312.8604677176303,0.40700000000000003
5001,2026-01-04 11:21:00,313.4434809054923,0.38299999999999995
5002,2026-01-04 11:22:00,313.25259321259654,0.33799999999999997
5003,2026-01-04 11:23:00,312.9686316634617,0.278
5004,2026-01-04 11:24:00,312.9886685319949,0.35200000000000004
5005,2026-01-04 11:25:00,313.7696188672219,0.386
5006,2026-01-04 11:26:00,312.12374856395513,0.284
5007,2026-01-04 11:27:00,312.09258222652653,0.475
5008,2026-01-04 11:28:00,312.3608458066706,0.45
5009,2026-01-04 11:29:00,313.1319631029787,0.366
5010,2026-01-04 11:30:00,312.85059447393655,0.395
5011,2026-01-04 11:31:00,313.25342246120204,0.363
5012,2026-01-04 11:32:00,313.4572961441408,0.611
5013,2026-01-04 11:33:00,312.5133551798459,0.47100000000000003
5014,2026-01-04 11:34:00,312.85342454063425,0.345
5015,2026-01-04 11:35:00,313.25216654490157,0.29
5016,2026-01-04 11:36:00,313.29758111013376,0.428
5017,2026-01-04 11:37:00,313.1489515273604,0.4
5018,2026-01-04 11:38:00,312.67504040541843,0.546
5019,2026-01-04 11:39:00,312.953533107511,0.293
5020,2026-01-04 11:40:00,313.47646398436655,0.39799999999999996
5021,2026-01-04 11:41:00,312.29532125596614,0.483
5022,2026-01-04 11:42:00,313.5529054880626,0.45
5023,2026-01-04 11:43:00,313.1519664564806,0.314
5024,2026-01-04 11:44:00,313.2427604525881,0.509
5025,2026-01-04 11:45:00,313.5305788809195,0.41100000000000003
5026,2026-01-04 11:46:00,313.4981358340968,0.406
5027,2026-01-04 11:47:00,313.4137700779932,0.37799999999999995
5028,2026-01-04 11:48:00,312.873597429703,0.41100000000000003
5029,2026-01-04 11:49:00,313.10663924294244,0.285
5030,2026-01-04 11:50:00,314.6841942797323,0.325
5031,2026-01-04 11:51:00,313.80432200212886,0.34600000000000003
5032,2026-01-04 11:52:00,312.542328980081,0.47100000000000003
5033,2026-01-04 11:53:00,314.0042375388212,0.358
5034,2026-01-04 11:54:00,313.7513249061482,0.39399999999999996
5035,2026-01-04 11:55:00,313.1219764316979,0.475
5036,2026-01-04 11:56:00,313.9472005179705,0.469
5037,2026-01-04 11:57:00,313.3183914434408,0.424
5038,2026-01-04 11:58:00,312.2860734173762,0.293
5039,2026-01-04 11:59:00,313.89079820576626,0.6859999999999999
5040,2026-01-04 12:00:00,312.6578657845455,0.455
5041,2026-01-04 12:01:00,312.9199397528841,0.304
5042,2026-01-04 12:02:00,311.83187245378684,0.39899999999999997
5043,2026-01-04 12:03:00,313.62476364537406,0.484
5044,2026-01-04 12:04:00,314.5689717198119,0.34299999999999997
5045,2026-01-04 12:05:00,313.40773882831047,0.35700000000000004
5046,2026-01-04 12:06:00,313.49183457953154,0.456
5047,2026-01-04 12:07:00,312.7417176708218,0.535
5048,2026-01-04 12:08:00,312.9720755179124,0.499
5049,2026-01-04 12:09:00,313.15500282223474,0.425
5050,2026-01-04 12:10:00,311.631540567798,0.479
5051,2026-01-04 12:11:00,312.4873076402365,0.42700000000000005
5052,2026-01-04 12:12:00,312.6354371084998,0.625
5053,2026-01-04 12:13:00,312.6780643923844,0.539
5054,2026-01-04 12:14:00,313.47226333392206,0.466
5055,2026-01-04 12:15:00,313.7245819568857,0.42100000000000004
5056,2026-01-04 12:16:00,313.080434560403,0.37200000000000005
5057,2026-01-04 12:17:00,313.63252742865967,0.309
5058,2026-01-04 12:18:00,313.3550207808128,0.505
5059,2026-01-04 12:19:00,312.79815786140284,0.39
5060,2026-01-04 12:20:00,312.55123385105423,0.48700000000000004
5061,2026-01-04 12:21:00,312.28590536933547,0.311
5062,2026-01-04 12:22:00,312.54154232453493,0.409
5063,2026-01-04 12:23:00,313.7472595321249,0.45299999999999996
5064,2026-01-04 12:24:00,312.3854978520629,0.46799999999999997
5065,2026-01-04 12:25:00,312.4158738116682,0.34600000000000003
5066,2026-01-04 12:26:00,313.96598155051475,0.466
5067,2026-01-04 12:27:00,314.2657314871962,0.449
5068,2026-01-04 12:28:00,313.77385412687676,0.249
5069,2026-01-04 12:29:00,313.65529416015016,0.43799999999999994
5070,2026-01-04 12:30:00,314.5675467347952,0.5479999999999999
5071,2026-01-04 12:31:00,313.10534916844017,0.516
5072,2026-01-04 12:32:00,313.4623952581371,0.39
5073,2026-01-04 12:33:00,312.2203023014085,0.434
5074,2026-01-04 12:34:00,313.1144109391925,0.541
5075,2026-01-04 12:35:00,313.172430077073,0.20800000000000002
5076,2026-01-04 12:36:00,313.9989376871869,0.56
5077,2026-01-04 12:37:00,312.83539805692084,0.45899999999999996
5078,2026-01-04 12:38:00,313.22287554066116,0.282
5079,2026-01-04 12:39:00,312.3680937883561,0.41
5080,2026-01-04 12:40:00,313.4897429147447,0.47200000000000003
5081,2026-01-04 12:41:00,313.5697734857152,0.40700000000000003
5082,2026-01-04 12:42:00,312.6817261014056,0.48200000000000004
5083,2026-01-04 12:43:00,312.4624575854438,0.406
5084,2026-01-04 12:44:00,313.31712682848416,0.528
5085,2026-01-04 12:45:00,313.31250815370504,0.45799999999999996
5086,2026-01-04 12:46:00,313.6561903535039,0.39899999999999997
5087,2026-01-04 12:47:00,312.3495379955871,0.322
5088,2026-01-04 12:48:00,312.51503478885667,0.494
5089,2026-01-04 12:49:00,314.63246325031275,0.402
5090,2026-01-04 12:50:00,313.28707951995824,0.501
5091,2026-01-04 12:51:00,314.0387789535855,0.47200000000000003
5092,2026-01-04 12:52:00,313.3907276476293,0.424
5093,2026-01-04 12:53:00,313.72719455709944,0.336
5094,2026-01-04 12:54:00,312.87838523728345,0.43700000000000006
5095,2026-01-04 12:55:00,314.0476838557216,0.446
5096,2026-01-04 12:56:00,313.8729204132974,0.5660000000000001
5097,2026-01-04 12:57:00,313.62769092309384,0.36700000000000005
5098,2026-01-04 12:58:00,313.79482847791695,0.444
5099,2026-01-04 12:59:00,313.5593852408061,0.516
5100,2026-01-04 13:00:00,312.49717963236594,0.45799999999999996
5101,2026-01-04 13:01:00,313.11525854490753,0.262
5102,2026-01-04 13:02:00,314.004947266245,0.374
5103,2026-01-04 13:03:00,313.8321038929529,0.43700000000000006
5104,2026-01-04 13:04:00,314.08205612137084,0.467
5105,2026-01-04 13:05:00,313.3525318653933,0.449
5106,2026-01-04 13:06:00,313.07684262388557,0.184
5107,2026-01-04 13:07:00,313.7349374137635,0.539
5108,2026-01-04 13:08:00,313.8730002639356,0.314
5109,2026-01-04 13:09:00,313.6799141119606,0.33399999999999996
5110,2026-01-04 13:10:00,313.6828380712891,0.46
5111,2026-01-04 13:11:00,313.6648753554082,0.43700000000000006
5112,2026-01-04 13:12:00,313.61663753101664,0.4
5113,2026-01-04 13:13:00,313.53837130284074,0.298
5114,2026-01-04 13:14:00,312.898862402326,0.413
5115,2026-01-04 13:15:00,314.12529909275514,0.373
5116,2026-01-04 13:16:00,313.4221081747059,0.48100000000000004
5117,2026-01-04 13:17:00,313.2887595434842,0.254
5118,2026-01-04 13:18:00,313.7961983778575,0.151
5119,2026-01-04 13:19:00,313.0878187917956,0.425
5120,2026-01-04 13:20:00,313.198951510964,0.28300000000000003
5121,2026-01-04 13:21:00,312.768665896964,0.35700000000000004
5122,2026-01-04 13:22:00,313.6623088607958,0.439
5123,2026-01-04 13:23:00,313.4063607427182,0.5
5124,2026-01-04 13:24:00,313.5154352426565,0.258
5125,2026-01-04 13:25:00,313.5803343224566,0.455
5126,2026-01-04 13:26:00,312.48811859907835,0.245
5127,2026-01-04 13:27:00,313.6067784743424,0.289
5128,2026-01-04 13:28:00,313.4627511511694,0.36700000000000005
5129,2026-01-04 13:29:00,312.5984116849412,0.40299999999999997
5130,2026-01-04 13:30:00,313.5501293871774,0.389
5131,2026-01-04 13:31:00,313.8459854951333,0.321
5132,2026-01-04 13:32:00,313.88171457781584,0.35
5133,2026-01-04 13:33:00,313.8078102825528,0.391
5134,2026-01-04 13:34:00,313.89013180226567,0.42
5135,2026-01-04 13:35:00,313.48077822209194,0.335
5136,2026-01-04 13:36:00,314.1549100988682,0.32899999999999996
5137,2026-01-04 13:37:00,313.56188825686394,0.389
5138,2026-01-04 13:38:00,312.937762887312,0.384
5139,2026-01-04 13:39:00,313.8535531444924,0.431
5140,2026-01-04 13:40:00,313.1388584989392,0.415
5141,2026-01-04 13:41:00,313.83837064481645,0.298
5142,2026-01-04 13:42:00,313.4362545649773,0.56
5143,2026-01-04 13:43:00,313.42276156449816,0.127
5144,2026-01-04 13:44:00,313.0417848116681,0.317
5145,2026-01-04 13:45:00,312.6686168061558,0.376
5146,2026-01-04 13:46:00,312.4478650117808,0.373
5147,2026-01-04 13:47:00,312.3916609375002,0.414
5148,2026-01-04 13:48:00,312.6783187688181,0.496
5149,2026-01-04 13:49:00,313.6816967292643,0.503
5150,2026-01-04 13:50:00,312.9472580137009,0.44
5151,2026-01-04 13:51:00,313.285027150725,0.501
5152,2026-01-04 13:52:00,313.5847743330664,0.18899999999999997
5153,2026-01-04 13:53:00,313.1148806661851,0.45899999999999996
5154,2026-01-04 13:54:00,313.7498284142447,0.235
5155,2026-01-04 13:55:00,313.58261493527044,0.321
5156,2026-01-04 13:56:00,313.00077560605223,0.434
5157,2026-01-04 13:57:00,314.6548711990433,0.414
5158,2026-01-04 13:58:00,313.63577818158086,0.327
5159,2026-01-04 13:59:00,312.84547639157427,0.29600000000000004
5160,2026-01-04 14:00:00,313.5382842681729,0.39899999999999997
5161,2026-01-04 14:01:00,313.1813821491845,0.384
5162,2026-01-04 14:02:00,313.5803946751755,0.545
5163,2026-01-04 14:03:00,313.7053187802431,0.282
5164,2026-01-04 14:04:00,313.3631821595581,0.281
5165,2026-01-04 14:05:00,314.3508692519555,0.478
5166,2026-01-04 14:06:00,313.3406642014512,0.237
5167,2026-01-04 14:07:00,313.93928549657517,0.271
5168,2026-01-04 14:08:00,313.30320585235535,0.532
5169,2026-01-04 14:09:00,312.3253187063808,0.431
5170,2026-01-04 14:10:00,313.5332628844171,0.428
5171,2026-01-04 14:11:00,313.7431028499602,0.387
5172,2026-01-04 14:12:00,312.9845952327022,0.287
5173,2026-01-04 14:13:00,313.3882196484921,0.319
5174,2026-01-04 14:14:00,313.00237775183905,0.225
5175,2026-01-04 14:15:00,313.1319679858662,0.424
5176,2026-01-04 14:16:00,313.01996779555685,0.21100000000000002
5177,2026-01-04 14:17:00,313.0310963845544,0.15
5178,2026-01-04 14:18:00,312.6519783208849,0.35700000000000004
5179,2026-01-04 14:19:00,313.10263516992916,0.306
5180,2026-01-04 14:20:00,313.6228036987631,0.469
5181,2026-01-04 14:21:00,313.57719418648963,0.48
5182,2026-01-04 14:22:00,312.8621262329477,0.46
5183,2026-01-04 14:23:00,314.5639509368658,0.629
5184,2026-01-04 14:24:00,312.9426799706791,0.39799999999999996
5185,2026-01-04 14:25:00,313.0325849760451,0.344
5186,2026-01-04 14:26:00,313.0386152000233,0.368
5187,2026-01-04 14:27:00,313.00390997109406,0.36
5188,2026-01-04 14:28:00,312.7211553262328,0.358
5189,2026-01-04 14:29:00,313.19792884615003,0.5329999999999999
5190,2026-01-04 14:30:00,313.3345958337284,0.4
5191,2026-01-04 14:31:00,312.6748210641927,0.5870000000000001
5192,2026-01-04 14:32:00,312.41653501087006,0.473
5193,2026-01-04 14:33:00,312.74796681583484,0.511
5194,2026-01-04 14:34:00,312.49215327192934,0.305
5195,2026-01-04 14:35:00,312.52732993596055,0.22399999999999998
5196,2026-01-04 14:36:00,312.73575959295624,0.433
5197,2026-01-04 14:37:00,312.9750002276219,0.276
5198,2026-01-04 14:38:00,312.35256450180304,0.413
5199,2026-01-04 14:39:00,312.989633070536,0.293
5200,2026-01-04 14:40:00,312.4082955769696,0.385
5201,2026-01-04 14:41:00,312.44404204948165,0.425
5202,2026-01-04 14:42:00,312.71072039066337,0.536
5203,2026-01-04 14:43:00,312.89420348037913,0.457
5204,2026-01-04 14:44:00,313.0621112179264,0.433
5205,2026-01-04 14:45:00,312.87800603757995,0.37200000000000005
5206,2026-01-04 14:46:00,313.79648892975734,0.42700000000000005
5207,2026-01-04 14:47:00,312.7373402658277,0.518
5208,2026-01-04 14:48:00,312.5151304830579,0.479
5209,2026-01-04 14:49:00,312.9407091583985,0.37200000000000005
5210,2026-01-04 14:50:00,313.45761430667903,0.599
5211,2026-01-04 14:51:00,313.3617749720398,0.32899999999999996
5212,2026-01-04 14:52:00,312.7802969507627,0.314
5213,2026-01-04 14:53:00,313.2972957503354,0.29600000000000004
5214,2026-01-04 14:54:00,313.2478040839618,0.47200000000000003
5215,2026-01-04 14:55:00,313.02628717417264,0.319
5216,2026-01-04 14:56:00,312.6744085783273,0.539
5217,2026-01-04 14:57:00,312.63128383607767,0.483
5218,2026-01-04 14:58:00,311.8120577436988,0.41100000000000003
5219,2026-01-04 14:59:00,313.42658882349815,0.614
5220,2026-01-04 15:00:00,313.79391085465664,0.267
5221,2026-01-04 15:01:00,313.1449690897064,0.18600000000000003
5222,2026-01-04 15:02:00,313.7240375415096,0.42200000000000004
5223,2026-01-04 15:03:00,312.5846863012039,0.578
5224,2026-01-04 15:04:00,312.5611050103306,0.45299999999999996
5225,2026-01-04 15:05:00,312.5922993857578,0.501
5226,2026-01-04 15:06:00,313.2589561307126,0.41
5227,2026-01-04 15:07:00,313.2212137009083,0.45399999999999996
5228,2026-01-04 15:08:00,312.7696532477039,0.423
5229,2026-01-04 15:09:00,314.5407347516212,0.441
5230,2026-01-04 15:10:00,312.64499093698845,0.29
5231,2026-01-04 15:11:00,313.1095908038903,0.28
5232,2026-01-04 15:12:00,313.5555053207976,0.284
5233,2026-01-04 15:13:00,313.4816420651891,0.474
5234,2026-01-04 15:14:00,314.2734879194752,0.348
5235,2026-01-04 15:15:00,311.89170850515563,0.316
5236,2026-01-04 15:16:00,313.31347685768645,0.38299999999999995
5237,2026-01-04 15:17:00,313.22319080181046,0.41
5238,2026-01-04 15:18:00,312.3884489669817,0.38299999999999995
5239,2026-01-04 15:19:00,313.3180848495624,0.21600000000000003
5240,2026-01-04 15:20:00,313.42338866037466,0.39899999999999997
5241,2026-01-04 15:21:00,312.61469313681135,0.529
5242,2026-01-04 15:22:00,312.36132268105615,0.5429999999999999
5243,2026-01-04 15:23:00,312.9786650629138,0.595
5244,2026-01-04 15:24:00,312.8133004205278,0.40299999999999997
5245,2026-01-04 15:25:00,313.2847117114511,0.23600000000000002
5246,2026-01-04 15:26:00,313.9137964645904,0.519
5247,2026-01-04 15:27:00,313.34210601835974,0.516
5248,2026-01-04 15:28:00,313.44101164366197,0.385
5249,2026-01-04 15:29:00,312.73389523288637,0.447
5250,2026-01-04 15:30:00,313.0058660465556,0.369
5251,2026-01-04 15:31:00,312.5370715097084,0.461
5252,2026-01-04 15:32:00,312.643787959723,0.358
5253,2026-01-04 15:33:00,312.78317784073164,0.439
5254,2026-01-04 15:34:00,312.8090332627325,0.223
5255,2026-01-04 15:35:00,313.63437550532984,0.534
5256,2026-01-04 15:36:00,313.1926822538655,0.233
5257,2026-01-04 15:37:00,311.6454209054542,0.387
5258,2026-01-04 15:38:00,312.8570185288359,0.428
5259,2026-01-04 15:39:00,312.7239273323639,0.541
5260,2026-01-04 15:40:00,312.2861034625358,0.44799999999999995
5261,2026-01-04 15:41:00,313.50303347699014,0.644
5262,2026-01-04 15:42:00,312.8957130343879,0.397
5263,2026-01-04 15:43:00,313.8834107340665,0.382
5264,2026-01-04 15:44:00,312.4728734373945,0.441
5265,2026-01-04 15:45:00,312.12339414140763,0.309
5266,2026-01-04 15:46:00,312.8682898565693,0.41200000000000003
5267,2026-01-04 15:47:00,312.2608092779375,0.34
5268,2026-01-04 15:48:00,313.4284308768667,0.44
5269,2026-01-04 15:49:00,313.89837007027614,0.304
5270,2026-01-04 15:50:00,313.4298205638099,0.358
5271,2026-01-04 15:51:00,312.5080170981005,0.414
5272,2026-01-04 15:52:00,313.1395506657381,0.39899999999999997
5273,2026-01-04 15:53:00,313.04139438554466,0.524
5274,2026-01-04 15:54:00,313.22628485807616,0.419
5275,2026-01-04 15:55:00,313.219723456712,0.29600000000000004
5276,2026-01-04 15:56:00,312.94077742353267,0.39799999999999996
5277,2026-01-04 15:57:00,312.6238397139042,0.424
5278,2026-01-04 15:58:00,313.3630619584418,0.469
5279,2026-01-04 15:59:00,313.07467419983846,0.39399999999999996
5280,2026-01-04 16:00:00,313.5839656561142,0.34299999999999997
5281,2026-01-04 16:01:00,313.1472393436772,0.40700000000000003
5282,2026-01-04 16:02:00,313.36711969700127,0.521
5283,2026-01-04 16:03:00,313.3610129298166,0.35
5284,2026-01-04 16:04:00,313.91956011732793,0.491
5285,2026-01-04 16:05:00,313.48266022621937,0.485
5286,2026-01-04 16:06:00,312.82971233942084,0.478
5287,2026-01-04 16:07:00,313.1208825062106,0.502
5288,2026-01-04 16:08:00,313.78562654289544,0.486
5289,2026-01-04 16:09:00,312.76812350002433,0.18100000000000002
5290,2026-01-04 16:10:00,314.1079563464976,0.491
5291,2026-01-04 16:11:00,312.9311982866099,0.265
5292,2026-01-04 16:12:00,312.4532675107553,0.5579999999999999
5293,2026-01-04 16:13:00,312.7134128023515,0.37200000000000005
5294,2026-01-04 16:14:00,312.6981662241572,0.441
5295,2026-01-04 16:15:00,313.5620802939566,0.493
5296,2026-01-04 16:16:00,313.01147418346795,0.29100000000000004
5297,2026-01-04 16:17:00,313.16170538912775,0.317
5298,2026-01-04 16:18:00,313.47861692983764,0.348
5299,2026-01-04 16:19:00,312.5971672021823,0.426
5300,2026-01-04 16:20:00,313.2939186254206,0.48
5301,2026-01-04 16:21:00,312.26554429684893,0.43
5302,2026-01-04 16:22:00,312.43062520276357,0.498
5303,2026-01-04 16:23:00,313.9005948925107,0.235
5304,2026-01-04 16:24:00,312.5145913325327,0.326
5305,2026-01-04 16:25:00,313.1718463971434,0.308
5306,2026-01-04 16:26:00,312.1364892138734,0.272
5307,2026-01-04 16:27:00,312.7727994515992,0.331
5308,2026-01-04 16:28:00,312.22908593018684,0.32899999999999996
5309,2026-01-04 16:29:00,312.43811666675197,0.39
5310,2026-01-04 16:30:00,312.5757553458696,0.47
5311,2026-01-04 16:31:00,312.1879199784576,0.455
5312,2026-01-04 16:32:00,312.5589035055006,0.499
5313,2026-01-04 16:33:00,312.99638075567117,0.5529999999999999
5314,2026-01-04 16:34:00,313.2505852111662,0.484
5315,2026-01-04 16:35:00,312.6590363830424,0.308
5316,2026-01-04 16:36:00,312.3640850179299,0.273
5317,2026-01-04 16:37:00,312.5445240301404,0.491
5318,2026-01-04 16:38:00,311.4339269544969,0.16699999999999998
5319,2026-01-04 16:39:00,312.1710446115468,0.419
5320,2026-01-04 16:40:00,313.6657778555711,0.455
5321,2026-01-04 16:41:00,313.36240304513825,0.319
5322,2026-01-04 16:42:00,312.89523968589344,0.445
5323,2026-01-04 16:43:00,312.2103054428085,0.462
5324,2026-01-04 16:44:00,312.39423263310397,0.516
5325,2026-01-04 16:45:00,312.2817899855069,0.098
5326,2026-01-04 16:46:00,312.82891018910243,0.389
5327,2026-01-04 16:47:00,313.03731744844674,0.337
5328,2026-01-04 16:48:00,312.99544839505427,0.444
5329,2026-01-04 16:49:00,312.6316225399999,0.327
5330,2026-01-04 16:50:00,312.21355691224284,0.32799999999999996
5331,2026-01-04 16:51:00,312.3041601658538,0.493
5332,2026-01-04 16:52:00,313.6248671769894,0.5579999999999999
5333,2026-01-04 16:53:00,312.1759865508229,0.457
5334,2026-01-04 16:54:00,313.31521719943214,0.384
5335,2026-01-04 16:55:00,312.7860581446808,0.508
5336,2026-01-04 16:56:00,312.73027858717444,0.39399999999999996
5337,2026-01-04 16:57:00,313.25227339463623,0.355
5338,2026-01-04 16:58:00,312.87370879778246,0.638
5339,2026-01-04 16:59:00,313.0026725178332,0.34600000000000003
5340,2026-01-04 17:00:00,312.4530763719537,0.336
5341,2026-01-04 17:01:00,312.8893077311175,0.35100000000000003
5342,2026-01-04 17:02:00,312.41560918499897,0.345
5343,2026-01-04 17:03:00,312.8423414501981,0.363
5344,2026-01-04 17:04:00,312.37718456995617,0.34
5345,2026-01-04 17:05:00,313.1605425587672,0.375
5346,2026-01-04 17:06:00,312.2636250122361,0.498
5347,2026-01-04 17:07:00,312.4390929965455,0.29
5348,2026-01-04 17:08:00,312.37002882342176,0.20600000000000002
5349,2026-01-04 17:09:00,312.7657278387077,0.242
5350,2026-01-04 17:10:00,313.2609571448894,0.47100000000000003
5351,2026-01-04 17:11:00,312.5481381807053,0.44
5352,2026-01-04 17:12:00,313.7729837379879,0.307
5353,2026-01-04 17:13:00,312.08882317854903,0.57
5354,2026-01-04 17:14:00,312.5739328034476,0.39899999999999997
5355,2026-01-04 17:15:00,311.09163274676536,0.353
5356,2026-01-04 17:16:00,312.28072795781014,0.364
5357,2026-01-04 17:17:00,311.8529381228031,0.406
5358,2026-01-04 17:18:00,312.73536026081905,0.267
5359,2026-01-04 17:19:00,312.54375983892095,0.3
5360,2026-01-04 17:20:00,311.9022334676061,0.379
5361,2026-01-04 17:21:00,312.2875790054254,0.371
5362,2026-01-04 17:22:00,312.1997838460024,0.47700000000000004
5363,2026-01-04 17:23:00,312.23914503588577,0.46799999999999997
5364,2026-01-04 17:24:00,312.29355845291155,0.25
5365,2026-01-04 17:25:00,312.3028646578575,0.408
5366,2026-01-04 17:26:00,312.4029114971637,0.349
5367,2026-01-04 17:27:00,312.36637251156515,0.575
5368,2026-01-04 17:28:00,312.30475320681745,0.191
5369,2026-01-04 17:29:00,312.6769881847081,0.369
5370,2026-01-04 17:30:00,312.4654557989712,0.41700000000000004
5371,2026-01-04 17:31:00,311.2639657414383,0.375
5372,2026-01-04 17:32:00,311.7909763101282,0.27
5373,2026-01-04 17:33:00,311.7358066471429,0.33799999999999997
5374,2026-01-04 17:34:00,312.95353481962877,0.40299999999999997
5375,2026-01-04 17:35:00,311.69875092172185,0.46
5376,2026-01-04 17:36:00,312.122774352798,0.26899999999999996
5377,2026-01-04 17:37:00,312.7385252028307,0.42
5378,2026-01-04 17:38:00,312.04474775205756,0.5
5379,2026-01-04 17:39:00,312.6634628449753,0.49
5380,2026-01-04 17:40:00,313.2958778459747,0.491
5381,2026-01-04 17:41:00,312.89455055828296,0.47200000000000003
5382,2026-01-04 17:42:00,312.3649522474876,0.344
5383,2026-01-04 17:43:00,312.6869747835052,0.402
5384,2026-01-04 17:44:00,312.22371624777253,0.426
5385,2026-01-04 17:45:00,312.6651902407762,0.705
5386,2026-01-04 17:46:00,312.31152396207546,0.368
5387,2026-01-04 17:47:00,311.8235372365182,0.397
5388,2026-01-04 17:48:00,312.0405142314261,0.42700000000000005
5389,2026-01-04 17:49:00,311.1652931189174,0.239
5390,2026-01-04 17:50:00,312.7430572553956,0.5379999999999999
5391,2026-01-04 17:51:00,312.38218563553454,0.46299999999999997
5392,2026-01-04 17:52:00,312.9421748020716,0.5479999999999999
5393,2026-01-04 17:53:00,311.59708807105295,0.485
5394,2026-01-04 17:54:00,312.8772086375958,0.254
5395,2026-01-04 17:55:00,312.67675479137307,0.461
5396,2026-01-04 17:56:00,311.84184660916134,0.48700000000000004
5397,2026-01-04 17:57:00,312.42117650262634,0.478
5398,2026-01-04 17:58:00,312.80402158949073,0.248
5399,2026-01-04 17:59:00,312.36486599868704,0.33
5400,2026-01-04 18:00:00,313.03867629647056,0.442
5401,2026-01-04 18:01:00,313.01294420147195,0.515
5402,2026-01-04 18:02:00,314.1709335896995,0.39399999999999996
5403,2026-01-04 18:03:00,312.486337620353,0.599
5404,2026-01-04 18:04:00,311.8508033135951,0.364
5405,2026-01-04 18:05:00,312.5689987716344,0.34299999999999997
5406,2026-01-04 18:06:00,313.0279181128202,0.503
5407,2026-01-04 18:07:00,312.69956987594753,0.303
5408,2026-01-04 18:08:00,311.84575827470695,0.45799999999999996
5409,2026-01-04 18:09:00,312.1393391904493,0.41600000000000004
5410,2026-01-04 18:10:00,312.20922049638483,0.534
5411,2026-01-04 18:11:00,312.5085970853202,0.342
5412,2026-01-04 18:12:00,312.0062831591039,0.366
5413,2026-01-04 18:13:00,312.26282817243964,0.445
5414,2026-01-04 18:14:00,312.65495586028146,0.318
5415,2026-01-04 18:15:00,312.18268511275755,0.455
5416,2026-01-04 18:16:00,312.97812787196324,0.27899999999999997
5417,2026-01-04 18:17:00,311.9729282781519,0.42
5418,2026-01-04 18:18:00,312.1226235110701,0.519
5419,2026-01-04 18:19:00,312.3762218714944,0.473
5420,2026-01-04 18:20:00,311.8627749413276,0.344
5421,2026-01-04 18:21:00,311.627334897504,0.284
5422,2026-01-04 18:22:00,313.1406142862536,0.434
5423,2026-01-04 18:23:00,311.63700179509954,0.462
5424,2026-01-04 18:24:00,312.3619466791834,0.455
5425,2026-01-04 18:25:00,312.3201237856323,0.304
5426,2026-01-04 18:26:00,313.1981279520511,0.42100000000000004
5427,2026-01-04 18:27:00,313.18463709287226,0.309
5428,2026-01-04 18:28:00,312.36986096654624,0.46399999999999997
5429,2026-01-04 18:29:00,312.06302504239284,0.321
5430,2026-01-04 18:30:00,311.82046792744495,0.305
5431,2026-01-04 18:31:00,311.86434356192535,0.3
5432,2026-01-04 18:32:00,312.72621015520707,0.429
5433,2026-01-04 18:33:00,312.8372116310615,0.518
5434,2026-01-04 18:34:00,313.7508723742278,0.46799999999999997
5435,2026-01-04 18:35:00,313.05521210489513,0.19899999999999998
5436,2026-01-04 18:36:00,313.0372853874929,0.321
5437,2026-01-04 18:37:00,312.071078992377,0.401
5438,2026-01-04 18:38:00,312.0111731423723,0.441
5439,2026-01-04 18:39:00,312.82619244720456,0.418
5440,2026-01-04 18:40:00,312.1420496140415,0.151
5441,2026-01-04 18:41:00,312.9974526797209,0.419
5442,2026-01-04 18:42:00,312.9004702604618,0.488
5443,2026-01-04 18:43:00,311.99593158658604,0.358
5444,2026-01-04 18:44:00,312.3591222467464,0.42100000000000004
5445,2026-01-04 18:45:00,312.95222026712776,0.402
5446,2026-01-04 18:46:00,312.9765274883999,0.235
5447,2026-01-04 18:47:00,312.5739567299595,0.32899999999999996
5448,2026-01-04 18:48:00,313.23033615006096,0.337
5449,2026-01-04 18:49:00,313.26845661846306,0.42100000000000004
5450,2026-01-04 18:50:00,311.9743230319071,0.491
5451,2026-01-04 18:51:00,312.63488693347887,0.361
5452,2026-01-04 18:52:00,312.14271261862274,0.521
5453,2026-01-04 18:53:00,312.1826196196157,0.228
5454,2026-01-04 18:54:00,312.11804673764175,0.348
5455,2026-01-04 18:55:00,312.26897911693305,0.331
5456,2026-01-04 18:56:00,311.03277073307885,0.495
5457,2026-01-04 18:57:00,312.2231928584278,0.447
5458,2026-01-04 18:58:00,312.8257797956824,0.514
5459,2026-01-04 18:59:00,311.5804777025948,0.299
5460,2026-01-04 19:00:00,312.3871845062189,0.425
5461,2026-01-04 19:01:00,312.5563652572301,0.355
5462,2026-01-04 19:02:00,313.2408249899553,0.612
5463,2026-01-04 19:03:00,312.5601144244128,0.578
5464,2026-01-04 19:04:00,312.91051745131915,0.518
5465,2026-01-04 19:05:00,311.87329054841376,0.469
5466,2026-01-04 19:06:00,312.0481260645311,0.46799999999999997
5467,2026-01-04 19:07:00,313.05772557639835,0.42
5468,2026-01-04 19:08:00,313.262814267005,0.265
5469,2026-01-04 19:09:00,312.54943862049356,0.341
5470,2026-01-04 19:10:00,312.3072886075615,0.321
5471,2026-01-04 19:11:00,311.64900642136865,0.36
5472,2026-01-04 19:12:00,311.8546806579807,0.285
5473,2026-01-04 19:13:00,311.74284823955105,0.268
5474,2026-01-04 19:14:00,311.90280767876544,0.21899999999999997
5475,2026-01-04 19:15:00,312.42734715864015,0.253
5476,2026-01-04 19:16:00,312.3818914889617,0.51
5477,2026-01-04 19:17:00,312.6278879303331,0.43
5478,2026-01-04 19:18:00,311.20192142484143,0.39899999999999997
5479,2026-01-04 19:19:00,312.1893881007298,0.521
5480,2026-01-04 19:20:00,312.46715422702283,0.35
5481,2026-01-04 19:21:00,311.8754872655122,0.685
5482,2026-01-04 19:22:00,312.21872450606253,0.586
5483,2026-01-04 19:23:00,312.0531026213011,0.509
5484,2026-01-04 19:24:00,312.6246147267635,0.5710000000000001
5485,2026-01-04 19:25:00,312.6098759006601,0.495
5486,2026-01-04 19:26:00,312.84591627406377,0.55
5487,2026-01-04 19:27:00,312.35316503598006,0.24
5488,2026-01-04 19:28:00,312.2204827372277,0.4
5489,2026-01-04 19:29:00,312.49757633052536,0.212
5490,2026-01-04 19:30:00,312.9127670065604,0.48700000000000004
5491,2026-01-04 19:31:00,311.61257717981357,0.35200000000000004
5492,2026-01-04 19:32:00,311.9349011766304,0.375
5493,2026-01-04 19:33:00,312.3862786565797,0.523
5494,2026-01-04 19:34:00,311.5610671593327,0.293
5495,2026-01-04 19:35:00,312.24000733697517,0.51
5496,2026-01-04 19:36:00,312.8428828686256,0.27399999999999997
5497,2026-01-04 19:37:00,312.179729740062,0.305
5498,2026-01-04 19:38:00,312.62710618810604,0.39899999999999997
5499,2026-01-04 19:39:00,312.59183023288057,0.551
5500,2026-01-04 19:40:00,311.5100695070821,0.365
5501,2026-01-04 19:41:00,312.1295094634792,0.514
5502,2026-01-04 19:42:00,312.51786568683764,0.203
5503,2026-01-04 19:43:00,312.75925124700643,0.309
5504,2026-01-04 19:44:00,312.2608876235812,0.503
5505,2026-01-04 19:45:00,311.91802083709047,0.24
5506,2026-01-04 19:46:00,311.7693624594274,0.415
5507,2026-01-04 19:47:00,311.2182868745752,0.322
5508,2026-01-04 19:48:00,311.71767062762325,0.495
5509,2026-01-04 19:49:00,311.6595549870881,0.191
5510,2026-01-04 19:50:00,311.9273039094686,0.474
5511,2026-01-04 19:51:00,311.92342111453877,0.45
5512,2026-01-04 19:52:00,311.9899750892201,0.469
5513,2026-01-04 19:53:00,311.8039250997762,0.391
5514,2026-01-04 19:54:00,310.9656310707428,0.348
5515,2026-01-04 19:55:00,311.649129811357,0.309
5516,2026-01-04 19:56:00,311.89582957383385,0.457
5517,2026-01-04 19:57:00,311.89350900770864,0.449
5518,2026-01-04 19:58:00,311.27933264867414,0.38799999999999996
5519,2026-01-04 19:59:00,311.8808802654346,0.509
5520,2026-01-04 20:00:00,311.8553497068081,0.39899999999999997
5521,2026-01-04 20:01:00,311.62510060638505,0.501
5522,2026-01-04 20:02:00,312.24064854336933,0.373
5523,2026-01-04 20:03:00,311.8335742998951,0.466
5524,2026-01-04 20:04:00,311.9450135590639,0.26899999999999996
5525,2026-01-04 20:05:00,312.03573512730276,0.371
5526,2026-01-04 20:06:00,311.567542633574,0.435
5527,2026-01-04 20:07:00,312.53441439621315,0.54
5528,2026-01-04 20:08:00,311.9495954493332,0.3
5529,2026-01-04 20:09:00,311.1831291354615,0.23
5530,2026-01-04 20:10:00,311.53507640735364,0.39
5531,2026-01-04 20:11:00,311.76665006071755,0.384
5532,2026-01-04 20:12:00,312.5205983200463,0.42200000000000004
5533,2026-01-04 20:13:00,311.91959622955426,0.41600000000000004
5534,2026-01-04 20:14:00,310.5311067460909,0.59
5535,2026-01-04 20:15:00,312.11649080034863,0.456
5536,2026-01-04 20:16:00,311.22515920740284,0.442
5537,2026-01-04 20:17:00,311.9526221714349,0.41200000000000003
5538,2026-01-04 20:18:00,311.9274067002804,0.289
5539,2026-01-04 20:19:00,311.87943793225287,0.35200000000000004
5540,2026-01-04 20:20:00,313.00993699629055,0.524
5541,2026-01-04 20:21:00,312.2647092224446,0.423
5542,2026-01-04 20:22:00,311.62995845410904,0.473
5543,2026-01-04 20:23:00,312.88239626112926,0.35700000000000004
5544,2026-01-04 20:24:00,312.7018241956694,0.597
5545,2026-01-04 20:25:00,312.55675290887405,0.402
5546,2026-01-04 20:26:00,311.9392126090837,0.442
5547,2026-01-04 20:27:00,312.87501461532725,0.42
5548,2026-01-04 20:28:00,312.39792303919927,0.435
5549,2026-01-04 20:29:00,311.20041490159906,0.401
5550,2026-01-04 20:30:00,312.2756433238942,0.43200000000000005
5551,2026-01-04 20:31:00,312.7554219035014,0.379
5552,2026-01-04 20:32:00,311.56582246548453,0.46299999999999997
5553,2026-01-04 20:33:00,311.4099815885406,0.321
5554,2026-01-04 20:34:00,311.77304044722655,0.315
5555,2026-01-04 20:35:00,311.55910224042424,0.461
5556,2026-01-04 20:36:00,311.28302424874494,0.299
5557,2026-01-04 20:37:00,312.55001992856825,0.455
5558,2026-01-04 20:38:00,311.66329357207275,0.5479999999999999
5559,2026-01-04 20:39:00,311.9112890355368,0.386
5560,2026-01-04 20:40:00,312.49111999379653,0.369
5561,2026-01-04 20:41:00,311.5939616152912,0.47700000000000004
5562,2026-01-04 20:42:00,311.54874232704015,0.379
5563,2026-01-04 20:43:00,312.615151548571,0.364
5564,2026-01-04 20:44:00,311.4133576624691,0.253
5565,2026-01-04 20:45:00,312.33003484452246,0.491
5566,2026-01-04 20:46:00,312.78099523518586,0.397
5567,2026-01-04 20:47:00,313.15220328471736,0.434
5568,2026-01-04 20:48:00,311.961449931052,0.40399999999999997
5569,2026-01-04 20:49:00,312.5150824084444,0.387
5570,2026-01-04 20:50:00,311.5084963906226,0.271
5571,2026-01-04 20:51:00,311.7586872556013,0.38799999999999996
5572,2026-01-04 20:52:00,311.8310404204696,0.47600000000000003
5573,2026-01-04 20:53:00,311.72009153467775,0.18899999999999997
5574,2026-01-04 20:54:00,310.7780769404417,0.299
5575,2026-01-04 20:55:00,312.36637664992594,0.299
5576,2026-01-04 20:56:00,311.4017512478101,0.29100000000000004
5577,2026-01-04 20:57:00,311.3234666692678,0.315
5578,2026-01-04 20:58:00,311.3870614955043,0.429
5579,2026-01-04 20:59:00,312.05832729432683,0.376
5580,2026-01-04 21:00:00,311.34834684583814,0.575
5581,2026-01-04 21:01:00,312.27209730991336,0.594
5582,2026-01-04 21:02:00,311.2658489446228,0.33799999999999997
5583,2026-01-04 21:03:00,312.11545763764104,0.467
5584,2026-01-04 21:04:00,312.5052483317842,0.48
5585,2026-01-04 21:05:00,312.5690115374118,0.355
5586,2026-01-04 21:06:00,312.38418293201363,0.214
5587,2026-01-04 21:07:00,311.66937440956605,0.36700000000000005
5588,2026-01-04 21:08:00,312.1072872550804,0.37
5589,2026-01-04 21:09:00,311.5512018276308,0.521
5590,2026-01-04 21:10:00,312.54401828166,0.31
5591,2026-01-04 21:11:00,312.95472926133726,0.366
5592,2026-01-04 21:12:00,312.3139312797547,0.33899999999999997
5593,2026-01-04 21:13:00,311.20284009951285,0.547
5594,2026-01-04 21:14:00,312.51537109122137,0.578
5595,2026-01-04 21:15:00,312.6299603769401,0.37799999999999995
5596,2026-01-04 21:16:00,312.79573933885234,0.414
5597,2026-01-04 21:17:00,312.7800424287192,0.23600000000000002
5598,2026-01-04 21:18:00,312.48670970806177,0.255
5599,2026-01-04 21:19:00,312.5868205322983,0.316
5600,2026-01-04 21:20:00,311.63419222812024,0.501
5601,2026-01-04 21:21:00,312.94668960637284,0.41200000000000003
5602,2026-01-04 21:22:00,311.30194426220606,0.295
5603,2026-01-04 21:23:00,311.6364760159974,0.424
5604,2026-01-04 21:24:00,312.86495749601266,0.38799999999999996
5605,2026-01-04 21:25:00,311.9670382606505,0.28800000000000003
5606,2026-01-04 21:26:00,312.1073853631251,0.713
5607,2026-01-04 21:27:00,312.699882498223,0.414
5608,2026-01-04 21:28:00,312.3505749467407,0.615
5609,2026-01-04 21:29:00,311.5305595805925,0.29600000000000004
5610,2026-01-04 21:30:00,312.44800332937893,0.21899999999999997
5611,2026-01-04 21:31:00,312.2615725779049,0.385
5612,2026-01-04 21:32:00,312.8107386066029,0.544
5613,2026-01-04 21:33:00,312.52339360831417,0.406
5614,2026-01-04 21:34:00,312.16928999151685,0.363
5615,2026-01-04 21:35:00,312.10250816342824,0.369
5616,2026-01-04 21:36:00,311.7060970571771,0.244
5617,2026-01-04 21:37:00,312.17292454330396,0.325
5618,2026-01-04 21:38:00,312.8923512031382,0.39799999999999996
5619,2026-01-04 21:39:00,312.1680564300898,0.32
5620,2026-01-04 21:40:00,311.6192832154029,0.514
5621,2026-01-04 21:41:00,312.0345511318667,0.32899999999999996
5622,2026-01-04 21:42:00,313.11973010765877,0.368
5623,2026-01-04 21:43:00,312.71712023212774,0.528
5624,2026-01-04 21:44:00,313.417452340565,0.475
5625,2026-01-04 21:45:00,312.408281610498,0.565
5626,2026-01-04 21:46:00,311.8035371430344,0.473
5627,2026-01-04 21:47:00,311.3357748255143,0.455
5628,2026-01-04 21:48:00,312.24759539598404,0.461
5629,2026-01-04 21:49:00,312.2220844826488,0.381
5630,2026-01-04 21:50:00,311.84049777239835,0.287
5631,2026-01-04 21:51:00,312.43975551389656,0.516
5632,2026-01-04 21:52:00,311.8983672202478,0.373
5633,2026-01-04 21:53:00,312.4307108193967,0.38799999999999996
5634,2026-01-04 21:54:00,311.99267779788244,0.42
5635,2026-01-04 21:55:00,312.08165629854346,0.513
5636,2026-01-04 21:56:00,312.132517045088,0.294
5637,2026-01-04 21:57:00,311.36230550512266,0.37200000000000005
5638,2026-01-04 21:58:00,312.5488785391834,0.147
5639,2026-01-04 21:59:00,311.8232701605007,0.449
5640,2026-01-04 22:00:00,311.2448191366492,0.516
5641,2026-01-04 22:01:00,311.8865224039512,0.46299999999999997
5642,2026-01-04 22:02:00,312.72260091889456,0.457
5643,2026-01-04 22:03:00,312.06764060295245,0.265
5644,2026-01-04 22:04:00,311.0890935386856,0.368
5645,2026-01-04 22:05:00,311.8864577307543,0.34299999999999997
5646,2026-01-04 22:06:00,311.4070085076713,0.473
5647,2026-01-04 22:07:00,311.93190505587376,0.47200000000000003
5648,2026-01-04 22:08:00,311.8372957842108,0.261
5649,2026-01-04 22:09:00,310.4459697523246,0.551
5650,2026-01-04 22:10:00,311.5033855891063,0.3
5651,2026-01-04 22:11:00,310.8538515069657,0.41700000000000004
5652,2026-01-04 22:12:00,311.1272132747335,0.53
5653,2026-01-04 22:13:00,311.9447586098962,0.34
5654,2026-01-04 22:14:00,312.26127832254537,0.423
5655,2026-01-04 22:15:00,311.8064515473733,0.35100000000000003
5656,2026-01-04 22:16:00,311.4451848103681,0.21899999999999997
5657,2026-01-04 22:17:00,312.3384116851715,0.431
5658,2026-01-04 22:18:00,310.95036313552094,0.192
5659,2026-01-04 22:19:00,311.73631222689744,0.45299999999999996
5660,2026-01-04 22:20:00,311.64491774605216,0.395
5661,2026-01-04 22:21:00,311.46049016170366,0.452
5662,2026-01-04 22:22:00,311.638884861483,0.37200000000000005
5663,2026-01-04 22:23:00,312.00427387164103,0.262
5664,2026-01-04 22:24:00,311.94367803683036,0.5
5665,2026-01-04 22:25:00,312.18429315250825,0.425
5666,2026-01-04 22:26:00,311.5690621439689,0.425
5667,2026-01-04 22:27:00,311.79793699132705,0.37799999999999995
5668,2026-01-04 22:28:00,311.72776332324224,0.517
5669,2026-01-04 22:29:00,312.42049600516316,0.36200000000000004
5670,2026-01-04 22:30:00,311.96520165482576,0.49
5671,2026-01-04 22:31:00,311.8505433786483,0.505
5672,2026-01-04 22:32:00,311.4720217618621,0.44299999999999995
5673,2026-01-04 22:33:00,311.7897096942733,0.539
5674,2026-01-04 22:34:00,311.81405587383244,0.377
5675,2026-01-04 22:35:00,311.14507100286767,0.368
5676,2026-01-04 22:36:00,310.7959621650636,0.456
5677,2026-01-04 22:37:00,311.9481287660764,0.314
5678,2026-01-04 22:38:00,311.3633554209307,0.182
5679,2026-01-04 22:39:00,311.97714119124254,0.446
5680,2026-01-04 22:40:00,312.1774457721537,0.311
5681,2026-01-04 22:41:00,311.3601101857579,0.44799999999999995
5682,2026-01-04 22:42:00,312.2010789947557,0.564
5683,2026-01-04 22:43:00,312.5897499243843,0.557
5684,2026-01-04 22:44:00,311.1855648374377,0.42100000000000004
5685,2026-01-04 22:45:00,311.8235042202433,0.457
5686,2026-01-04 22:46:00,311.52231048754066,0.42
5687,2026-01-04 22:47:00,311.9180142625611,0.34600000000000003
5688,2026-01-04 22:48:00,311.82602671554235,0.494
5689,2026-01-04 22:49:00,311.53421515643396,0.598
5690,2026-01-04 22:50:00,311.1291355734018,0.259
5691,2026-01-04 22:51:00,311.75016851091686,0.41600000000000004
5692,2026-01-04 22:52:00,312.8690230656246,0.5429999999999999
5693,2026-01-04 22:53:00,310.77135509553057,0.43200000000000005
5694,2026-01-04 22:54:00,312.3448572511442,0.45399999999999996
5695,2026-01-04 22:55:00,310.99200984108677,0.527
5696,2026-01-04 22:56:00,311.6087585933774,0.431
5697,2026-01-04 22:57:00,311.3494325316056,0.7
5698,2026-01-04 22:58:00,311.2547847419558,0.434
5699,2026-01-04 22:59:00,311.46967476467137,0.386
5700,2026-01-04 23:00:00,312.59699585891957,0.386
5701,2026-01-04 23:01:00,312.1959626420684,0.465
5702,2026-01-04 23:02:00,312.2007181568944,0.359
5703,2026-01-04 23:03:00,311.280075905688,0.546
5704,2026-01-04 23:04:00,310.7287678210216,0.38
5705,2026-01-04 23:05:00,312.286111499639,0.36
5706,2026-01-04 23:06:00,312.0845134753671,0.358
5707,2026-01-04 23:07:00,312.62883690009147,0.522
5708,2026-01-04 23:08:00,310.82285951331704,0.281
5709,2026-01-04 23:09:00,311.93416344627826,0.325
5710,2026-01-04 23:10:00,311.5217247767426,0.433
5711,2026-01-04 23:11:00,311.1868979128549,0.519
5712,2026-01-04 23:12:00,311.39632086159673,0.434
5713,2026-01-04 23:13:00,312.15258855505044,0.446
5714,2026-01-04 23:14:00,311.9270650127093,0.48
5715,2026-01-04 23:15:00,312.1161560313505,0.503
5716,2026-01-04 23:16:00,312.00158284695743,0.341
5717,2026-01-04 23:17:00,311.5580563378139,0.501
5718,2026-01-04 23:18:00,312.26994398782995,0.344
5719,2026-01-04 23:19:00,311.67363377918724,0.46399999999999997
5720,2026-01-04 23:20:00,312.19788344726146,0.35700000000000004
5721,2026-01-04 23:21:00,311.66833442651165,0.253
5722,2026-01-04 23:22:00,311.16316848665485,0.204
5723,2026-01-04 23:23:00,311.7202137007894,0.445
5724,2026-01-04 23:24:00,312.06909782640315,0.43200000000000005
5725,2026-01-04 23:25:00,312.44256730487785,0.562
5726,2026-01-04 23:26:00,311.7288216391402,0.301
5727,2026-01-04 23:27:00,311.53203949427547,0.366
5728,2026-01-04 23:28:00,312.11084588332255,0.428
5729,2026-01-04 23:29:00,311.6582839724304,0.488
5730,2026-01-04 23:30:00,311.30198710542663,0.314
5731,2026-01-04 23:31:00,311.05834160254267,0.38299999999999995
5732,2026-01-04 23:32:00,311.5666894564059,0.405
5733,2026-01-04 23:33:00,311.4871739120345,0.47
5734,2026-01-04 23:34:00,311.8601456379265,0.429
5735,2026-01-04 23:35:00,311.61410691020615,0.426
5736,2026-01-04 23:36:00,311.1247269318729,0.201
5737,2026-01-04 23:37:00,311.40431829047947,0.316
5738,2026-01-04 23:38:00,310.7211627248695,0.39399999999999996
5739,2026-01-04 23:39:00,312.3128526489306,0.34
5740,2026-01-04 23:40:00,311.3427984046195,0.624
5741,2026-01-04 23:41:00,312.2173756653622,0.218
5742,2026-01-04 23:42:00,312.1543504861094,0.428
5743,2026-01-04 23:43:00,311.6197239154241,0.25
5744,2026-01-04 23:44:00,311.67636673777565,0.541
5745,2026-01-04 23:45:00,311.02295069948815,0.27699999999999997
5746,2026-01-04 23:46:00,311.6666268373549,0.49200000000000005
5747,2026-01-04 23:47:00,311.1403453661085,0.523
5748,2026-01-04 23:48:00,311.02593382469865,0.556
5749,2026-01-04 23:49:00,310.9805502767101,0.408
5750,2026-01-04 23:50:00,311.0604531812012,0.358
5751,2026-01-04 23:51:00,311.18902246706887,0.35600000000000004
5752,2026-01-04 23:52:00,310.4705675314022,0.498
5753,2026-01-04 23:53:00,311.752899667026,0.523
5754,2026-01-04 23:54:00,310.3807490425849,0.39399999999999996
5755,2026-01-04 23:55:00,310.6809788615803,0.379
5756,2026-01-04 23:56:00,311.73045619375006,0.305
5757,2026-01-04 23:57:00,311.2600486423267,0.426
5758,2026-01-04 23:58:00,310.78351934271427,0.465
5759,2026-01-04 23:59:00,311.63317361548474,0.45899999999999996
5760,2026-01-05 00:00:00,311.66028580210207,0.51
5761,2026-01-05 00:01:00,311.806553005968,0.429
5762,2026-01-05 00:02:00,311.07583205098535,0.43700000000000006
5763,2026-01-05 00:03:00,311.6640102129544,0.299
5764,2026-01-05 00:04:00,311.9562777203731,0.46799999999999997
5765,2026-01-05 00:05:00,311.1618457799771,0.34299999999999997
5766,2026-01-05 00:06:00,311.3858286534518,0.215
5767,2026-01-05 00:07:00,311.2014902191037,0.49200000000000005
5768,2026-01-05 00:08:00,311.53686443006245,0.444
5769,2026-01-05 00:09:00,311.9718542644794,0.414
5770,2026-01-05 00:10:00,311.1049109476363,0.292
5771,2026-01-05 00:11:00,310.97323973683916,0.424
5772,2026-01-05 00:12:00,310.5354746645584,0.36700000000000005
5773,2026-01-05 00:13:00,310.35116208649913,0.39799999999999996
5774,2026-01-05 00:14:00,311.51057347553444,0.364
5775,2026-01-05 00:15:00,311.67178968098807,0.418
5776,2026-01-05 00:16:00,310.77990129737833,0.37200000000000005
5777,2026-01-05 00:17:00,311.3172523782588,0.36700000000000005
5778,2026-01-05 00:18:00,311.74760645544904,0.38799999999999996
5779,2026-01-05 00:19:00,311.60452318669263,0.433
5780,2026-01-05 00:20:00,311.62332701105294,0.49
5781,2026-01-05 00:21:00,310.8641993132574,0.345
5782,2026-01-05 00:22:00,310.99556648946776,0.401
5783,2026-01-05 00:23:00,310.09140112964775,0.316
5784,2026-01-05 00:24:00,311.13097349312426,0.442
5785,2026-01-05 00:25:00,312.07751225865934,0.408
5786,2026-01-05 00:26:00,311.7593892790119,0.39899999999999997
5787,2026-01-05 00:27:00,311.77801946427434,0.551
5788,2026-01-05 00:28:00,310.64926536541515,0.426
5789,2026-01-05 00:29:00,310.0152417666284,0.39
5790,2026-01-05 00:30:00,310.58634522430026,0.345
5791,2026-01-05 00:31:00,311.3642181154515,0.447
5792,2026-01-05 00:32:00,310.92978856531136,0.446
5793,2026-01-05 00:33:00,309.1576891334253,0.38
5794,2026-01-05 00:34:00,311.56252338563144,0.311
5795,2026-01-05 00:35:00,310.618484233407,0.465
5796,2026-01-05 00:36:00,311.0863686136816,0.39299999999999996
5797,2026-01-05 00:37:00,310.04723684365956,0.45399999999999996
5798,2026-01-05 00:38:00,310.7264184980599,0.389
5799,2026-01-05 00:39:00,311.998165949931,0.257
5800,2026-01-05 00:40:00,311.8344326224795,0.366
5801,2026-01-05 00:41:00,311.3988060903772,0.21899999999999997
5802,2026-01-05 00:42:00,310.97409840789896,0.40299999999999997
5803,2026-01-05 00:43:00,310.65924669735386,0.363
5804,2026-01-05 00:44:00,310.9992400925997,0.29100000000000004
5805,2026-01-05 00:45:00,310.37184592509016,0.475
5806,2026-01-05 00:46:00,310.8551943782496,0.33
5807,2026-01-05 00:47:00,310.7366461086219,0.35600000000000004
5808,2026-01-05 00:48:00,310.8764072826637,0.35100000000000003
5809,2026-01-05 00:49:00,311.06706880587967,0.369
5810,2026-01-05 00:50:00,311.1716673806951,0.419
5811,2026-01-05 00:51:00,310.98702212764516,0.276
5812,2026-01-05 00:52:00,310.69061435890586,0.49200000000000005
5813,2026-01-05 00:53:00,311.3494272253497,0.502
5814,2026-01-05 00:54:00,311.13217787344115,0.39299999999999996
5815,2026-01-05 00:55:00,311.4651928425952,0.37200000000000005
5816,2026-01-05 00:56:00,310.7519212048245,0.42
5817,2026-01-05 00:57:00,311.35787685696477,0.41200000000000003
5818,2026-01-05 00:58:00,311.85621213958495,0.409
5819,2026-01-05 00:59:00,310.49637355598696,0.391
5820,2026-01-05 01:00:00,311.7053389041003,0.34299999999999997
5821,2026-01-05 01:01:00,311.1214675136613,0.424
5822,2026-01-05 01:02:00,311.1568353797578,0.507
5823,2026-01-05 01:03:00,311.57918593875297,0.321
5824,2026-01-05 01:04:00,312.10538430129935,0.445
5825,2026-01-05 01:05:00,311.1319109413438,0.498
5826,2026-01-05 01:06:00,311.5237358127916,0.301
5827,2026-01-05 01:07:00,311.2629416393315,0.397
5828,2026-01-05 01:08:00,311.27252303773463,0.254
5829,2026-01-05 01:09:00,310.82104462514303,0.365
5830,2026-01-05 01:10:00,311.3220299422486,0.363
5831,2026-01-05 01:11:00,311.01956096358475,0.309
5832,2026-01-05 01:12:00,310.4481389186285,0.307
5833,2026-01-05 01:13:00,311.0930758065371,0.506
5834,2026-01-05 01:14:00,311.2252764090678,0.28800000000000003
5835,2026-01-05 01:15:00,310.87593937391307,0.371
5836,2026-01-05 01:16:00,311.78142876027283,0.265
5837,2026-01-05 01:17:00,311.4860690822876,0.33299999999999996
5838,2026-01-05 01:18:00,311.5745861349782,0.423
5839,2026-01-05 01:19:00,311.26288789881687,0.159
5840,2026-01-05 01:20:00,310.49222770450723,0.47600000000000003
5841,2026-01-05 01:21:00,311.1299673257302,0.353
5842,2026-01-05 01:22:00,310.3329347786809,0.32799999999999996
5843,2026-01-05 01:23:00,311.08990981394334,0.223
5844,2026-01-05 01:24:00,310.51166104069046,0.35100000000000003
5845,2026-01-05 01:25:00,311.00393944816534,0.5329999999999999
5846,2026-01-05 01:26:00,311.183113509124,0.452
5847,2026-01-05 01:27:00,310.7432499276767,0.359
5848,2026-01-05 01:28:00,310.6219287782322,0.239
5849,2026-01-05 01:29:00,311.2254875405041,0.445
5850,2026-01-05 01:30:00,311.65872999374886,0.336
5851,2026-01-05 01:31:00,310.5761132576009,0.331
5852,2026-01-05 01:32:00,310.89905445758615,0.47700000000000004
5853,2026-01-05 01:33:00,311.5609253054304,0.406
5854,2026-01-05 01:34:00,310.7730323469144,0.254
5855,2026-01-05 01:35:00,311.7042986857895,0.365
5856,2026-01-05 01:36:00,310.9324087271946,0.4
5857,2026-01-05 01:37:00,310.380156123239,0.451
5858,2026-01-05 01:38:00,310.92433511231695,0.45299999999999996
5859,2026-01-05 01:39:00,311.19610319536434,0.27899999999999997
5860,2026-01-05 01:40:00,312.2170316144353,0.187
5861,2026-01-05 01:41:00,311.3593338403672,0.168
5862,2026-01-05 01:42:00,310.91305674634975,0.495
5863,2026-01-05 01:43:00,310.7976057039732,0.426
5864,2026-01-05 01:44:00,311.9107452241189,0.435
5865,2026-01-05 01:45:00,310.6696363704303,0.33799999999999997
5866,2026-01-05 01:46:00,311.20998473495877,0.397
5867,2026-01-05 01:47:00,311.69344731925395,0.521
5868,2026-01-05 01:48:00,310.8391549512419,0.414
5869,2026-01-05 01:49:00,311.29879601526915,0.45799999999999996
5870,2026-01-05 01:50:00,311.31144593477865,0.284
5871,2026-01-05 01:51:00,311.15297000610417,0.496
5872,2026-01-05 01:52:00,310.92824804289097,0.22699999999999998
5873,2026-01-05 01:53:00,311.40268626943305,0.369
5874,2026-01-05 01:54:00,311.8038902336012,0.26
5875,2026-01-05 01:55:00,311.1040426846469,0.43
5876,2026-01-05 01:56:00,311.2717650555048,0.282
5877,2026-01-05 01:57:00,310.36108250297104,0.419
5878,2026-01-05 01:58:00,310.96884369950357,0.414
5879,2026-01-05 01:59:00,311.2915391281623,0.386
5880,2026-01-05 02:00:00,310.6987646698159,0.5579999999999999
5881,2026-01-05 02:01:00,311.02206123739353,0.326
5882,2026-01-05 02:02:00,311.87211028303483,0.5329999999999999
5883,2026-01-05 02:03:00,311.0915573880084,0.445
5884,2026-01-05 02:04:00,311.0315186613163,0.527
5885,2026-01-05 02:05:00,311.4424017758508,0.379
5886,2026-01-05 02:06:00,310.58221411985096,0.467
5887,2026-01-05 02:07:00,311.3573496265758,0.557
5888,2026-01-05 02:08:00,310.4145329719802,0.402
5889,2026-01-05 02:09:00,311.0497669964204,0.5720000000000001
5890,2026-01-05 02:10:00,310.3571780856149,0.27699999999999997
5891,2026-01-05 02:11:00,311.28167841364774,0.41
5892,2026-01-05 02:12:00,310.315132609709,0.45799999999999996
5893,2026-01-05 02:13:00,310.1777865121403,0.354
5894,2026-01-05 02:14:00,311.2467376643894,0.21899999999999997
5895,2026-01-05 02:15:00,310.5512216533286,0.59
5896,2026-01-05 02:16:00,309.7646308257961,0.311
5897,2026-01-05 02:17:00,309.76871306201593,0.35600000000000004
5898,2026-01-05 02:18:00,310.6868558639083,0.46399999999999997
5899,2026-01-05 02:19:00,310.14907856631584,0.363
5900,2026-01-05 02:20:00,309.619506097186,0.653
5901,2026-01-05 02:21:00,310.477878242428,0.434
5902,2026-01-05 02:22:00,310.64206678442264,0.64
5903,2026-01-05 02:23:00,310.7937778103187,0.298
5904,2026-01-05 02:24:00,309.57833126773244,0.523
5905,2026-01-05 02:25:00,311.09285051759434,0.36
5906,2026-01-05 02:26:00,310.4636324999779,0.387
5907,2026-01-05 02:27:00,309.1080604698982,0.419
5908,2026-01-05 02:28:00,310.06426846535305,0.526
5909,2026-01-05 02:29:00,309.4051658705604,0.42
5910,2026-01-05 02:30:00,310.9334155595971,0.506
5911,2026-01-05 02:31:00,310.07922757023323,0.259
5912,2026-01-05 02:32:00,310.7722513701427,0.5710000000000001
5913,2026-01-05 02:33:00,310.71243965065435,0.433
5914,2026-01-05 02:34:00,310.032954112623,0.35
5915,2026-01-05 02:35:00,309.90128547517025,0.488
5916,2026-01-05 02:36:00,310.0192056912473,0.313
5917,2026-01-05 02:37:00,310.4508075514091,0.511
5918,2026-01-05 02:38:00,309.9288909603252,0.305
5919,2026-01-05 02:39:00,309.62820286992917,0.387
5920,2026-01-05 02:40:00,310.87797904288254,0.452
5921,2026-01-05 02:41:00,310.68594289279406,0.516
5922,2026-01-05 02:42:00,309.9253305091922,0.544
5923,2026-01-05 02:43:00,310.3764347922319,0.366
5924,2026-01-05 02:44:00,310.39107592304777,0.474
5925,2026-01-05 02:45:00,310.44632551374633,0.512
5926,2026-01-05 02:46:00,310.68292194737955,0.345
5927,2026-01-05 02:47:00,309.6857255076379,0.373
5928,2026-01-05 02:48:00,311.0003158786037,0.413
5929,2026-01-05 02:49:00,309.9650633412653,0.331
5930,2026-01-05 02:50:00,310.29556739305906,0.609
5931,2026-01-05 02:51:00,309.75410556737137,0.528
5932,2026-01-05 02:52:00,310.45150671313127,0.485
5933,2026-01-05 02:53:00,310.94381316414757,0.434
5934,2026-01-05 02:54:00,310.7671353691367,0.413
5935,2026-01-05 02:55:00,311.1067919006372,0.38
5936,2026-01-05 02:56:00,310.5046634703092,0.445
5937,2026-01-05 02:57:00,310.91548438133015,0.46399999999999997
5938,2026-01-05 02:58:00,310.9685623955239,0.452
5939,2026-01-05 02:59:00,310.90486704012335,0.185
5940,2026-01-05 03:00:00,311.11159918940785,0.44
5941,2026-01-05 03:01:00,311.6778036787444,0.289
5942,2026-01-05 03:02:00,311.2979672598692,0.294
5943,2026-01-05 03:03:00,311.01404056390044,0.33799999999999997
5944,2026-01-05 03:04:00,310.94529879577493,0.389
5945,2026-01-05 03:05:00,310.8996296964602,0.257
5946,2026-01-05 03:06:00,310.19490387919257,0.316
5947,2026-01-05 03:07:00,311.05239125413607,0.371
5948,2026-01-05 03:08:00,310.6340424590175,0.37200000000000005
5949,2026-01-05 03:09:00,310.9695255753551,0.385
5950,2026-01-05 03:10:00,311.28296505208925,0.512
5951,2026-01-05 03:11:00,309.63866429539206,0.335
5952,2026-01-05 03:12:00,310.6155672260594,0.32299999999999995
5953,2026-01-05 03:13:00,310.5625428804752,0.263
5954,2026-01-05 03:14:00,310.9853556017465,0.363
5955,2026-01-05 03:15:00,311.34200129821477,0.305
5956,2026-01-05 03:16:00,310.70566608575666,0.465
5957,2026-01-05 03:17:00,311.1248901593372,0.493
5958,2026-01-05 03:18:00,310.7267882774617,0.525
5959,2026-01-05 03:19:00,310.4784178923872,0.56
5960,2026-01-05 03:20:00,310.4739783725979,0.359
5961,2026-01-05 03:21:00,310.62555001534224,0.376
5962,2026-01-05 03:22:00,309.7542460141096,0.33
5963,2026-01-05 03:23:00,310.94701329582557,0.466
5964,2026-01-05 03:24:00,311.07527773164946,0.518
5965,2026-01-05 03:25:00,311.4658585384242,0.39399999999999996
5966,2026-01-05 03:26:00,311.09723831511724,0.28600000000000003
5967,2026-01-05 03:27:00,310.69743140569983,0.515
5968,2026-01-05 03:28:00,310.64822034074757,0.306
5969,2026-01-05 03:29:00,309.5984131692301,0.46299999999999997
5970,2026-01-05 03:30:00,311.05203948898765,0.45299999999999996
5971,2026-01-05 03:31:00,311.5642381571671,0.32
5972,2026-01-05 03:32:00,310.28274908985344,0.465
5973,2026-01-05 03:33:00,310.689375327261,0.371
5974,2026-01-05 03:34:00,310.52757339508685,0.452
5975,2026-01-05 03:35:00,310.0503778673023,0.52
5976,2026-01-05 03:36:00,311.2306914902256,0.424
5977,2026-01-05 03:37:00,309.2755081270644,0.525
5978,2026-01-05 03:38:00,312.288899659411,0.395
5979,2026-01-05 03:39:00,311.1365423266443,0.5820000000000001
5980,2026-01-05 03:40:00,310.7577535118165,0.461
5981,2026-01-05 03:41:00,310.9319265275973,0.516
5982,2026-01-05 03:42:00,310.42346888985384,0.40399999999999997
5983,2026-01-05 03:43:00,310.3043150829945,0.47200000000000003
5984,2026-01-05 03:44:00,309.8381641445958,0.424
5985,2026-01-05 03:45:00,309.6286864329569,0.392
5986,2026-01-05 03:46:00,310.4917883570601,0.223
5987,2026-01-05 03:47:00,310.1855586445033,0.48200000000000004
5988,2026-01-05 03:48:00,309.3634098188019,0.34600000000000003
5989,2026-01-05 03:49:00,310.27220964934884,0.369
5990,2026-01-05 03:50:00,309.2334166381668,0.305
5991,2026-01-05 03:51:00,309.82531156453257,0.43200000000000005
5992,2026-01-05 03:52:00,310.5601297386711,0.473
5993,2026-01-05 03:53:00,309.60074112669577,0.315
5994,2026-01-05 03:54:00,310.097514895071,0.36200000000000004
5995,2026-01-05 03:55:00,310.13449842403384,0.265
5996,2026-01-05 03:56:00,309.7658510098867,0.38299999999999995
5997,2026-01-05 03:57:00,311.2810794618368,0.18
5998,2026-01-05 03:58:00,310.2051516542067,0.545
5999,2026-01-05 03:59:00,311.26586685623766,0.39299999999999996
6000,2026-01-05 04:00:00,310.59676011434334,0.22
6001,2026-01-05 04:01:00,309.5061765849707,0.434
6002,2026-01-05 04:02:00,310.44891022982046,0.36200000000000004
6003,2026-01-05 04:03:00,310.77365249859395,0.44
6004,2026-01-05 04:04:00,310.565187881475,0.305
6005,2026-01-05 04:05:00,310.92714208439827,0.32799999999999996
6006,2026-01-05 04:06:00,310.61554724953766,0.38
6007,2026-01-05 04:07:00,310.472187420738,0.45299999999999996
6008,2026-01-05 04:08:00,311.6902962911835,0.382
6009,2026-01-05 04:09:00,311.11369241088977,0.316
6010,2026-01-05 04:10:00,310.56301468715066,0.439
6011,2026-01-05 04:11:00,310.6050096741825,0.349
6012,2026-01-05 04:12:00,310.5300812923968,0.214
6013,2026-01-05 04:13:00,310.9273070841077,0.39399999999999996
6014,2026-01-05 04:14:00,311.0344656128898,0.512
6015,2026-01-05 04:15:00,310.7135778484562,0.653
6016,2026-01-05 04:16:00,309.6166624940063,0.5329999999999999
6017,2026-01-05 04:17:00,311.11216768969757,0.483
6018,2026-01-05 04:18:00,312.63890377204615,0.44299999999999995
6019,2026-01-05 04:19:00,310.377299030116,0.47600000000000003
6020,2026-01-05 04:20:00,310.23277242566536,0.479
6021,2026-01-05 04:21:00,310.6637560941893,0.537
6022,2026-01-05 04:22:00,310.38282574853304,0.406
6023,2026-01-05 04:23:00,309.9287369033703,0.27699999999999997
6024,2026-01-05 04:24:00,310.38150786259,0.379
6025,2026-01-05 04:25:00,311.15781571916784,0.48100000000000004
6026,2026-01-05 04:26:00,310.2351877177091,0.303
6027,2026-01-05 04:27:00,311.9050443027146,0.546
6028,2026-01-05 04:28:00,311.002795572712,0.462
6029,2026-01-05 04:29:00,310.62797903674715,0.38299999999999995
6030,2026-01-05 04:30:00,310.41489307161197,0.426
6031,2026-01-05 04:31:00,310.9213743121766,0.466
6032,2026-01-05 04:32:00,312.083024344124,0.493
6033,2026-01-05 04:33:00,310.1296920143693,0.366
6034,2026-01-05 04:34:00,310.22268244064793,0.418
6035,2026-01-05 04:35:00,310.99653030556726,0.41700000000000004
6036,2026-01-05 04:36:00,311.4815704133263,0.5579999999999999
6037,2026-01-05 04:37:00,311.6478828326976,0.565
6038,2026-01-05 04:38:00,310.5339235860811,0.23600000000000002
6039,2026-01-05 04:39:00,311.1799797974278,0.38799999999999996
6040,2026-01-05 04:40:00,310.9268907983119,0.34299999999999997
6041,2026-01-05 04:41:00,310.7303464981559,0.377
6042,2026-01-05 04:42:00,310.96089742052874,0.512
6043,2026-01-05 04:43:00,310.5560190816582,0.20199999999999999
6044,2026-01-05 04:44:00,311.00373562771813,0.299
6045,2026-01-05 04:45:00,310.82424123184035,0.401
6046,2026-01-05 04:46:00,310.98606261664474,0.42
6047,2026-01-05 04:47:00,310.87866616801574,0.292
6048,2026-01-05 04:48:00,310.1152400755074,0.32899999999999996
6049,2026-01-05 04:49:00,311.265530850619,0.353
6050,2026-01-05 04:50:00,311.23576134407386,0.158
6051,2026-01-05 04:51:00,311.53246408802454,0.35600000000000004
6052,2026-01-05 04:52:00,310.90169313903345,0.295
6053,2026-01-05 04:53:00,311.4540406664224,0.53
6054,2026-01-05 04:54:00,310.22277302076867,0.433
6055,2026-01-05 04:55:00,311.9148334484093,0.23800000000000002
6056,2026-01-05 04:56:00,310.2914918607969,0.382
6057,2026-01-05 04:57:00,310.98486902724613,0.258
6058,2026-01-05 04:58:00,310.5872469784832,0.375
6059,2026-01-05 04:59:00,312.3996105312006,0.179
6060,2026-01-05 05:00:00,311.12136476033425,0.34
6061,2026-01-05 05:01:00,310.9790709749774,0.32
6062,2026-01-05 05:02:00,312.05205814230743,0.436
6063,2026-01-05 05:03:00,309.7413823710842,0.302
6064,2026-01-05 05:04:00,311.42721448389386,0.262
6065,2026-01-05 05:05:00,310.3473101421822,0.39299999999999996
6066,2026-01-05 05:06:00,311.0469239363177,0.285
6067,2026-01-05 05:07:00,311.3610092891596,0.36700000000000005
6068,2026-01-05 05:08:00,310.7594355616225,0.433
6069,2026-01-05 05:09:00,310.545637523985,0.591
6070,2026-01-05 05:10:00,311.05142237105474,0.447
6071,2026-01-05 05:11:00,309.89131245045456,0.36200000000000004
6072,2026-01-05 05:12:00,310.8793078752132,0.41700000000000004
6073,2026-01-05 05:13:00,311.05630165882854,0.46399999999999997
6074,2026-01-05 05:14:00,310.46462054785314,0.5
6075,2026-01-05 05:15:00,309.48413543387977,0.36200000000000004
6076,2026-01-05 05:16:00,310.0764195687798,0.36700000000000005
6077,2026-01-05 05:17:00,311.8993707874622,0.37
6078,2026-01-05 05:18:00,310.8253119374502,0.33
6079,2026-01-05 05:19:00,311.3068878833245,0.39
6080,2026-01-05 05:20:00,310.6525606278347,0.375
6081,2026-01-05 05:21:00,311.5038840249567,0.29100000000000004
6082,2026-01-05 05:22:00,310.32749975539866,0.575
6083,2026-01-05 05:23:00,310.65782287247373,0.285
6084,2026-01-05 05:24:00,309.9178569879771,0.5720000000000001
6085,2026-01-05 05:25:00,311.11299094585803,0.48100000000000004
6086,2026-01-05 05:26:00,310.6731109475344,0.473
6087,2026-01-05 05:27:00,310.07325062692803,0.408
6088,2026-01-05 05:28:00,310.16760039803586,0.384
6089,2026-01-05 05:29:00,310.6126895472453,0.22399999999999998
6090,2026-01-05 05:30:00,310.06558704185454,0.287
6091,2026-01-05 05:31:00,310.5228868062536,0.21100000000000002
6092,2026-01-05 05:32:00,310.711009831388,0.29600000000000004
6093,2026-01-05 05:33:00,310.75709882554565,0.43200000000000005
6094,2026-01-05 05:34:00,311.861777241585,0.451
6095,2026-01-05 05:35:00,310.6892943543942,0.413
6096,2026-01-05 05:36:00,311.4425637935022,0.462
6097,2026-01-05 05:37:00,310.8245551423653,0.48100000000000004
6098,2026-01-05 05:38:00,310.3074654012086,0.49
6099,2026-01-05 05:39:00,310.3879252017116,0.281
6100,2026-01-05 05:40:00,311.0127542634567,0.387
6101,2026-01-05 05:41:00,311.67687950501045,0.413
6102,2026-01-05 05:42:00,310.5069216644942,0.41200000000000003
6103,2026-01-05 05:43:00,310.67100877832337,0.22
6104,2026-01-05 05:44:00,310.2504201255145,0.3
6105,2026-01-05 05:45:00,310.17732391496503,0.355
6106,2026-01-05 05:46:00,311.87661287809567,0.47700000000000004
6107,2026-01-05 05:47:00,310.5373011120547,0.439
6108,2026-01-05 05:48:00,311.0537029489892,0.444
6109,2026-01-05 05:49:00,311.25486433916143,0.614
6110,2026-01-05 05:50:00,310.82168438331865,0.39299999999999996
6111,2026-01-05 05:51:00,311.366350958286,0.4
6112,2026-01-05 05:52:00,311.17387593768797,0.374
6113,2026-01-05 05:53:00,310.46635779826,0.5529999999999999
6114,2026-01-05 05:54:00,311.4828868574215,0.415
6115,2026-01-05 05:55:00,311.04613786884954,0.301
6116,2026-01-05 05:56:00,311.1339472277491,0.20199999999999999
6117,2026-01-05 05:57:00,310.9072381910116,0.525
6118,2026-01-05 05:58:00,310.5239427560445,0.664
6119,2026-01-05 05:59:00,310.8664220283566,0.38
6120,2026-01-05 06:00:00,311.7620033204461,0.469
6121,2026-01-05 06:01:00,311.5966482622109,0.442
6122,2026-01-05 06:02:00,311.89668113697303,0.376
6123,2026-01-05 06:03:00,311.43839263951764,0.425
6124,2026-01-05 06:04:00,310.53780818228825,0.409
6125,2026-01-05 06:05:00,312.03523352272134,0.37
6126,2026-01-05 06:06:00,310.60423712087606,0.289
6127,2026-01-05 06:07:00,310.56070018070653,0.406
6128,2026-01-05 06:08:00,310.75032064510015,0.19699999999999998
6129,2026-01-05 06:09:00,311.25855274616015,0.43
6130,2026-01-05 06:10:00,310.6347128053733,0.33399999999999996
6131,2026-01-05 06:11:00,310.8835899477738,0.34299999999999997
6132,2026-01-05 06:12:00,310.7212580820688,0.457
6133,2026-01-05 06:13:00,310.8627687578888,0.27899999999999997
6134,2026-01-05 06:14:00,311.62477634062606,0.34600000000000003
6135,2026-01-05 06:15:00,311.3120864276941,0.377
6136,2026-01-05 06:16:00,310.7825473268163,0.418
6137,2026-01-05 06:17:00,312.42395685186443,0.406
6138,2026-01-05 06:18:00,311.551773747695,0.198
6139,2026-01-05 06:19:00,311.3255060234285,0.37
6140,2026-01-05 06:20:00,310.2060640561004,0.474
6141,2026-01-05 06:21:00,310.9634381714041,0.29100000000000004
6142,2026-01-05 06:22:00,310.62476838731965,0.353
6143,2026-01-05 06:23:00,311.7635701344436,0.35700000000000004
6144,2026-01-05 06:24:00,311.35434916005687,0.644
6145,2026-01-05 06:25:00,310.65270377215705,0.242
6146,2026-01-05 06:26:00,311.5700751363816,0.312
6147,2026-01-05 06:27:00,311.29737979148877,0.415
6148,2026-01-05 06:28:00,311.07622921640655,0.29600000000000004
6149,2026-01-05 06:29:00,311.0403937533522,0.29100000000000004
6150,2026-01-05 06:30:00,311.32218697075024,0.58
6151,2026-01-05 06:31:00,311.34777421446086,0.34
6152,2026-01-05 06:32:00,311.2782522586858,0.44299999999999995
6153,2026-01-05 06:33:00,310.84994642158597,0.349
6154,2026-01-05 06:34:00,310.5468901722375,0.48100000000000004
6155,2026-01-05 06:35:00,310.5556601152194,0.307
6156,2026-01-05 06:36:00,310.8854631770428,0.358
6157,2026-01-05 06:37:00,310.7789964672962,0.406
6158,2026-01-05 06:38:00,310.7735232807449,0.516
6159,2026-01-05 06:39:00,311.09289148385614,0.271
6160,2026-01-05 06:40:00,309.8821237004054,0.382
6161,2026-01-05 06:41:00,311.80292575304367,0.401
6162,2026-01-05 06:42:00,310.5565961589857,0.42200000000000004
6163,2026-01-05 06:43:00,310.50363213315387,0.379
6164,2026-01-05 06:44:00,311.1199039038936,0.278
6165,2026-01-05 06:45:00,309.6254478209958,0.312
6166,2026-01-05 06:46:00,309.9031307457189,0.44299999999999995
6167,2026-01-05 06:47:00,311.27333358247864,0.373
6168,2026-01-05 06:48:00,310.96806441475155,0.45299999999999996
6169,2026-01-05 06:49:00,310.44980675836194,0.679
6170,2026-01-05 06:50:00,310.1860480388665,0.451
6171,2026-01-05 06:51:00,311.3327348421062,0.446
6172,2026-01-05 06:52:00,310.55409573417563,0.19699999999999998
6173,2026-01-05 06:53:00,309.97202171393985,0.353
6174,2026-01-05 06:54:00,310.2545528762101,0.373
6175,2026-01-05 06:55:00,311.58568928993105,0.358
6176,2026-01-05 06:56:00,311.6037170338093,0.217
6177,2026-01-05 06:57:00,311.88384141266073,0.466
6178,2026-01-05 06:58:00,311.151053321091,0.56
6179,2026-01-05 06:59:00,310.9779403375247,0.45899999999999996
6180,2026-01-05 07:00:00,310.0125600201437,0.21899999999999997
6181,2026-01-05 07:01:00,311.19610785429353,0.264
6182,2026-01-05 07:02:00,310.558864385834,0.22
6183,2026-01-05 07:03:00,311.3702310921161,0.45299999999999996
6184,2026-01-05 07:04:00,310.21362440106583,0.384
6185,2026-01-05 07:05:00,310.72771564517495,0.39899999999999997
6186,2026-01-05 07:06:00,310.01732210792267,0.302
6187,2026-01-05 07:07:00,311.01211806902955,0.304
6188,2026-01-05 07:08:00,309.8861244877327,0.45799999999999996
6189,2026-01-05 07:09:00,310.66863763305076,0.327
6190,2026-01-05 07:10:00,310.935602932104,0.43200000000000005
6191,2026-01-05 07:11:00,311.72575841522996,0.298
6192,2026-01-05 07:12:00,310.7212211184122,0.445
6193,2026-01-05 07:13:00,310.0132882339563,0.5489999999999999
6194,2026-01-05 07:14:00,310.7593195465963,0.418
6195,2026-01-05 07:15:00,311.53137609087685,0.349
6196,2026-01-05 07:16:00,310.6447806832792,0.273
6197,2026-01-05 07:17:00,311.2101782836743,0.284
6198,2026-01-05 07:18:00,310.5957448627269,0.40700000000000003
6199,2026-01-05 07:19:00,309.7746262584003,0.46299999999999997
6200,2026-01-05 07:20:00,310.7128734512105,0.405
6201,2026-01-05 07:21:00,310.30020817781667,0.445
6202,2026-01-05 07:22:00,309.84400607757544,0.488
6203,2026-01-05 07:23:00,311.02402427178987,0.537
6204,2026-01-05 07:24:00,309.9063724417832,0.349
6205,2026-01-05 07:25:00,309.87995698515493,0.442
6206,2026-01-05 07:26:00,310.3866539265435,0.41
6207,2026-01-05 07:27:00,311.1181197202843,0.275
6208,2026-01-05 07:28:00,310.2615359555322,0.461
6209,2026-01-05 07:29:00,310.50064279969746,0.506
6210,2026-01-05 07:30:00,311.00966386892026,0.439
6211,2026-01-05 07:31:00,311.1545410760942,0.493
6212,2026-01-05 07:32:00,310.61668222100303,0.508
6213,2026-01-05 07:33:00,310.97139980016993,0.258
6214,2026-01-05 07:34:00,311.05120757583046,0.379
6215,2026-01-05 07:35:00,310.490675376986,0.32899999999999996
6216,2026-01-05 07:36:00,310.7620610108555,0.414
6217,2026-01-05 07:37:00,310.85894774901675,0.593
6218,2026-01-05 07:38:00,310.5905401543775,0.382
6219,2026-01-05 07:39:00,310.84231326090946,0.501
6220,2026-01-05 07:40:00,311.00974951075654,0.174
6221,2026-01-05 07:41:00,311.6350988286589,0.33
6222,2026-01-05 07:42:00,310.39347496647986,0.408
6223,2026-01-05 07:43:00,310.9760397419589,0.304
6224,2026-01-05 07:44:00,310.6136942269125,0.371
6225,2026-01-05 07:45:00,310.4499063071034,0.41200000000000003
6226,2026-01-05 07:46:00,309.99654633511255,0.33899999999999997
6227,2026-01-05 07:47:00,310.00233555330146,0.369
6228,2026-01-05 07:48:00,311.27986109454673,0.38799999999999996
6229,2026-01-05 07:49:00,310.9156541808483,0.574
6230,2026-01-05 07:50:00,310.5002231710815,0.316
6231,2026-01-05 07:51:00,310.5487247593429,0.428
6232,2026-01-05 07:52:00,310.09358904559144,0.524
6233,2026-01-05 07:53:00,309.862799196018,0.436
6234,2026-01-05 07:54:00,310.17143773659825,0.166
6235,2026-01-05 07:55:00,310.12441412796784,0.309
6236,2026-01-05 07:56:00,311.0416515163815,0.41700000000000004
6237,2026-01-05 07:57:00,310.43018662474424,0.46799999999999997
6238,2026-01-05 07:58:00,309.50662148581426,0.46299999999999997
6239,2026-01-05 07:59:00,310.0271305662669,0.612
6240,2026-01-05 08:00:00,310.56899602546565,0.355
6241,2026-01-05 08:01:00,310.27581588676503,0.377
6242,2026-01-05 08:02:00,310.1896756929433,0.365
6243,2026-01-05 08:03:00,310.10212818583136,0.361
6244,2026-01-05 08:04:00,309.9522174352542,0.309
6245,2026-01-05 08:05:00,309.5953968572244,0.47
6246,2026-01-05 08:06:00,310.7623493835989,0.573
6247,2026-01-05 08:07:00,309.56571395623666,0.37799999999999995
6248,2026-01-05 08:08:00,309.9573931730475,0.491
6249,2026-01-05 08:09:00,310.59396671712506,0.40700000000000003
6250,2026-01-05 08:10:00,311.29776470242706,0.474
6251,2026-01-05 08:11:00,310.7226734062726,0.45299999999999996
6252,2026-01-05 08:12:00,310.4552990605971,0.47600000000000003
6253,2026-01-05 08:13:00,310.1934414320386,0.33399999999999996
6254,2026-01-05 08:14:00,310.54677183905557,0.273
6255,2026-01-05 08:15:00,310.198123337154,0.391
6256,2026-01-05 08:16:00,309.73275029916704,0.466
6257,2026-01-05 08:17:00,310.43214433912146,0.46799999999999997
6258,2026-01-05 08:18:00,310.90637038937405,0.35200000000000004
6259,2026-01-05 08:19:00,310.95283638542423,0.335
6260,2026-01-05 08:20:00,310.70882052872366,0.43200000000000005
6261,2026-01-05 08:21:00,310.0411883872341,0.188
6262,2026-01-05 08:22:00,310.23083736260946,0.293
6263,2026-01-05 08:23:00,310.8236520857151,0.527
6264,2026-01-05 08:24:00,310.4092216983091,0.289
6265,2026-01-05 08:25:00,311.2096793714864,0.32899999999999996
6266,2026-01-05 08:26:00,310.8392198841558,0.322
6267,2026-01-05 08:27:00,310.9748408897662,0.6459999999999999
6268,2026-01-05 08:28:00,310.0912618849482,0.406
6269,2026-01-05 08:29:00,309.94202203366405,0.38299999999999995
6270,2026-01-05 08:30:00,310.8056369989547,0.544
6271,2026-01-05 08:31:00,311.1553171353265,0.41100000000000003
6272,2026-01-05 08:32:00,310.831651909282,0.41200000000000003
6273,2026-01-05 08:33:00,311.5498505427924,0.45399999999999996
6274,2026-01-05 08:34:00,310.8552078992183,0.295
6275,2026-01-05 08:35:00,310.19795349814405,0.313
6276,2026-01-05 08:36:00,310.66615673491685,0.461
6277,2026-01-05 08:37:00,310.6113057205057,0.35200000000000004
6278,2026-01-05 08:38:00,310.45359792490905,0.41100000000000003
6279,2026-01-05 08:39:00,310.7693361406743,0.509
6280,2026-01-05 08:40:00,309.45888224612963,0.614
6281,2026-01-05 08:41:00,309.7733893499584,0.217
6282,2026-01-05 08:42:00,311.36146487692963,0.358
6283,2026-01-05 08:43:00,310.39281782963104,0.316
6284,2026-01-05 08:44:00,309.2586990314597,0.449
6285,2026-01-05 08:45:00,310.0635804599226,0.387
6286,2026-01-05 08:46:00,311.1302323191669,0.249
6287,2026-01-05 08:47:00,310.5693967085264,0.39399999999999996
6288,2026-01-05 08:48:00,311.7385268317663,0.607
6289,2026-01-05 08:49:00,310.4854090154275,0.441
6290,2026-01-05 08:50:00,311.1497700649569,0.49200000000000005
6291,2026-01-05 08:51:00,310.96851284334565,0.39399999999999996
6292,2026-01-05 08:52:00,310.41168717931606,0.396
6293,2026-01-05 08:53:00,310.1401920893118,0.512
6294,2026-01-05 08:54:00,310.2522431822744,0.505
6295,2026-01-05 08:55:00,310.46915801619406,0.375
6296,2026-01-05 08:56:00,311.3095761539407,0.326
6297,2026-01-05 08:57:00,311.53499854409205,0.344
6298,2026-01-05 08:58:00,309.8481598998631,0.345
6299,2026-01-05 08:59:00,309.89445531405084,0.26899999999999996
6300,2026-01-05 09:00:00,310.3478896524469,0.504
6301,2026-01-05 09:01:00,309.9284483206213,0.17800000000000002
6302,2026-01-05 09:02:00,310.0440127254845,0.445
6303,2026-01-05 09:03:00,310.0550567854001,0.381
6304,2026-01-05 09:04:00,310.08106571160624,0.47600000000000003
6305,2026-01-05 09:05:00,309.97374293088336,0.25
6306,2026-01-05 09:06:00,310.18135665328174,0.461
6307,2026-01-05 09:07:00,311.08262416659716,0.36
6308,2026-01-05 09:08:00,310.54793059648193,0.488
6309,2026-01-05 09:09:00,310.31953932805914,0.509
6310,2026-01-05 09:10:00,309.4174383299853,0.4
6311,2026-01-05 09:11:00,308.693735019566,0.525
6312,2026-01-05 09:12:00,310.70568643777057,0.649
6313,2026-01-05 09:13:00,309.65200002892954,0.402
6314,2026-01-05 09:14:00,310.2642800103093,0.469
6315,2026-01-05 09:15:00,309.5895889809322,0.526
6316,2026-01-05 09:16:00,309.61255109685266,0.32299999999999995
6317,2026-01-05 09:17:00,309.2323765290336,0.40399999999999997
6318,2026-01-05 09:18:00,309.36747557957625,0.495
6319,2026-01-05 09:19:00,309.7746960323053,0.297
6320,2026-01-05 09:20:00,310.2783486685427,0.34600000000000003
6321,2026-01-05 09:21:00,309.5087090764343,0.37
6322,2026-01-05 09:22:00,309.85180905031643,0.474
6323,2026-01-05 09:23:00,310.1122783041918,0.198
6324,2026-01-05 09:24:00,309.5932836285586,0.318
6325,2026-01-05 09:25:00,309.6767056572432,0.304
6326,2026-01-05 09:26:00,308.9281671159639,0.434
6327,2026-01-05 09:27:00,309.0380221546092,0.48100000000000004
6328,2026-01-05 09:28:00,309.7357408718753,0.436
6329,2026-01-05 09:29:00,310.10316316277095,0.28600000000000003
6330,2026-01-05 09:30:00,310.356892526247,0.486
6331,2026-01-05 09:31:00,309.5288450323041,0.45899999999999996
6332,2026-01-05 09:32:00,309.7176730569191,0.47200000000000003
6333,2026-01-05 09:33:00,310.11026597326685,0.42
6334,2026-01-05 09:34:00,309.549308770811,0.23
6335,2026-01-05 09:35:00,310.4730899813627,0.47700000000000004
6336,2026-01-05 09:36:00,309.7477954735702,0.29600000000000004
6337,2026-01-05 09:37:00,309.59405281005627,0.607
6338,2026-01-05 09:38:00,309.5047126187415,0.446
6339,2026-01-05 09:39:00,309.64919399658373,0.33799999999999997
6340,2026-01-05 09:40:00,309.7028420831515,0.35200000000000004
6341,2026-01-05 09:41:00,309.76477383744185,0.491
6342,2026-01-05 09:42:00,309.99861516459305,0.47100000000000003
6343,2026-01-05 09:43:00,309.99941901843675,0.38799999999999996
6344,2026-01-05 09:44:00,309.0854117737959,0.42
6345,2026-01-05 09:45:00,310.4803549051557,0.348
6346,2026-01-05 09:46:00,310.2865533141767,0.379
6347,2026-01-05 09:47:00,309.2459591529059,0.484
6348,2026-01-05 09:48:00,309.7119208430668,0.5479999999999999
6349,2026-01-05 09:49:00,310.1459774643783,0.457
6350,2026-01-05 09:50:00,309.4409610593008,0.5670000000000001
6351,2026-01-05 09:51:00,309.85280125559365,0.401
6352,2026-01-05 09:52:00,310.27420423089046,0.573
6353,2026-01-05 09:53:00,310.1360679848468,0.287
6354,2026-01-05 09:54:00,309.8561047449813,0.36200000000000004
6355,2026-01-05 09:55:00,309.64480492650137,0.41700000000000004
6356,2026-01-05 09:56:00,309.3090453987306,0.579
6357,2026-01-05 09:57:00,309.0706317456161,0.18100000000000002
6358,2026-01-05 09:58:00,310.0260678006364,0.331
6359,2026-01-05 09:59:00,309.42799536981283,0.48700000000000004
6360,2026-01-05 10:00:00,309.5137053473319,0.249
6361,2026-01-05 10:01:00,309.5090064833303,0.469
6362,2026-01-05 10:02:00,309.28717453468647,0.36700000000000005
6363,2026-01-05 10:03:00,309.57414557453666,0.22399999999999998
6364,2026-01-05 10:04:00,309.1881927101908,0.289
6365,2026-01-05 10:05:00,309.50609074836603,0.38799999999999996
6366,2026-01-05 10:06:00,309.45517986165476,0.32299999999999995
6367,2026-01-05 10:07:00,310.1963772639619,0.287
6368,2026-01-05 10:08:00,310.3877234723544,0.37
6369,2026-01-05 10:09:00,310.2347508751686,0.446
6370,2026-01-05 10:10:00,311.1544053625101,0.45899999999999996
6371,2026-01-05 10:11:00,310.62836128821937,0.55
6372,2026-01-05 10:12:00,309.91677562335155,0.271
6373,2026-01-05 10:13:00,309.43179462037193,0.419
6374,2026-01-05 10:14:00,309.1749026751453,0.43799999999999994
6375,2026-01-05 10:15:00,309.9350975233165,0.451
6376,2026-01-05 10:16:00,309.4521834938858,0.483
6377,2026-01-05 10:17:00,309.49847481646714,0.34299999999999997
6378,2026-01-05 10:18:00,309.6810441293493,0.392
6379,2026-01-05 10:19:00,310.15518729366045,0.466
6380,2026-01-05 10:20:00,310.2019413108653,0.301
6381,2026-01-05 10:21:00,309.59862066281636,0.55
6382,2026-01-05 10:22:00,310.0148264546021,0.43
6383,2026-01-05 10:23:00,310.72686702741004,0.33799999999999997
6384,2026-01-05 10:24:00,310.2494675423366,0.305
6385,2026-01-05 10:25:00,310.19343210711634,0.44
6386,2026-01-05 10:26:00,308.6457705302196,0.521
6387,2026-01-05 10:27:00,308.88286093341475,0.46399999999999997
6388,2026-01-05 10:28:00,310.07705108019303,0.326
6389,2026-01-05 10:29:00,308.87373598247234,0.5820000000000001
6390,2026-01-05 10:30:00,308.87077187855806,0.38
6391,2026-01-05 10:31:00,310.24779177771103,0.358
6392,2026-01-05 10:32:00,309.3664500377924,0.397
6393,2026-01-05 10:33:00,308.8776491738781,0.36700000000000005
6394,2026-01-05 10:34:00,309.3448817697889,0.336
6395,2026-01-05 10:35:00,309.366987101527,0.614
6396,2026-01-05 10:36:00,309.0205535019359,0.175
6397,2026-01-05 10:37:00,310.3666538460402,0.456
6398,2026-01-05 10:38:00,311.5568313233379,0.29
6399,2026-01-05 10:39:00,310.1930898788651,0.317
6400,2026-01-05 10:40:00,309.1833915435209,0.408
6401,2026-01-05 10:41:00,310.2996310311044,0.419
6402,2026-01-05 10:42:00,309.73873102900285,0.423
6403,2026-01-05 10:43:00,309.68497474788063,0.442
6404,2026-01-05 10:44:00,310.4115239012241,0.335
6405,2026-01-05 10:45:00,309.6897966443149,0.35100000000000003
6406,2026-01-05 10:46:00,309.2511051933059,0.42200000000000004
6407,2026-01-05 10:47:00,310.5250087589956,0.38
6408,2026-01-05 10:48:00,309.82781919908024,0.39899999999999997
6409,2026-01-05 10:49:00,309.7981519171314,0.521
6410,2026-01-05 10:50:00,310.47857775892,0.467
6411,2026-01-05 10:51:00,309.7358575430179,0.364
6412,2026-01-05 10:52:00,309.3033158869621,0.414
6413,2026-01-05 10:53:00,310.29951571641135,0.5529999999999999
6414,2026-01-05 10:54:00,311.26397940124303,0.375
6415,2026-01-05 10:55:00,309.8598328519706,0.43200000000000005
6416,2026-01-05 10:56:00,310.0809381131634,0.561
6417,2026-01-05 10:57:00,309.9064106490433,0.368
6418,2026-01-05 10:58:00,308.7910436535466,0.493
6419,2026-01-05 10:59:00,309.7891095373542,0.24100000000000002
6420,2026-01-05 11:00:00,309.38281143761907,0.474
6421,2026-01-05 11:01:00,309.37694074737135,0.392
6422,2026-01-05 11:02:00,310.04461401842156,0.594
6423,2026-01-05 11:03:00,310.15123295106724,0.465
6424,2026-01-05 11:04:00,309.81854342437873,0.34
6425,2026-01-05 11:05:00,311.0562964435385,0.385
6426,2026-01-05 11:06:00,310.0508809551391,0.341
6427,2026-01-05 11:07:00,309.1584437522531,0.261
6428,2026-01-05 11:08:00,309.56450499038573,0.6609999999999999
6429,2026-01-05 11:09:00,309.6170882162731,0.303
6430,2026-01-05 11:10:00,311.29721568083465,0.327
6431,2026-01-05 11:11:00,309.98642508434875,0.317
6432,2026-01-05 11:12:00,310.01221228628793,0.314
6433,2026-01-05 11:13:00,310.7816386747119,0.5479999999999999
6434,2026-01-05 11:14:00,310.58822064613867,0.33299999999999996
6435,2026-01-05 11:15:00,311.0479741381792,0.61
6436,2026-01-05 11:16:00,309.9215550309483,0.344
6437,2026-01-05 11:17:00,310.6541219385651,0.402
6438,2026-01-05 11:18:00,309.67032699683034,0.45799999999999996
6439,2026-01-05 11:19:00,309.9347112418486,0.248
6440,2026-01-05 11:20:00,310.20802337188644,0.446
6441,2026-01-05 11:21:00,310.43712841319393,0.473
6442,2026-01-05 11:22:00,310.74757862062603,0.275
6443,2026-01-05 11:23:00,310.94492804164076,0.508
6444,2026-01-05 11:24:00,310.8061976655583,0.242
6445,2026-01-05 11:25:00,310.5601953592294,0.32799999999999996
6446,2026-01-05 11:26:00,311.06039229535327,0.402
6447,2026-01-05 11:27:00,309.5690066619906,0.506
6448,2026-01-05 11:28:00,311.10863568465004,0.48
6449,2026-01-05 11:29:00,310.46433236648124,0.629
6450,2026-01-05 11:30:00,309.9890621999131,0.552
6451,2026-01-05 11:31:00,310.43541189975514,0.529
6452,2026-01-05 11:32:00,309.8520647280513,0.359
6453,2026-01-05 11:33:00,309.1541460593184,0.44
6454,2026-01-05 11:34:00,310.0270744023563,0.604
6455,2026-01-05 11:35:00,310.31217481215464,0.27
6456,2026-01-05 11:36:00,309.0584772253819,0.485
6457,2026-01-05 11:37:00,309.8624566015236,0.311
6458,2026-01-05 11:38:00,308.6756334169226,0.27399999999999997
6459,2026-01-05 11:39:00,309.5140904518695,0.425
6460,2026-01-05 11:40:00,310.46409391916774,0.35
6461,2026-01-05 11:41:00,309.84782200038535,0.545
6462,2026-01-05 11:42:00,309.6313344960482,0.385
6463,2026-01-05 11:43:00,309.29321826656894,0.336
6464,2026-01-05 11:44:00,309.71360271790144,0.507
6465,2026-01-05 11:45:00,311.34552537273936,0.5429999999999999
6466,2026-01-05 11:46:00,309.2467929183931,0.302
6467,2026-01-05 11:47:00,309.4187118005068,0.486
6468,2026-01-05 11:48:00,309.1422232418625,0.24600000000000002
6469,2026-01-05 11:49:00,309.6010597298507,0.29100000000000004
6470,2026-01-05 11:50:00,309.6309150928809,0.42700000000000005
6471,2026-01-05 11:51:00,310.883965962738,0.266
6472,2026-01-05 11:52:00,309.18580734080035,0.484
6473,2026-01-05 11:53:00,309.54176717454766,0.43700000000000006
6474,2026-01-05 11:54:00,310.67984385615694,0.45299999999999996
6475,2026-01-05 11:55:00,309.5014156565367,0.225
6476,2026-01-05 11:56:00,309.64781054174415,0.376
6477,2026-01-05 11:57:00,310.37547037614434,0.214
6478,2026-01-05 11:58:00,309.76026854204946,0.36200000000000004
6479,2026-01-05 11:59:00,309.3524364799474,0.544
6480,2026-01-05 12:00:00,309.3489085306001,0.38799999999999996
6481,2026-01-05 12:01:00,310.68831996017275,0.445
6482,2026-01-05 12:02:00,310.181941574099,0.527
6483,2026-01-05 12:03:00,309.4769128928205,0.46
6484,2026-01-05 12:04:00,308.38598246485833,0.531
6485,2026-01-05 12:05:00,308.9842752539329,0.332
6486,2026-01-05 12:06:00,309.2524868346877,0.311
6487,2026-01-05 12:07:00,310.1712891172327,0.27
6488,2026-01-05 12:08:00,309.8675550449568,0.653
6489,2026-01-05 12:09:00,309.6682673830017,0.192
6490,2026-01-05 12:10:00,309.9488353066912,0.268
6491,2026-01-05 12:11:00,310.16616246840846,0.466
6492,2026-01-05 12:12:00,310.69625879958716,0.36
6493,2026-01-05 12:13:00,310.0960265939576,0.13699999999999998
6494,2026-01-05 12:14:00,310.0438710406646,0.429
6495,2026-01-05 12:15:00,309.76717310613896,0.27399999999999997
6496,2026-01-05 12:16:00,310.5390529625683,0.396
6497,2026-01-05 12:17:00,310.16669846429664,0.441
6498,2026-01-05 12:18:00,309.84654071908574,0.326
6499,2026-01-05 12:19:00,310.8583186311042,0.307
6500,2026-01-05 12:20:00,310.3690154764883,0.368
6501,2026-01-05 12:21:00,310.2689039847574,0.5529999999999999
6502,2026-01-05 12:22:00,309.6027791258801,0.157
6503,2026-01-05 12:23:00,310.544655309484,0.48100000000000004
6504,2026-01-05 12:24:00,309.8080053355195,0.38
6505,2026-01-05 12:25:00,310.4100201505287,0.418
6506,2026-01-05 12:26:00,309.911815799099,0.435
6507,2026-01-05 12:27:00,310.1486088911556,0.401
6508,2026-01-05 12:28:00,311.0680885611292,0.366
6509,2026-01-05 12:29:00,310.07114683308777,0.679
6510,2026-01-05 12:30:00,310.159082399419,0.469
6511,2026-01-05 12:31:00,310.271906470261,0.349
6512,2026-01-05 12:32:00,310.39920679430975,0.272
6513,2026-01-05 12:33:00,310.73602181683304,0.45799999999999996
6514,2026-01-05 12:34:00,309.88825598924046,0.27699999999999997
6515,2026-01-05 12:35:00,310.18868836150483,0.248
6516,2026-01-05 12:36:00,311.0436633464843,0.736
6517,2026-01-05 12:37:00,311.1747699746131,0.384
6518,2026-01-05 12:38:00,309.42258960002374,0.444
6519,2026-01-05 12:39:00,311.35995813197246,0.4
6520,2026-01-05 12:40:00,309.8874272239121,0.409
6521,2026-01-05 12:41:00,311.1362929973451,0.325
6522,2026-01-05 12:42:00,310.26489363418364,0.262
6523,2026-01-05 12:43:00,309.6484289371329,0.52
6524,2026-01-05 12:44:00,310.46295678201284,0.47200000000000003
6525,2026-01-05 12:45:00,311.5184166088263,0.442
6526,2026-01-05 12:46:00,309.64985982237465,0.436
6527,2026-01-05 12:47:00,310.2808866993306,0.47100000000000003
6528,2026-01-05 12:48:00,310.54091844193385,0.397
6529,2026-01-05 12:49:00,310.5194037743439,0.446
6530,2026-01-05 12:50:00,311.0012719845121,0.541
6531,2026-01-05 12:51:00,310.52321743847887,0.637
6532,2026-01-05 12:52:00,310.9348736625582,0.38299999999999995
6533,2026-01-05 12:53:00,311.3863175798327,0.369
6534,2026-01-05 12:54:00,310.56415880660074,0.29600000000000004
6535,2026-01-05 12:55:00,310.6482339226035,0.465
6536,2026-01-05 12:56:00,310.28190387375406,0.303
6537,2026-01-05 12:57:00,311.32370711779953,0.39899999999999997
6538,2026-01-05 12:58:00,310.4885988960822,0.292
6539,2026-01-05 12:59:00,310.4917451096468,0.24100000000000002
6540,2026-01-05 13:00:00,309.70927817622635,0.44
6541,2026-01-05 13:01:00,310.0863784784781,0.46
6542,2026-01-05 13:02:00,310.68005985004004,0.365
6543,2026-01-05 13:03:00,310.8853126441134,0.261
6544,2026-01-05 13:04:00,309.36941100440185,0.527
6545,2026-01-05 13:05:00,310.20261126831485,0.298
6546,2026-01-05 13:06:00,310.49443122220896,0.467
6547,2026-01-05 13:07:00,309.9938718831008,0.27899999999999997
6548,2026-01-05 13:08:00,311.10904577291814,0.319
6549,2026-01-05 13:09:00,310.15858818759233,0.419
6550,2026-01-05 13:10:00,310.48951642787733,0.39
6551,2026-01-05 13:11:00,310.9180401725363,0.218
6552,2026-01-05 13:12:00,310.6007196200418,0.354
6553,2026-01-05 13:13:00,310.68881780430286,0.213
6554,2026-01-05 13:14:00,310.5459086993367,0.205
6555,2026-01-05 13:15:00,310.22271660940476,0.382
6556,2026-01-05 13:16:00,309.8243560356906,0.368
6557,2026-01-05 13:17:00,311.7125458816258,0.226
6558,2026-01-05 13:18:00,310.4804061791182,0.361
6559,2026-01-05 13:19:00,310.9757850008081,0.363
6560,2026-01-05 13:20:00,309.99223740945644,0.42
6561,2026-01-05 13:21:00,310.2423212274715,0.311
6562,2026-01-05 13:22:00,311.0846613710011,0.494
6563,2026-01-05 13:23:00,311.3960868948425,0.537
6564,2026-01-05 13:24:00,310.43953824944913,0.253
6565,2026-01-05 13:25:00,310.5730318568998,0.33
6566,2026-01-05 13:26:00,310.7290353051274,0.45299999999999996
6567,2026-01-05 13:27:00,310.45998536595846,0.349
6568,2026-01-05 13:28:00,310.29598359268624,0.45299999999999996
6569,2026-01-05 13:29:00,310.1034119804798,0.409
6570,2026-01-05 13:30:00,310.8413257287219,0.41600000000000004
6571,2026-01-05 13:31:00,310.613469724688,0.391
6572,2026-01-05 13:32:00,310.1502441812119,0.36
6573,2026-01-05 13:33:00,310.4258461960386,0.35700000000000004
6574,2026-01-05 13:34:00,311.2151270257443,0.382
6575,2026-01-05 13:35:00,310.5168580010636,0.44
6576,2026-01-05 13:36:00,310.2281441271748,0.32799999999999996
6577,2026-01-05 13:37:00,310.1937947162801,0.44
6578,2026-01-05 13:38:00,310.80330353795193,0.24600000000000002
6579,2026-01-05 13:39:00,310.6021002680781,0.40399999999999997
6580,2026-01-05 13:40:00,309.91637302241367,0.389
6581,2026-01-05 13:41:00,310.4005945806729,0.259
6582,2026-01-05 13:42:00,311.5034280896042,0.209
6583,2026-01-05 13:43:00,310.8328926022486,0.478
6584,2026-01-05 13:44:00,310.4157968706188,0.295
6585,2026-01-05 13:45:00,309.68695718809215,0.19699999999999998
6586,2026-01-05 13:46:00,310.4633033508356,0.386
6587,2026-01-05 13:47:00,309.9872821975397,0.39399999999999996
6588,2026-01-05 13:48:00,310.8626340859216,0.46799999999999997
6589,2026-01-05 13:49:00,310.57962835244155,0.511
6590,2026-01-05 13:50:00,310.08820096696735,0.395
6591,2026-01-05 13:51:00,310.4090583537866,0.47
6592,2026-01-05 13:52:00,310.4667522747088,0.479
6593,2026-01-05 13:53:00,310.1915760842249,0.467
6594,2026-01-05 13:54:00,309.8271856738312,0.474
6595,2026-01-05 13:55:00,310.6344072047361,0.374
6596,2026-01-05 13:56:00,310.70445231854967,0.301
6597,2026-01-05 13:57:00,310.4424693345677,0.44299999999999995
6598,2026-01-05 13:58:00,309.6989413950427,0.391
6599,2026-01-05 13:59:00,310.0805331920597,0.368
6600,2026-01-05 14:00:00,310.22577780257615,0.39899999999999997
6601,2026-01-05 14:01:00,309.94183564200955,0.34
6602,2026-01-05 14:02:00,310.5985459629049,0.33799999999999997
6603,2026-01-05 14:03:00,310.4823307339712,0.7
6604,2026-01-05 14:04:00,310.3760323269345,0.41100000000000003
6605,2026-01-05 14:05:00,310.5957632958821,0.287
6606,2026-01-05 14:06:00,309.70246475489824,0.42100000000000004
6607,2026-01-05 14:07:00,311.1362003315717,0.45799999999999996
6608,2026-01-05 14:08:00,310.3185976931635,0.608
6609,2026-01-05 14:09:00,311.24214643425887,0.6579999999999999
6610,2026-01-05 14:10:00,311.04473324923066,0.313
6611,2026-01-05 14:11:00,311.64516791890827,0.23800000000000002
6612,2026-01-05 14:12:00,309.8022388336786,0.218
6613,2026-01-05 14:13:00,310.30966898716605,0.511
6614,2026-01-05 14:14:00,310.31282929062803,0.41100000000000003
6615,2026-01-05 14:15:00,311.2101789524124,0.39799999999999996
6616,2026-01-05 14:16:00,310.5481080185195,0.444
6617,2026-01-05 14:17:00,310.70434240280343,0.425
6618,2026-01-05 14:18:00,311.17768974842653,0.221
6619,2026-01-05 14:19:00,309.873896248361,0.345
6620,2026-01-05 14:20:00,309.7123893597807,0.494
6621,2026-01-05 14:21:00,310.0674037249064,0.493
6622,2026-01-05 14:22:00,309.9188473800597,0.5529999999999999
6623,2026-01-05 14:23:00,311.1164653809091,0.512
6624,2026-01-05 14:24:00,310.26661762849363,0.293
6625,2026-01-05 14:25:00,310.2677724808421,0.445
6626,2026-01-05 14:26:00,310.3502399962161,0.39299999999999996
6627,2026-01-05 14:27:00,310.3581845712075,0.255
6628,2026-01-05 14:28:00,310.313814604551,0.48
6629,2026-01-05 14:29:00,311.2760072949397,0.442
6630,2026-01-05 14:30:00,311.02590741878026,0.484
6631,2026-01-05 14:31:00,310.3673138983017,0.43200000000000005
6632,2026-01-05 14:32:00,310.1432548900341,0.287
6633,2026-01-05 14:33:00,310.0761812871081,0.375
6634,2026-01-05 14:34:00,310.6121002995592,0.605
6635,2026-01-05 14:35:00,310.42684796745414,0.439
6636,2026-01-05 14:36:00,310.4839838014109,0.396
6637,2026-01-05 14:37:00,309.77867107345384,0.342
6638,2026-01-05 14:38:00,310.7169762841928,0.22399999999999998
6639,2026-01-05 14:39:00,310.9297748425807,0.41100000000000003
6640,2026-01-05 14:40:00,310.38370992589086,0.5489999999999999
6641,2026-01-05 14:41:00,309.56870992349894,0.353
6642,2026-01-05 14:42:00,309.7009591357661,0.556
6643,2026-01-05 14:43:00,309.61537374670814,0.35700000000000004
6644,2026-01-05 14:44:00,310.08603258750736,0.29100000000000004
6645,2026-01-05 14:45:00,310.5084879511676,0.166
6646,2026-01-05 14:46:00,309.97062790596965,0.327
6647,2026-01-05 14:47:00,310.8839210929706,0.447
6648,2026-01-05 14:48:00,310.2015863885402,0.47600000000000003
6649,2026-01-05 14:49:00,310.59986028943416,0.509
6650,2026-01-05 14:50:00,310.48399010240473,0.313
6651,2026-01-05 14:51:00,309.8608356700324,0.43799999999999994
6652,2026-01-05 14:52:00,310.3129380740633,0.39799999999999996
6653,2026-01-05 14:53:00,309.3996779050695,0.187
6654,2026-01-05 14:54:00,310.04446364687607,0.47200000000000003
6655,2026-01-05 14:55:00,309.3267533650265,0.384
6656,2026-01-05 14:56:00,310.08538075098676,0.415
6657,2026-01-05 14:57:00,310.4223772426782,0.514
6658,2026-01-05 14:58:00,310.1683445129504,0.39899999999999997
6659,2026-01-05 14:59:00,310.8727396980184,0.392
6660,2026-01-05 15:00:00,310.6383211010017,0.33899999999999997
6661,2026-01-05 15:01:00,309.6822993707239,0.20199999999999999
6662,2026-01-05 15:02:00,310.35325084650503,0.42100000000000004
6663,2026-01-05 15:03:00,310.69990666755655,0.505
6664,2026-01-05 15:04:00,310.93642823801514,0.518
6665,2026-01-05 15:05:00,310.4057758082913,0.355
6666,2026-01-05 15:06:00,310.9177843318525,0.28
6667,2026-01-05 15:07:00,310.1339876619454,0.44
6668,2026-01-05 15:08:00,311.54321323035566,0.385
6669,2026-01-05 15:09:00,310.00515439889637,0.6559999999999999
6670,2026-01-05 15:10:00,310.91922689239783,0.424
6671,2026-01-05 15:11:00,311.236971704353,0.49700000000000005
6672,2026-01-05 15:12:00,310.66695553214396,0.451
6673,2026-01-05 15:13:00,310.92488108933196,0.389
6674,2026-01-05 15:14:00,310.25056812109176,0.506
6675,2026-01-05 15:15:00,311.56684771543627,0.40399999999999997
6676,2026-01-05 15:16:00,310.7933061564243,0.436
6677,2026-01-05 15:17:00,311.16513244223717,0.248
6678,2026-01-05 15:18:00,310.9409861911968,0.287
6679,2026-01-05 15:19:00,311.00039536213717,0.40299999999999997
6680,2026-01-05 15:20:00,311.38239187203897,0.43
6681,2026-01-05 15:21:00,311.37615557456223,0.49200000000000005
6682,2026-01-05 15:22:00,310.7955244705262,0.478
6683,2026-01-05 15:23:00,310.3456436878196,0.23600000000000002
6684,2026-01-05 15:24:00,311.17447678914687,0.267
6685,2026-01-05 15:25:00,310.14276001897895,0.627
6686,2026-01-05 15:26:00,311.53853989593597,0.5579999999999999
6687,2026-01-05 15:27:00,311.10293730333444,0.313
6688,2026-01-05 15:28:00,310.47425621475253,0.341
6689,2026-01-05 15:29:00,310.1228700639485,0.447
6690,2026-01-05 15:30:00,311.1003165582644,0.40399999999999997
6691,2026-01-05 15:31:00,311.3608623787401,0.502
6692,2026-01-05 15:32:00,310.74202605254266,0.341
6693,2026-01-05 15:33:00,311.16425250292326,0.32
6694,2026-01-05 15:34:00,311.76502056636355,0.282
6695,2026-01-05 15:35:00,310.97802579491173,0.36
6696,2026-01-05 15:36:00,310.8112920395467,0.581
6697,2026-01-05 15:37:00,310.8493872329747,0.461
6698,2026-01-05 15:38:00,310.9021047984927,0.39
6699,2026-01-05 15:39:00,311.084206898634,0.374
6700,2026-01-05 15:40:00,310.8255405018389,0.376
6701,2026-01-05 15:41:00,310.3384323926192,0.49700000000000005
6702,2026-01-05 15:42:00,310.0042138049519,0.461
6703,2026-01-05 15:43:00,310.76423103907405,0.364
6704,2026-01-05 15:44:00,310.36194609861457,0.452
6705,2026-01-05 15:45:00,310.83092936910367,0.5379999999999999
6706,2026-01-05 15:46:00,310.49094840116413,0.304
6707,2026-01-05 15:47:00,310.65314919031823,0.536
6708,2026-01-05 15:48:00,310.0288297238377,0.486
6709,2026-01-05 15:49:00,309.8874915780685,0.18
6710,2026-01-05 15:50:00,310.7015740102135,0.406
6711,2026-01-05 15:51:00,311.3197056455924,0.48
6712,2026-01-05 15:52:00,310.2820748205057,0.61
6713,2026-01-05 15:53:00,310.28868055491927,0.287
6714,2026-01-05 15:54:00,310.9721510575263,0.361
6715,2026-01-05 15:55:00,310.9648249139636,0.368
6716,2026-01-05 15:56:00,310.8878913113825,0.47100000000000003
6717,2026-01-05 15:57:00,310.2016175241882,0.41
6718,2026-01-05 15:58:00,310.4265938932162,0.255
6719,2026-01-05 15:59:00,311.5196274021734,0.23199999999999998
6720,2026-01-05 16:00:00,310.97971399098935,0.40399999999999997
6721,2026-01-05 16:01:00,311.48072059910305,0.423
6722,2026-01-05 16:02:00,310.38459834585046,0.512
6723,2026-01-05 16:03:00,311.22993334711276,0.44799999999999995
6724,2026-01-05 16:04:00,311.09341531768206,0.46799999999999997
6725,2026-01-05 16:05:00,310.20952186773997,0.401
6726,2026-01-05 16:06:00,310.58843774841404,0.401
6727,2026-01-05 16:07:00,311.1999912861589,0.42200000000000004
6728,2026-01-05 16:08:00,311.471693202006,0.335
6729,2026-01-05 16:09:00,311.31263986638,0.501
6730,2026-01-05 16:10:00,310.8503107743749,0.436
6731,2026-01-05 16:11:00,311.8275943465225,0.5589999999999999
6732,2026-01-05 16:12:00,310.2402909445167,0.395
6733,2026-01-05 16:13:00,310.92858884959,0.3
6734,2026-01-05 16:14:00,311.2177595757988,0.38
6735,2026-01-05 16:15:00,310.39160774893924,0.581
6736,2026-01-05 16:16:00,310.61806462212854,0.446
6737,2026-01-05 16:17:00,310.5622638572814,0.405
6738,2026-01-05 16:18:00,311.3836254900215,0.298
6739,2026-01-05 16:19:00,311.78660267403006,0.193
6740,2026-01-05 16:20:00,311.5971072446803,0.359
6741,2026-01-05 16:21:00,310.86094759250045,0.44
6742,2026-01-05 16:22:00,311.87645174275417,0.371
6743,2026-01-05 16:23:00,310.74259223698465,0.295
6744,2026-01-05 16:24:00,310.226852046261,0.507
6745,2026-01-05 16:25:00,311.09006368884155,0.369
6746,2026-01-05 16:26:00,311.29034408785515,0.316
6747,2026-01-05 16:27:00,311.34121716909146,0.266
6748,2026-01-05 16:28:00,311.46408464239823,0.262
6749,2026-01-05 16:29:00,310.9062042946337,0.32799999999999996
6750,2026-01-05 16:30:00,310.9510274753707,0.44299999999999995
6751,2026-01-05 16:31:00,311.1244630128828,0.406
6752,2026-01-05 16:32:00,310.8655706437255,0.508
6753,2026-01-05 16:33:00,310.5946046747807,0.532
6754,2026-01-05 16:34:00,310.20410765564304,0.265
6755,2026-01-05 16:35:00,311.13414113181,0.38299999999999995
6756,2026-01-05 16:36:00,309.8236756365089,0.32299999999999995
6757,2026-01-05 16:37:00,311.38281462456774,0.43200000000000005
6758,2026-01-05 16:38:00,310.5119799520344,0.41700000000000004
6759,2026-01-05 16:39:00,311.75581059621817,0.395
6760,2026-01-05 16:40:00,310.6191826744529,0.526
6761,2026-01-05 16:41:00,311.066836162196,0.401
6762,2026-01-05 16:42:00,311.53200105946667,0.225
6763,2026-01-05 16:43:00,310.35813153005034,0.39299999999999996
6764,2026-01-05 16:44:00,311.14082900846597,0.479
6765,2026-01-05 16:45:00,309.65866239043476,0.273
6766,2026-01-05 16:46:00,311.20454591183443,0.3
6767,2026-01-05 16:47:00,310.55264979366666,0.475
6768,2026-01-05 16:48:00,310.9673714294414,0.213
6769,2026-01-05 16:49:00,311.61698688157225,0.255
6770,2026-01-05 16:50:00,310.8791694436731,0.542
6771,2026-01-05 16:51:00,310.76836513136516,0.385
6772,2026-01-05 16:52:00,310.8723476606643,0.353
6773,2026-01-05 16:53:00,310.33520949421137,0.534
6774,2026-01-05 16:54:00,311.1318815324645,0.469
6775,2026-01-05 16:55:00,310.41715340510973,0.525
6776,2026-01-05 16:56:00,310.85073374931414,0.45299999999999996
6777,2026-01-05 16:57:00,311.6101535702323,0.509
6778,2026-01-05 16:58:00,310.3874942780503,0.585
6779,2026-01-05 16:59:00,310.68151788202675,0.439
6780,2026-01-05 17:00:00,311.13373852641814,0.307
6781,2026-01-05 17:01:00,310.17824288043585,0.16699999999999998
6782,2026-01-05 17:02:00,309.8740443524762,0.41200000000000003
6783,2026-01-05 17:03:00,309.7814543207545,0.24
6784,2026-01-05 17:04:00,310.6718874336632,0.314
6785,2026-01-05 17:05:00,310.43823634191256,0.552
6786,2026-01-05 17:06:00,310.7343439280247,0.504
6787,2026-01-05 17:07:00,311.36297876419115,0.583
6788,2026-01-05 17:08:00,310.31793514768344,0.349
6789,2026-01-05 17:09:00,311.1552002967919,0.324
6790,2026-01-05 17:10:00,311.093949303837,0.122
6791,2026-01-05 17:11:00,310.25814043450924,0.488
6792,2026-01-05 17:12:00,311.6610463949511,0.48200000000000004
6793,2026-01-05 17:13:00,310.39492675413146,0.31
6794,2026-01-05 17:14:00,311.5159791996213,0.434
6795,2026-01-05 17:15:00,310.89327528798185,0.337
6796,2026-01-05 17:16:00,310.542175594194,0.376
6797,2026-01-05 17:17:00,310.8120054800399,0.32899999999999996
6798,2026-01-05 17:18:00,310.86886848845626,0.414
6799,2026-01-05 17:19:00,311.061705368623,0.45
6800,2026-01-05 17:20:00,311.1508554081763,0.381
6801,2026-01-05 17:21:00,310.6212156069968,0.345
6802,2026-01-05 17:22:00,310.23309991777916,0.46399999999999997
6803,2026-01-05 17:23:00,311.12318132543675,0.5379999999999999
6804,2026-01-05 17:24:00,310.7803528353117,0.43
6805,2026-01-05 17:25:00,310.72941786684066,0.441
6806,2026-01-05 17:26:00,310.7009171806915,0.441
6807,2026-01-05 17:27:00,310.7316278141109,0.43200000000000005
6808,2026-01-05 17:28:00,310.21022657946156,0.48100000000000004
6809,2026-01-05 17:29:00,310.13126803840964,0.299
6810,2026-01-05 17:30:00,311.2027730598849,0.46
6811,2026-01-05 17:31:00,311.1372085378456,0.345
6812,2026-01-05 17:32:00,310.7916849697348,0.375
6813,2026-01-05 17:33:00,309.88996437426925,0.292
6814,2026-01-05 17:34:00,309.74900550003633,0.563
6815,2026-01-05 17:35:00,310.5571484060324,0.253
6816,2026-01-05 17:36:00,310.8710828361264,0.251
6817,2026-01-05 17:37:00,310.24326741037436,0.21600000000000003
6818,2026-01-05 17:38:00,310.016229840011,0.418
6819,2026-01-05 17:39:00,310.43495489764297,0.529
6820,2026-01-05 17:40:00,310.5063724846602,0.35700000000000004
6821,2026-01-05 17:41:00,310.8570043912482,0.534
6822,2026-01-05 17:42:00,310.6942089029112,0.523
6823,2026-01-05 17:43:00,310.71016188145416,0.425
6824,2026-01-05 17:44:00,311.5446187614769,0.531
6825,2026-01-05 17:45:00,311.0918282382581,0.511
6826,2026-01-05 17:46:00,311.4615671318081,0.257
6827,2026-01-05 17:47:00,310.94534326848316,0.528
6828,2026-01-05 17:48:00,312.25455543145785,0.386
6829,2026-01-05 17:49:00,310.2090823395889,0.41600000000000004
6830,2026-01-05 17:50:00,310.99128565088586,0.341
6831,2026-01-05 17:51:00,311.9776062008484,0.217
6832,2026-01-05 17:52:00,312.51288126150513,0.35
6833,2026-01-05 17:53:00,311.2944729077021,0.29600000000000004
6834,2026-01-05 17:54:00,311.8567448947041,0.425
6835,2026-01-05 17:55:00,310.9393920824381,0.23199999999999998
6836,2026-01-05 17:56:00,312.0076094730405,0.324
6837,2026-01-05 17:57:00,311.4793543570324,0.495
6838,2026-01-05 17:58:00,311.5369312683625,0.28
6839,2026-01-05 17:59:00,311.4747672014133,0.5329999999999999
6840,2026-01-05 18:00:00,311.36815638498814,0.376
6841,2026-01-05 18:01:00,310.49869984627287,0.358
6842,2026-01-05 18:02:00,311.41471219312274,0.413
6843,2026-01-05 18:03:00,310.99058290102846,0.327
6844,2026-01-05 18:04:00,309.9281459451633,0.40700000000000003
6845,2026-01-05 18:05:00,311.4030852785047,0.429
6846,2026-01-05 18:06:00,310.2649514752405,0.307
6847,2026-01-05 18:07:00,310.9274191091627,0.228
6848,2026-01-05 18:08:00,311.47397821213156,0.35600000000000004
6849,2026-01-05 18:09:00,311.0148295703508,0.45399999999999996
6850,2026-01-05 18:10:00,311.8433422195085,0.22699999999999998
6851,2026-01-05 18:11:00,311.16092780676126,0.20199999999999999
6852,2026-01-05 18:12:00,310.7246393255592,0.166
6853,2026-01-05 18:13:00,310.97791774468635,0.494
6854,2026-01-05 18:14:00,310.8234800619375,0.295
6855,2026-01-05 18:15:00,311.9545354249183,0.6
6856,2026-01-05 18:16:00,311.6269879821427,0.387
6857,2026-01-05 18:17:00,311.4099409169419,0.415
6858,2026-01-05 18:18:00,311.64347133681656,0.509
6859,2026-01-05 18:19:00,310.86240345807005,0.46299999999999997
6860,2026-01-05 18:20:00,311.07951754018706,0.42100000000000004
6861,2026-01-05 18:21:00,312.30107620922456,0.392
6862,2026-01-05 18:22:00,311.07025847939303,0.47
6863,2026-01-05 18:23:00,311.8744537023553,0.353
6864,2026-01-05 18:24:00,312.2746190951429,0.395
6865,2026-01-05 18:25:00,310.7915851729946,0.589
6866,2026-01-05 18:26:00,310.6801155673587,0.32899999999999996
6867,2026-01-05 18:27:00,311.02197327151106,0.544
6868,2026-01-05 18:28:00,311.65873459675703,0.401
6869,2026-01-05 18:29:00,311.6338368936798,0.35
6870,2026-01-05 18:30:00,310.12106784670715,0.17
6871,2026-01-05 18:31:00,311.03139434298475,0.24600000000000002
6872,2026-01-05 18:32:00,311.1429515590866,0.376
6873,2026-01-05 18:33:00,311.6344222293243,0.214
6874,2026-01-05 18:34:00,311.46776810955254,0.19399999999999998
6875,2026-01-05 18:35:00,310.4802661364213,0.39
6876,2026-01-05 18:36:00,311.5270712480715,0.48700000000000004
6877,2026-01-05 18:37:00,310.38978094765076,0.43200000000000005
6878,2026-01-05 18:38:00,311.3609300808811,0.26899999999999996
6879,2026-01-05 18:39:00,310.53390001007017,0.45399999999999996
6880,2026-01-05 18:40:00,311.199415552978,0.42700000000000005
6881,2026-01-05 18:41:00,310.9762442384248,0.415
6882,2026-01-05 18:42:00,310.98705276826746,0.41100000000000003
6883,2026-01-05 18:43:00,312.07170088035684,0.433
6884,2026-01-05 18:44:00,311.1985328036429,0.434
6885,2026-01-05 18:45:00,311.9155253476737,0.46299999999999997
6886,2026-01-05 18:46:00,311.6986432363593,0.456
6887,2026-01-05 18:47:00,311.9252040693388,0.4
6888,2026-01-05 18:48:00,310.7695389810372,0.635
6889,2026-01-05 18:49:00,311.1712514124209,0.439
6890,2026-01-05 18:50:00,311.7663042705392,0.335
6891,2026-01-05 18:51:00,311.26453373364427,0.313
6892,2026-01-05 18:52:00,311.9278870004399,0.345
6893,2026-01-05 18:53:00,311.83876172235483,0.406
6894,2026-01-05 18:54:00,312.21958483045677,0.358
6895,2026-01-05 18:55:00,310.23718467196807,0.313
6896,2026-01-05 18:56:00,311.373184840687,0.349
6897,2026-01-05 18:57:00,312.7838759369195,0.439
6898,2026-01-05 18:58:00,310.5405274716033,0.402
6899,2026-01-05 18:59:00,310.8370294081781,0.327
6900,2026-01-05 19:00:00,311.6725980195622,0.48100000000000004
6901,2026-01-05 19:01:00,310.8662660971408,0.456
6902,2026-01-05 19:02:00,311.35339628387976,0.41100000000000003
6903,2026-01-05 19:03:00,311.52793445215815,0.319
6904,2026-01-05 19:04:00,311.1686894429871,0.385
6905,2026-01-05 19:05:00,311.5838168372529,0.289
6906,2026-01-05 19:06:00,311.7310548351897,0.36200000000000004
6907,2026-01-05 19:07:00,311.56712280642495,0.318
6908,2026-01-05 19:08:00,311.38994453537407,0.375
6909,2026-01-05 19:09:00,311.7051198525841,0.318
6910,2026-01-05 19:10:00,311.20631466790263,0.39799999999999996
6911,2026-01-05 19:11:00,311.6174298927824,0.48
6912,2026-01-05 19:12:00,311.7613522724133,0.48100000000000004
6913,2026-01-05 19:13:00,311.533784846244,0.483
6914,2026-01-05 19:14:00,311.84621928305586,0.493
6915,2026-01-05 19:15:00,311.12098782307766,0.529
6916,2026-01-05 19:16:00,311.74769535196623,0.555
6917,2026-01-05 19:17:00,311.2841901933669,0.534
6918,2026-01-05 19:18:00,312.3286531681621,0.434
6919,2026-01-05 19:19:00,312.0264142793791,0.245
6920,2026-01-05 19:20:00,311.5691339102146,0.55
6921,2026-01-05 19:21:00,311.8429552535535,0.218
6922,2026-01-05 19:22:00,312.08541152752315,0.39899999999999997
6923,2026-01-05 19:23:00,311.37207572639187,0.672
6924,2026-01-05 19:24:00,311.4171962597486,0.406
6925,2026-01-05 19:25:00,311.71941008018035,0.409
6926,2026-01-05 19:26:00,311.26169434453385,0.243
6927,2026-01-05 19:27:00,310.8574428537699,0.40700000000000003
6928,2026-01-05 19:28:00,310.3000859850257,0.402
6929,2026-01-05 19:29:00,312.2357437490556,0.444
6930,2026-01-05 19:30:00,311.22923392982153,0.53
6931,2026-01-05 19:31:00,311.2293447785704,0.446
6932,2026-01-05 19:32:00,310.6559778023751,0.5760000000000001
6933,2026-01-05 19:33:00,310.98722974957934,0.26899999999999996
6934,2026-01-05 19:34:00,311.01962458118766,0.35200000000000004
6935,2026-01-05 19:35:00,311.61564247496335,0.39799999999999996
6936,2026-01-05 19:36:00,311.4691050089765,0.222
6937,2026-01-05 19:37:00,311.86706275024756,0.46799999999999997
6938,2026-01-05 19:38:00,310.49070674934245,0.371
6939,2026-01-05 19:39:00,311.0457249194189,0.514
6940,2026-01-05 19:40:00,311.0233861974139,0.265
6941,2026-01-05 19:41:00,310.84874688256167,0.531
6942,2026-01-05 19:42:00,311.05939694836553,0.435
6943,2026-01-05 19:43:00,310.76051753872275,0.402
6944,2026-01-05 19:44:00,311.4823035998813,0.414
6945,2026-01-05 19:45:00,310.5575574059878,0.523
6946,2026-01-05 19:46:00,310.1929570377277,0.479
6947,2026-01-05 19:47:00,311.6499139309111,0.391
6948,2026-01-05 19:48:00,311.3725322803946,0.522
6949,2026-01-05 19:49:00,311.65477618136237,0.40700000000000003
6950,2026-01-05 19:50:00,311.2062581360384,0.34700000000000003
6951,2026-01-05 19:51:00,311.07212500029357,0.52
6952,2026-01-05 19:52:00,311.2044702384594,0.41200000000000003
6953,2026-01-05 19:53:00,310.99783044885635,0.499
6954,2026-01-05 19:54:00,310.6834242944617,0.19899999999999998
6955,2026-01-05 19:55:00,311.00993376818826,0.523
6956,2026-01-05 19:56:00,310.70776240282476,0.521
6957,2026-01-05 19:57:00,311.1466031592537,0.207
6958,2026-01-05 19:58:00,310.4823946591196,0.517
6959,2026-01-05 19:59:00,311.5675465846032,0.255
6960,2026-01-05 20:00:00,311.0557206104098,0.321
6961,2026-01-05 20:01:00,311.57371709773446,0.449
6962,2026-01-05 20:02:00,311.0501105782367,0.428
6963,2026-01-05 20:03:00,311.2918184963596,0.499
6964,2026-01-05 20:04:00,311.2324578474474,0.419
6965,2026-01-05 20:05:00,311.4252868643673,0.48200000000000004
6966,2026-01-05 20:06:00,311.6344555745413,0.516
6967,2026-01-05 20:07:00,311.2567658214369,0.467
6968,2026-01-05 20:08:00,311.48074787716877,0.14300000000000002
6969,2026-01-05 20:09:00,311.0806252083937,0.503
6970,2026-01-05 20:10:00,311.7390158729464,0.604
6971,2026-01-05 20:11:00,311.29011372939857,0.455
6972,2026-01-05 20:12:00,311.7732415648156,0.325
6973,2026-01-05 20:13:00,311.7287829850857,0.43
6974,2026-01-05 20:14:00,310.6610973613628,0.539
6975,2026-01-05 20:15:00,310.8085460801817,0.25
6976,2026-01-05 20:16:00,311.40384125564935,0.248
6977,2026-01-05 20:17:00,310.5634284777727,0.307
6978,2026-01-05 20:18:00,311.1260978537261,0.138
6979,2026-01-05 20:19:00,311.84905138599265,0.46799999999999997
6980,2026-01-05 20:20:00,311.1196366759925,0.353
6981,2026-01-05 20:21:00,311.3133462763327,0.134
6982,2026-01-05 20:22:00,311.5203824545775,0.33399999999999996
6983,2026-01-05 20:23:00,311.65661466188,0.369
6984,2026-01-05 20:24:00,311.4501528972306,0.256
6985,2026-01-05 20:25:00,310.07525921068867,0.532
6986,2026-01-05 20:26:00,310.7369513134146,0.312
6987,2026-01-05 20:27:00,310.50625663060225,0.32
6988,2026-01-05 20:28:00,310.52952108278674,0.382
6989,2026-01-05 20:29:00,310.33463239291814,0.429
6990,2026-01-05 20:30:00,310.69735296263696,0.36700000000000005
6991,2026-01-05 20:31:00,310.6615997824348,0.455
6992,2026-01-05 20:32:00,311.1112606284351,0.382
6993,2026-01-05 20:33:00,310.2977830221015,0.47200000000000003
6994,2026-01-05 20:34:00,311.3036003593268,0.467
6995,2026-01-05 20:35:00,311.0514329180113,0.203
6996,2026-01-05 20:36:00,311.0163177462033,0.529
6997,2026-01-05 20:37:00,310.20238594884756,0.396
6998,2026-01-05 20:38:00,309.9186878432925,0.452
6999,2026-01-05 20:39:00,309.75949264659073,0.496
7000,2026-01-05 20:40:00,311.134604165219,0.36200000000000004
7001,2026-01-05 20:41:00,310.76450144642587,0.429
7002,2026-01-05 20:42:00,310.94466003850954,0.122
7003,2026-01-05 20:43:00,309.8966325380815,0.614
7004,2026-01-05 20:44:00,310.72918537923067,0.363
7005,2026-01-05 20:45:00,311.0612368772026,0.47700000000000004
7006,2026-01-05 20:46:00,310.9574165358218,0.429
7007,2026-01-05 20:47:00,310.3405375561069,0.431
7008,2026-01-05 20:48:00,310.31794971780846,0.37
7009,2026-01-05 20:49:00,310.2997303506973,0.467
7010,2026-01-05 20:50:00,310.49995823157377,0.271
7011,2026-01-05 20:51:00,310.7429397933765,0.5379999999999999
7012,2026-01-05 20:52:00,310.86814009115596,0.326
7013,2026-01-05 20:53:00,310.43090203496496,0.332
7014,2026-01-05 20:54:00,310.3496260168722,0.385
7015,2026-01-05 20:55:00,310.58897999351694,0.187
7016,2026-01-05 20:56:00,311.0119580235927,0.447
7017,2026-01-05 20:57:00,310.43977211001885,0.396
7018,2026-01-05 20:58:00,311.26824869056173,0.348
7019,2026-01-05 20:59:00,310.746557033136,0.504
7020,2026-01-05 21:00:00,309.85922474706274,0.397
7021,2026-01-05 21:01:00,310.7669424126695,0.273
7022,2026-01-05 21:02:00,310.2445679965654,0.491
7023,2026-01-05 21:03:00,311.1014831680755,0.31
7024,2026-01-05 21:04:00,310.6049066231605,0.46399999999999997
7025,2026-01-05 21:05:00,309.83587374919546,0.262
7026,2026-01-05 21:06:00,310.4809894557092,0.382
7027,2026-01-05 21:07:00,310.0405133934332,0.527
7028,2026-01-05 21:08:00,310.8768233833761,0.395
7029,2026-01-05 21:09:00,310.50795278829014,0.342
7030,2026-01-05 21:10:00,310.6210256720316,0.37
7031,2026-01-05 21:11:00,310.5940970644843,0.303
7032,2026-01-05 21:12:00,310.33173920769354,0.377
7033,2026-01-05 21:13:00,311.0110076658519,0.299
7034,2026-01-05 21:14:00,309.7125332603131,0.191
7035,2026-01-05 21:15:00,310.7997587144413,0.35600000000000004
7036,2026-01-05 21:16:00,310.5975908556686,0.276
7037,2026-01-05 21:17:00,309.1209652371033,0.222
7038,2026-01-05 21:18:00,310.6361975907264,0.426
7039,2026-01-05 21:19:00,310.7122246711128,0.198
7040,2026-01-05 21:20:00,310.5389795134458,0.473
7041,2026-01-05 21:21:00,309.6432621397406,0.47700000000000004
7042,2026-01-05 21:22:00,311.17083645919087,0.377
7043,2026-01-05 21:23:00,310.65542975440235,0.428
7044,2026-01-05 21:24:00,309.75412784332474,0.387
7045,2026-01-05 21:25:00,310.2917267411338,0.431
7046,2026-01-05 21:26:00,310.03489558734464,0.306
7047,2026-01-05 21:27:00,311.243793770307,0.506
7048,2026-01-05 21:28:00,310.5340385732864,0.36200000000000004
7049,2026-01-05 21:29:00,310.2639400583985,0.45899999999999996
7050,2026-01-05 21:30:00,311.0624288811516,0.33799999999999997
7051,2026-01-05 21:31:00,311.04515480224046,0.35600000000000004
7052,2026-01-05 21:32:00,310.72658731218684,0.49700000000000005
7053,2026-01-05 21:33:00,310.748086899519,0.511
7054,2026-01-05 21:34:00,310.8793987928328,0.517
7055,2026-01-05 21:35:00,310.13866135062403,0.297
7056,2026-01-05 21:36:00,310.6023114361395,0.529
7057,2026-01-05 21:37:00,311.1835671827017,0.36200000000000004
7058,2026-01-05 21:38:00,311.3439841522317,0.42100000000000004
7059,2026-01-05 21:39:00,311.5622252608313,0.428
7060,2026-01-05 21:40:00,310.33941047159493,0.39399999999999996
7061,2026-01-05 21:41:00,310.15356136363545,0.61
7062,2026-01-05 21:42:00,310.93474170477043,0.406
7063,2026-01-05 21:43:00,310.3488081702269,0.41700000000000004
7064,2026-01-05 21:44:00,310.878483566733,0.43200000000000005
7065,2026-01-05 21:45:00,311.2304269265576,0.392
7066,2026-01-05 21:46:00,310.041649301405,0.474
7067,2026-01-05 21:47:00,310.6109431049868,0.21
7068,2026-01-05 21:48:00,309.67084102766484,0.31
7069,2026-01-05 21:49:00,310.25293840978316,0.526
7070,2026-01-05 21:50:00,310.63839825968375,0.41100000000000003
7071,2026-01-05 21:51:00,309.04892863736393,0.473
7072,2026-01-05 21:52:00,309.9579812653094,0.526
7073,2026-01-05 21:53:00,309.7439809058877,0.4
7074,2026-01-05 21:54:00,310.35812988465636,0.618
7075,2026-01-05 21:55:00,309.84171867700945,0.244
7076,2026-01-05 21:56:00,309.9977822998818,0.41
7077,2026-01-05 21:57:00,309.47661478260574,0.134
7078,2026-01-05 21:58:00,308.9859209739815,0.305
7079,2026-01-05 21:59:00,310.8224187795853,0.327
7080,2026-01-05 22:00:00,310.38859320612653,0.341
7081,2026-01-05 22:01:00,309.70549661477185,0.401
7082,2026-01-05 22:02:00,309.8456863012077,0.51
7083,2026-01-05 22:03:00,310.1837495785403,0.359
7084,2026-01-05 22:04:00,310.6233490977074,0.507
7085,2026-01-05 22:05:00,309.52188224299124,0.45899999999999996
7086,2026-01-05 22:06:00,310.2199326629893,0.499
7087,2026-01-05 22:07:00,310.6037468183937,0.478
7088,2026-01-05 22:08:00,309.4436307051695,0.523
7089,2026-01-05 22:09:00,308.7445302716676,0.326
7090,2026-01-05 22:10:00,309.66799161591194,0.441
7091,2026-01-05 22:11:00,309.9993174950164,0.32799999999999996
7092,2026-01-05 22:12:00,310.75905936812114,0.228
7093,2026-01-05 22:13:00,310.7493225230197,0.42200000000000004
7094,2026-01-05 22:14:00,310.35278011222334,0.301
7095,2026-01-05 22:15:00,310.6985016734647,0.431
7096,2026-01-05 22:16:00,310.6260689588512,0.342
7097,2026-01-05 22:17:00,310.36919502104524,0.39
7098,2026-01-05 22:18:00,310.7043252707678,0.41200000000000003
7099,2026-01-05 22:19:00,311.3121729042885,0.358
7100,2026-01-05 22:20:00,310.47370976733544,0.405
7101,2026-01-05 22:21:00,310.2910638089698,0.36
7102,2026-01-05 22:22:00,310.41289429992815,0.39399999999999996
7103,2026-01-05 22:23:00,310.57149048606544,0.47
7104,2026-01-05 22:24:00,310.383025763036,0.327
7105,2026-01-05 22:25:00,310.56145328067026,0.43799999999999994
7106,2026-01-05 22:26:00,310.4122569517918,0.536
7107,2026-01-05 22:27:00,310.41447986166554,0.332
7108,2026-01-05 22:28:00,310.1364615973414,0.401
7109,2026-01-05 22:29:00,311.12586749718974,0.359
7110,2026-01-05 22:30:00,309.56357463010016,0.444
7111,2026-01-05 22:31:00,311.044740121562,0.161
7112,2026-01-05 22:32:00,310.71229226347896,0.447
7113,2026-01-05 22:33:00,310.5153468801774,0.278
7114,2026-01-05 22:34:00,310.0820898826511,0.40399999999999997
7115,2026-01-05 22:35:00,308.88853286876065,0.245
7116,2026-01-05 22:36:00,309.87230328010725,0.5660000000000001
7117,2026-01-05 22:37:00,308.76431061318834,0.33899999999999997
7118,2026-01-05 22:38:00,310.45688557116785,0.5379999999999999
7119,2026-01-05 22:39:00,309.9606527896603,0.369
7120,2026-01-05 22:40:00,309.75982146971035,0.31
7121,2026-01-05 22:41:00,310.42019391606686,0.488
7122,2026-01-05 22:42:00,310.2262467703465,0.444
7123,2026-01-05 22:43:00,309.4451769935367,0.479
7124,2026-01-05 22:44:00,309.5940157992622,0.413
7125,2026-01-05 22:45:00,309.50218172688704,0.502
7126,2026-01-05 22:46:00,310.29542842308217,0.483
7127,2026-01-05 22:47:00,310.0805100431678,0.637
7128,2026-01-05 22:48:00,309.66453513243255,0.41200000000000003
7129,2026-01-05 22:49:00,309.9086835500893,0.5
7130,2026-01-05 22:50:00,310.21104794341284,0.423
7131,2026-01-05 22:51:00,310.0665590565782,0.465
7132,2026-01-05 22:52:00,310.18817676972367,0.444
7133,2026-01-05 22:53:00,310.1046663158354,0.415
7134,2026-01-05 22:54:00,309.3509961513496,0.308
7135,2026-01-05 22:55:00,309.429256656683,0.40299999999999997
7136,2026-01-05 22:56:00,310.0975273813741,0.445
7137,2026-01-05 22:57:00,309.5924134620911,0.318
7138,2026-01-05 22:58:00,309.81546687121516,0.41200000000000003
7139,2026-01-05 22:59:00,309.92923360702787,0.408
7140,2026-01-05 23:00:00,310.2095602819974,0.418
7141,2026-01-05 23:01:00,310.2045171408056,0.493
7142,2026-01-05 23:02:00,309.20795049421514,0.22899999999999998
7143,2026-01-05 23:03:00,310.23628280667793,0.364
7144,2026-01-05 23:04:00,311.49592487917823,0.473
7145,2026-01-05 23:05:00,309.73598720960206,0.39899999999999997
7146,2026-01-05 23:06:00,309.75742865970926,0.312
7147,2026-01-05 23:07:00,309.6407413610586,0.307
7148,2026-01-05 23:08:00,309.5304543729113,0.401
7149,2026-01-05 23:09:00,310.33443298845464,0.536
7150,2026-01-05 23:10:00,309.50122054259737,0.41700000000000004
7151,2026-01-05 23:11:00,309.8519620794034,0.405
7152,2026-01-05 23:12:00,310.32925831258945,0.429
7153,2026-01-05 23:13:00,310.65467817887543,0.439
7154,2026-01-05 23:14:00,310.2839762498806,0.39299999999999996
7155,2026-01-05 23:15:00,308.69401256493444,0.44
7156,2026-01-05 23:16:00,309.85277250489975,0.479
7157,2026-01-05 23:17:00,310.30894335299286,0.447
7158,2026-01-05 23:18:00,310.0723242273335,0.603
7159,2026-01-05 23:19:00,310.49919911504026,0.295
7160,2026-01-05 23:20:00,309.9496576791895,0.523
7161,2026-01-05 23:21:00,309.74986975544186,0.395
7162,2026-01-05 23:22:00,310.7099795587692,0.515
7163,2026-01-05 23:23:00,310.46251082185927,0.466
7164,2026-01-05 23:24:00,310.7056280753705,0.308
7165,2026-01-05 23:25:00,310.3230424356177,0.485
7166,2026-01-05 23:26:00,310.46834848205754,0.435
7167,2026-01-05 23:27:00,310.3578334548165,0.316
7168,2026-01-05 23:28:00,309.47277057939095,0.496
7169,2026-01-05 23:29:00,310.94779670106806,0.315
7170,2026-01-05 23:30:00,310.09242635349926,0.423
7171,2026-01-05 23:31:00,310.58869650305917,0.303
7172,2026-01-05 23:32:00,310.8895611144424,0.521
7173,2026-01-05 23:33:00,310.5321985276251,0.168
7174,2026-01-05 23:34:00,310.3242392377303,0.509
7175,2026-01-05 23:35:00,310.67841955394834,0.361
7176,2026-01-05 23:36:00,310.25977115451735,0.292
7177,2026-01-05 23:37:00,309.74786941568306,0.314
7178,2026-01-05 23:38:00,311.56811232658333,0.5429999999999999
7179,2026-01-05 23:39:00,310.2888316862457,0.568
7180,2026-01-05 23:40:00,309.7630508931669,0.46299999999999997
7181,2026-01-05 23:41:00,309.868097219471,0.46299999999999997
7182,2026-01-05 23:42:00,310.52005808210026,0.341
7183,2026-01-05 23:43:00,309.32686008502395,0.43799999999999994
7184,2026-01-05 23:44:00,310.58587711266694,0.647
7185,2026-01-05 23:45:00,310.16790624315234,0.526
7186,2026-01-05 23:46:00,309.18804937707756,0.493
7187,2026-01-05 23:47:00,310.7276213293143,0.42700000000000005
7188,2026-01-05 23:48:00,309.2837935233507,0.418
7189,2026-01-05 23:49:00,309.7021658657488,0.345
7190,2026-01-05 23:50:00,309.4358267326086,0.414
7191,2026-01-05 23:51:00,309.9110387093139,0.33399999999999996
7192,2026-01-05 23:52:00,309.7697103859835,0.406
7193,2026-01-05 23:53:00,309.99583421975484,0.619
7194,2026-01-05 23:54:00,309.7235846093129,0.48
7195,2026-01-05 23:55:00,309.7168138783142,0.41700000000000004
7196,2026-01-05 23:56:00,310.111204643181,0.396
7197,2026-01-05 23:57:00,309.08004162518114,0.519
7198,2026-01-05 23:58:00,309.99710685326494,0.344
7199,2026-01-05 23:59:00,309.89487419690107,0.29100000000000004
7200,2026-01-06 00:00:00,309.2790006854049,0.342
7201,2026-01-06 00:01:00,309.31410413154833,0.502
7202,2026-01-06 00:02:00,309.86672923384725,0.40299999999999997
7203,2026-01-06 00:03:00,309.970035802654,0.285
7204,2026-01-06 00:04:00,310.2321463558784,0.452
7205,2026-01-06 00:05:00,309.7568540321023,0.41200000000000003
7206,2026-01-06 00:06:00,310.2048838683348,0.47700000000000004
7207,2026-01-06 00:07:00,309.3039545986221,0.281
7208,2026-01-06 00:08:00,310.2665955080941,0.282
7209,2026-01-06 00:09:00,310.3159832027326,0.48700000000000004
7210,2026-01-06 00:10:00,309.1481247074861,0.377
7211,2026-01-06 00:11:00,309.5368360182187,0.426
7212,2026-01-06 00:12:00,308.8421861045958,0.496
7213,2026-01-06 00:13:00,310.13499372517487,0.617
7214,2026-01-06 00:14:00,309.05379797274384,0.516
7215,2026-01-06 00:15:00,309.450766506615,0.31
7216,2026-01-06 00:16:00,309.5766082380422,0.218
7217,2026-01-06 00:17:00,310.153104283135,0.513
7218,2026-01-06 00:18:00,309.515449501945,0.271
7219,2026-01-06 00:19:00,309.9217841943001,0.474
7220,2026-01-06 00:20:00,310.26998330880105,0.33399999999999996
7221,2026-01-06 00:21:00,309.55948388729144,0.39399999999999996
7222,2026-01-06 00:22:00,309.5158388789282,0.366
7223,2026-01-06 00:23:00,309.7674493134562,0.42100000000000004
7224,2026-01-06 00:24:00,309.7963347112943,0.45899999999999996
7225,2026-01-06 00:25:00,310.03503219607313,0.48100000000000004
7226,2026-01-06 00:26:00,310.90521165493465,0.5379999999999999
7227,2026-01-06 00:27:00,309.9675967333579,0.371
7228,2026-01-06 00:28:00,309.9718950216872,0.337
7229,2026-01-06 00:29:00,310.15692311630096,0.36
7230,2026-01-06 00:30:00,309.9571471310676,0.42
7231,2026-01-06 00:31:00,310.0108231668394,0.563
7232,2026-01-06 00:32:00,309.69652313455873,0.42100000000000004
7233,2026-01-06 00:33:00,309.4930190601703,0.514
7234,2026-01-06 00:34:00,310.1753331386982,0.512
7235,2026-01-06 00:35:00,310.52771173695146,0.26899999999999996
7236,2026-01-06 00:36:00,310.61729390411745,0.34600000000000003
7237,2026-01-06 00:37:00,309.5213845292884,0.29100000000000004
7238,2026-01-06 00:38:00,311.06493310185675,0.535
7239,2026-01-06 00:39:00,310.35274439676965,0.28
7240,2026-01-06 00:40:00,310.56714489307615,0.447
7241,2026-01-06 00:41:00,309.6753274194734,0.42
7242,2026-01-06 00:42:00,310.5860957423805,0.401
7243,2026-01-06 00:43:00,311.0847588694796,0.429
7244,2026-01-06 00:44:00,310.1487303003932,0.391
7245,2026-01-06 00:45:00,310.33390247020384,0.375
7246,2026-01-06 00:46:00,310.27983751632894,0.294
7247,2026-01-06 00:47:00,311.99961956926035,0.425
7248,2026-01-06 00:48:00,310.7087613603153,0.418
7249,2026-01-06 00:49:00,310.09185958464025,0.259
7250,2026-01-06 00:50:00,310.63202167540095,0.43
7251,2026-01-06 00:51:00,310.52009092172176,0.145
7252,2026-01-06 00:52:00,311.16112119602167,0.251
7253,2026-01-06 00:53:00,310.52481738000444,0.35600000000000004
7254,2026-01-06 00:54:00,310.44123838040207,0.469
7255,2026-01-06 00:55:00,310.8575185061165,0.449
7256,2026-01-06 00:56:00,310.39127326218266,0.48700000000000004
7257,2026-01-06 00:57:00,309.8397853289346,0.32799999999999996
7258,2026-01-06 00:58:00,311.17851595097795,0.267
7259,2026-01-06 00:59:00,310.9620892002392,0.36200000000000004
7260,2026-01-06 01:00:00,311.15247384282173,0.33399999999999996
7261,2026-01-06 01:01:00,309.4496418248089,0.258
7262,2026-01-06 01:02:00,311.0649239766147,0.49700000000000005
7263,2026-01-06 01:03:00,310.58122866464845,0.595
7264,2026-01-06 01:04:00,309.6804170106304,0.292
7265,2026-01-06 01:05:00,309.66896240143575,0.381
7266,2026-01-06 01:06:00,311.0872569063641,0.387
7267,2026-01-06 01:07:00,309.5270449381909,0.488
7268,2026-01-06 01:08:00,310.0598200097101,0.542
7269,2026-01-06 01:09:00,310.0924385905495,0.287
7270,2026-01-06 01:10:00,310.482068049931,0.409
7271,2026-01-06 01:11:00,310.4160302729836,0.696
7272,2026-01-06 01:12:00,310.15786821848087,0.297
7273,2026-01-06 01:13:00,309.5643486194364,0.364
7274,2026-01-06 01:14:00,310.7492421069432,0.5870000000000001
7275,2026-01-06 01:15:00,310.0365360451974,0.5710000000000001
7276,2026-01-06 01:16:00,311.1069336176078,0.617
7277,2026-01-06 01:17:00,310.7892581468135,0.371
7278,2026-01-06 01:18:00,310.683597723585,0.35700000000000004
7279,2026-01-06 01:19:00,310.95782468801036,0.20800000000000002
7280,2026-01-06 01:20:00,310.19840638558134,0.5379999999999999
7281,2026-01-06 01:21:00,309.88873556820147,0.244
7282,2026-01-06 01:22:00,310.4600355902236,0.467
7283,2026-01-06 01:23:00,310.2802990505143,0.381
7284,2026-01-06 01:24:00,311.44588128933714,0.292
7285,2026-01-06 01:25:00,311.2867129450088,0.243
7286,2026-01-06 01:26:00,310.2511201595197,0.574
7287,2026-01-06 01:27:00,310.87792112107087,0.21899999999999997
7288,2026-01-06 01:28:00,310.46942151816216,0.39799999999999996
7289,2026-01-06 01:29:00,310.2859354165815,0.36
7290,2026-01-06 01:30:00,310.5597178397182,0.509
7291,2026-01-06 01:31:00,310.8654649294274,0.423
7292,2026-01-06 01:32:00,310.7639203913701,0.39399999999999996
7293,2026-01-06 01:33:00,310.0850460075598,0.442
7294,2026-01-06 01:34:00,310.2686528252956,0.45399999999999996
7295,2026-01-06 01:35:00,310.9759029944022,0.44299999999999995
7296,2026-01-06 01:36:00,310.08839846559664,0.257
7297,2026-01-06 01:37:00,310.5867748384004,0.45799999999999996
7298,2026-01-06 01:38:00,311.01375962060723,0.521
7299,2026-01-06 01:39:00,309.9217354370441,0.491
7300,2026-01-06 01:40:00,310.0768506532463,0.449
7301,2026-01-06 01:41:00,310.2913668812913,0.335
7302,2026-01-06 01:42:00,310.4725499658562,0.36700000000000005
7303,2026-01-06 01:43:00,310.85202753062583,0.524
7304,2026-01-06 01:44:00,310.6509671985407,0.384
7305,2026-01-06 01:45:00,310.47951747159703,0.5329999999999999
7306,2026-01-06 01:46:00,310.3820511476598,0.5
7307,2026-01-06 01:47:00,310.7109504010475,0.47
7308,2026-01-06 01:48:00,310.12867642404257,0.29100000000000004
7309,2026-01-06 01:49:00,310.1011422527474,0.439
7310,2026-01-06 01:50:00,310.11893371438356,0.327
7311,2026-01-06 01:51:00,309.7167312938308,0.49700000000000005
7312,2026-01-06 01:52:00,310.0300445515597,0.235
7313,2026-01-06 01:53:00,311.08227782696287,0.33299999999999996
7314,2026-01-06 01:54:00,310.5014323713794,0.46299999999999997
7315,2026-01-06 01:55:00,310.5403219427557,0.266
7316,2026-01-06 01:56:00,311.5068753276361,0.457
7317,2026-01-06 01:57:00,310.14602710025076,0.529
7318,2026-01-06 01:58:00,310.7717018043021,0.39399999999999996
7319,2026-01-06 01:59:00,310.91069595571395,0.42200000000000004
7320,2026-01-06 02:00:00,310.35649011668124,0.34299999999999997
7321,2026-01-06 02:01:00,310.04814330008554,0.366
7322,2026-01-06 02:02:00,310.11748711196213,0.342
7323,2026-01-06 02:03:00,310.3072473680448,0.237
7324,2026-01-06 02:04:00,309.45513730178544,0.5329999999999999
7325,2026-01-06 02:05:00,310.7316942474254,0.303
7326,2026-01-06 02:06:00,310.69062759119265,0.499
7327,2026-01-06 02:07:00,310.7075298502476,0.428
7328,2026-01-06 02:08:00,311.84636284215355,0.32799999999999996
7329,2026-01-06 02:09:00,310.1683820341475,0.38799999999999996
7330,2026-01-06 02:10:00,310.1768018590405,0.364
7331,2026-01-06 02:11:00,310.7829410511646,0.466
7332,2026-01-06 02:12:00,310.24789567492195,0.377
7333,2026-01-06 02:13:00,310.9842958433135,0.345
7334,2026-01-06 02:14:00,310.439251330085,0.48
7335,2026-01-06 02:15:00,311.06152545241036,0.498
7336,2026-01-06 02:16:00,310.2659679021356,0.605
7337,2026-01-06 02:17:00,310.34918660208007,0.47
7338,2026-01-06 02:18:00,309.68489996094024,0.366
7339,2026-01-06 02:19:00,310.8443267884551,0.40399999999999997
7340,2026-01-06 02:20:00,310.237135585229,0.365
7341,2026-01-06 02:21:00,310.6860674801933,0.395
7342,2026-01-06 02:22:00,309.23127982416713,0.434
7343,2026-01-06 02:23:00,310.2026824378361,0.428
7344,2026-01-06 02:24:00,310.6654058110397,0.304
7345,2026-01-06 02:25:00,309.86174978379347,0.47700000000000004
7346,2026-01-06 02:26:00,310.6555752418609,0.341
7347,2026-01-06 02:27:00,309.47912011739345,0.512
7348,2026-01-06 02:28:00,309.6566615274966,0.429
7349,2026-01-06 02:29:00,310.76870322641366,0.315
7350,2026-01-06 02:30:00,310.8529989210453,0.43200000000000005
7351,2026-01-06 02:31:00,310.60859376357985,0.35200000000000004
7352,2026-01-06 02:32:00,311.11091979047205,0.385
7353,2026-01-06 02:33:00,310.37416574848953,0.35100000000000003
7354,2026-01-06 02:34:00,310.2154067848543,0.489
7355,2026-01-06 02:35:00,309.40834828663793,0.517
7356,2026-01-06 02:36:00,310.4976967189176,0.204
7357,2026-01-06 02:37:00,309.8660313787126,0.368
7358,2026-01-06 02:38:00,309.78951874343596,0.611
7359,2026-01-06 02:39:00,309.78599089947596,0.3
7360,2026-01-06 02:40:00,310.55291896595236,0.29600000000000004
7361,2026-01-06 02:41:00,309.71329314054566,0.461
7362,2026-01-06 02:42:00,310.8106042183288,0.44
7363,2026-01-06 02:43:00,310.37092170539387,0.42700000000000005
7364,2026-01-06 02:44:00,310.2218529573213,0.38
7365,2026-01-06 02:45:00,310.8917885022778,0.504
7366,2026-01-06 02:46:00,309.63794698151486,0.406
7367,2026-01-06 02:47:00,309.81053252346186,0.431
7368,2026-01-06 02:48:00,309.4235748598441,0.527
7369,2026-01-06 02:49:00,310.06215448556617,0.524
7370,2026-01-06 02:50:00,310.8022894758953,0.48700000000000004
7371,2026-01-06 02:51:00,310.43000261713604,0.248
7372,2026-01-06 02:52:00,310.68192225348844,0.431
7373,2026-01-06 02:53:00,310.9600018947326,0.28300000000000003
7374,2026-01-06 02:54:00,310.1764771755011,0.445
7375,2026-01-06 02:55:00,310.49369268588356,0.36200000000000004
7376,2026-01-06 02:56:00,309.6055032337621,0.539
7377,2026-01-06 02:57:00,310.595119454316,0.318
7378,2026-01-06 02:58:00,310.7225197602904,0.446
7379,2026-01-06 02:59:00,310.3847111825171,0.313
7380,2026-01-06 03:00:00,309.78596932865855,0.325
7381,2026-01-06 03:01:00,311.1105382426488,0.41200000000000003
7382,2026-01-06 03:02:00,309.8363842053995,0.313
7383,2026-01-06 03:03:00,311.2026597384469,0.39299999999999996
7384,2026-01-06 03:04:00,310.9865415162732,0.354
7385,2026-01-06 03:05:00,311.16433591352154,0.38
7386,2026-01-06 03:06:00,309.82696440182457,0.38
7387,2026-01-06 03:07:00,310.27249627268424,0.35100000000000003
7388,2026-01-06 03:08:00,310.34777982343724,0.261
7389,2026-01-06 03:09:00,311.00298071593204,0.37799999999999995
7390,2026-01-06 03:10:00,312.2233317717809,0.35100000000000003
7391,2026-01-06 03:11:00,311.04747327119264,0.342
7392,2026-01-06 03:12:00,310.67898381667715,0.519
7393,2026-01-06 03:13:00,310.5631383183761,0.435
7394,2026-01-06 03:14:00,311.5529786044717,0.486
7395,2026-01-06 03:15:00,310.91811410510866,0.322
7396,2026-01-06 03:16:00,310.40415110108466,0.35200000000000004
7397,2026-01-06 03:17:00,310.7237858805729,0.40700000000000003
7398,2026-01-06 03:18:00,310.5596850099338,0.47200000000000003
7399,2026-01-06 03:19:00,311.6617479157855,0.511
7400,2026-01-06 03:20:00,311.38931389552965,0.17600000000000002
7401,2026-01-06 03:21:00,310.94930308085446,0.276
7402,2026-01-06 03:22:00,311.3829107211553,0.478
7403,2026-01-06 03:23:00,311.11734828556445,0.336
7404,2026-01-06 03:24:00,310.75521354255585,0.35200000000000004
7405,2026-01-06 03:25:00,310.3686968639245,0.33399999999999996
7406,2026-01-06 03:26:00,311.46585091339585,0.391
7407,2026-01-06 03:27:00,311.0534019790971,0.424
7408,2026-01-06 03:28:00,311.3711737212783,0.41
7409,2026-01-06 03:29:00,311.71603256108637,0.397
7410,2026-01-06 03:30:00,311.8149836560713,0.36200000000000004
7411,2026-01-06 03:31:00,310.45533605259095,0.4
7412,2026-01-06 03:32:00,310.9763320055834,0.485
7413,2026-01-06 03:33:00,310.3923572958772,0.441
7414,2026-01-06 03:34:00,311.76464856949633,0.473
7415,2026-01-06 03:35:00,312.5313760690411,0.298
7416,2026-01-06 03:36:00,312.1604064090624,0.24100000000000002
7417,2026-01-06 03:37:00,311.65930804014596,0.29
7418,2026-01-06 03:38:00,311.77406768368513,0.319
7419,2026-01-06 03:39:00,311.2748707451901,0.233
7420,2026-01-06 03:40:00,311.95003843149607,0.336
7421,2026-01-06 03:41:00,311.25341209613345,0.461
7422,2026-01-06 03:42:00,310.694434919091,0.618
7423,2026-01-06 03:43:00,311.6393143374229,0.431
7424,2026-01-06 03:44:00,311.31746620019106,0.21899999999999997
7425,2026-01-06 03:45:00,310.5350561282156,0.382
7426,2026-01-06 03:46:00,311.62731210331003,0.40700000000000003
7427,2026-01-06 03:47:00,311.11059247552726,0.41200000000000003
7428,2026-01-06 03:48:00,310.68636031700004,0.3
7429,2026-01-06 03:49:00,311.55110198632406,0.275
7430,2026-01-06 03:50:00,311.1500870292469,0.414
7431,2026-01-06 03:51:00,311.5582328863079,0.29600000000000004
7432,2026-01-06 03:52:00,311.06659620946533,0.5479999999999999
7433,2026-01-06 03:53:00,312.2576259303551,0.369
7434,2026-01-06 03:54:00,312.2230209581352,0.379
7435,2026-01-06 03:55:00,312.1735226283043,0.551
7436,2026-01-06 03:56:00,312.1581611654127,0.413
7437,2026-01-06 03:57:00,311.4908229967831,0.51
7438,2026-01-06 03:58:00,311.7217861827215,0.308
7439,2026-01-06 03:59:00,311.7316151960291,0.384
7440,2026-01-06 04:00:00,311.3981650074161,0.45899999999999996
7441,2026-01-06 04:01:00,311.9027850397578,0.41
7442,2026-01-06 04:02:00,310.3834424234603,0.431
7443,2026-01-06 04:03:00,311.6936638631778,0.336
7444,2026-01-06 04:04:00,312.4121934275682,0.47700000000000004
7445,2026-01-06 04:05:00,310.5267840336729,0.473
7446,2026-01-06 04:06:00,311.3351265882954,0.395
7447,2026-01-06 04:07:00,312.11300614893906,0.502
7448,2026-01-06 04:08:00,311.85759989841426,0.366
7449,2026-01-06 04:09:00,311.3745287751089,0.514
7450,2026-01-06 04:10:00,311.16127609774344,0.32
7451,2026-01-06 04:11:00,311.64636533942826,0.41600000000000004
7452,2026-01-06 04:12:00,311.3730120663173,0.28300000000000003
7453,2026-01-06 04:13:00,310.470337032184,0.304
7454,2026-01-06 04:14:00,311.07050995383855,0.469
7455,2026-01-06 04:15:00,311.3335255752445,0.423
7456,2026-01-06 04:16:00,311.99760876927775,0.521
7457,2026-01-06 04:17:00,311.7542793588416,0.23600000000000002
7458,2026-01-06 04:18:00,311.95849686243946,0.41600000000000004
7459,2026-01-06 04:19:00,311.57438733681687,0.377
7460,2026-01-06 04:20:00,312.1394505339489,0.335
7461,2026-01-06 04:21:00,311.73218935876855,0.546
7462,2026-01-06 04:22:00,311.24293878459713,0.5329999999999999
7463,2026-01-06 04:23:00,311.59913726697897,0.325
7464,2026-01-06 04:24:00,311.5576125711377,0.628
7465,2026-01-06 04:25:00,312.49570145497177,0.223
7466,2026-01-06 04:26:00,310.93134499164063,0.534
7467,2026-01-06 04:27:00,311.4474879436319,0.418
7468,2026-01-06 04:28:00,311.375819329821,0.402
7469,2026-01-06 04:29:00,311.5590735654388,0.395
7470,2026-01-06 04:30:00,311.61908132731,0.341
7471,2026-01-06 04:31:00,311.5707207831863,0.353
7472,2026-01-06 04:32:00,311.7611378391375,0.361
7473,2026-01-06 04:33:00,311.96996591883794,0.475
7474,2026-01-06 04:34:00,311.63721889433685,0.28800000000000003
7475,2026-01-06 04:35:00,311.46502284972405,0.534
7476,2026-01-06 04:36:00,311.7050589365438,0.38799999999999996
7477,2026-01-06 04:37:00,310.9540999418492,0.318
7478,2026-01-06 04:38:00,312.1836412825115,0.336
7479,2026-01-06 04:39:00,311.7667661386192,0.435
7480,2026-01-06 04:40:00,311.40652624215124,0.28
7481,2026-01-06 04:41:00,311.7820780199131,0.3
7482,2026-01-06 04:42:00,311.54755816676374,0.579
7483,2026-01-06 04:43:00,311.87793675430663,0.514
7484,2026-01-06 04:44:00,311.20759040972763,0.542
7485,2026-01-06 04:45:00,312.23291435276553,0.48200000000000004
7486,2026-01-06 04:46:00,311.9733540210936,0.34
7487,2026-01-06 04:47:00,311.57073240435415,0.445
7488,2026-01-06 04:48:00,311.6971922834293,0.451
7489,2026-01-06 04:49:00,312.2059083958911,0.285
7490,2026-01-06 04:50:00,311.57304708243265,0.263
7491,2026-01-06 04:51:00,311.13811347851737,0.514
7492,2026-01-06 04:52:00,311.6769750211342,0.308
7493,2026-01-06 04:53:00,312.23517709295567,0.299
7494,2026-01-06 04:54:00,312.5040280646648,0.289
7495,2026-01-06 04:55:00,311.7525037040668,0.42
7496,2026-01-06 04:56:00,312.0180933599175,0.39399999999999996
7497,2026-01-06 04:57:00,311.6428374440318,0.418
7498,2026-01-06 04:58:00,311.75231673546347,0.28300000000000003
7499,2026-01-06 04:59:00,311.8101248790002,0.275
7500,2026-01-06 05:00:00,312.4609586413754,0.601
7501,2026-01-06 05:01:00,311.6689018748622,0.389
7502,2026-01-06 05:02:00,311.8567765929475,0.361
7503,2026-01-06 05:03:00,311.8726452492524,0.344
7504,2026-01-06 05:04:00,312.4889681004596,0.149
7505,2026-01-06 05:05:00,312.60715993260607,0.32299999999999995
7506,2026-01-06 05:06:00,312.2021341280724,0.583
7507,2026-01-06 05:07:00,311.66570061849256,0.575
7508,2026-01-06 05:08:00,312.45237999231847,0.473
7509,2026-01-06 05:09:00,311.6215049234874,0.408
7510,2026-01-06 05:10:00,312.18402726097554,0.21
7511,2026-01-06 05:11:00,310.8695685315705,0.355
7512,2026-01-06 05:12:00,311.20612542437925,0.40700000000000003
7513,2026-01-06 05:13:00,311.2442565608472,0.54
7514,2026-01-06 05:14:00,311.20709389131315,0.462
7515,2026-01-06 05:15:00,312.295856002676,0.311
7516,2026-01-06 05:16:00,310.95070028230083,0.491
7517,2026-01-06 05:17:00,310.327080204727,0.314
7518,2026-01-06 05:18:00,311.2365548035011,0.452
7519,2026-01-06 05:19:00,311.2684595242036,0.266
7520,2026-01-06 05:20:00,311.24893010390997,0.35700000000000004
7521,2026-01-06 05:21:00,311.32196776471574,0.39299999999999996
7522,2026-01-06 05:22:00,311.93709064012955,0.5670000000000001
7523,2026-01-06 05:23:00,311.4665276465438,0.321
7524,2026-01-06 05:24:00,311.2097447951461,0.379
7525,2026-01-06 05:25:00,310.97315876272086,0.473
7526,2026-01-06 05:26:00,312.06358092233046,0.317
7527,2026-01-06 05:27:00,311.5549451211867,0.125
7528,2026-01-06 05:28:00,311.9126602478295,0.647
7529,2026-01-06 05:29:00,310.79047484622697,0.385
7530,2026-01-06 05:30:00,311.4622707168068,0.369
7531,2026-01-06 05:31:00,310.7169703312009,0.312
7532,2026-01-06 05:32:00,311.64361162720326,0.409
7533,2026-01-06 05:33:00,311.8732682808714,0.499
7534,2026-01-06 05:34:00,311.6215489338768,0.45
7535,2026-01-06 05:35:00,311.70298286955085,0.442
7536,2026-01-06 05:36:00,311.09872086443636,0.226
7537,2026-01-06 05:37:00,312.05515093094823,0.428
7538,2026-01-06 05:38:00,311.2265172331696,0.409
7539,2026-01-06 05:39:00,311.2382432196748,0.436
7540,2026-01-06 05:40:00,311.2027148918759,0.41600000000000004
7541,2026-01-06 05:41:00,311.2481331309624,0.34299999999999997
7542,2026-01-06 05:42:00,311.3920756648705,0.373
7543,2026-01-06 05:43:00,311.71703551118617,0.40700000000000003
7544,2026-01-06 05:44:00,310.43749629412923,0.396
7545,2026-01-06 05:45:00,311.5625972575982,0.502
7546,2026-01-06 05:46:00,311.04890183036275,0.605
7547,2026-01-06 05:47:00,311.3198349043482,0.37
7548,2026-01-06 05:48:00,311.13429791527483,0.273
7549,2026-01-06 05:49:00,311.7663336498703,0.48100000000000004
7550,2026-01-06 05:50:00,311.98256927452366,0.562
7551,2026-01-06 05:51:00,311.80444251845256,0.5379999999999999
7552,2026-01-06 05:52:00,310.908648361956,0.494
7553,2026-01-06 05:53:00,310.8531888273932,0.5870000000000001
7554,2026-01-06 05:54:00,310.31372084615015,0.23399999999999999
7555,2026-01-06 05:55:00,310.730759802632,0.652
7556,2026-01-06 05:56:00,311.12772586252476,0.256
7557,2026-01-06 05:57:00,311.0585127233988,0.34700000000000003
7558,2026-01-06 05:58:00,310.8046851739101,0.147
7559,2026-01-06 05:59:00,310.7581138272521,0.337
7560,2026-01-06 06:00:00,310.76180589982386,0.718
7561,2026-01-06 06:01:00,311.3723110126795,0.275
7562,2026-01-06 06:02:00,311.03688480877696,0.309
7563,2026-01-06 06:03:00,310.88532159107876,0.28600000000000003
7564,2026-01-06 06:04:00,310.56372414351677,0.371
7565,2026-01-06 06:05:00,310.5808157981506,0.374
7566,2026-01-06 06:06:00,311.82884044698335,0.465
7567,2026-01-06 06:07:00,311.6260772563681,0.442
7568,2026-01-06 06:08:00,311.8626518536628,0.32
7569,2026-01-06 06:09:00,311.37463735256387,0.289
7570,2026-01-06 06:10:00,311.45415982389227,0.568
7571,2026-01-06 06:11:00,311.52082619582717,0.512
7572,2026-01-06 06:12:00,311.264975046172,0.561
7573,2026-01-06 06:13:00,311.0670487251571,0.45299999999999996
7574,2026-01-06 06:14:00,311.27859145150774,0.466
7575,2026-01-06 06:15:00,310.7638335567276,0.373
7576,2026-01-06 06:16:00,311.5876881245546,0.508
7577,2026-01-06 06:17:00,310.78440420873034,0.355
7578,2026-01-06 06:18:00,310.4932431753041,0.541
7579,2026-01-06 06:19:00,311.61757377210654,0.201
7580,2026-01-06 06:20:00,311.3617454382074,0.26
7581,2026-01-06 06:21:00,310.75993023849526,0.461
7582,2026-01-06 06:22:00,310.28859709448864,0.613
7583,2026-01-06 06:23:00,311.3064126681789,0.366
7584,2026-01-06 06:24:00,311.9457194689924,0.675
7585,2026-01-06 06:25:00,311.1662329657079,0.385
7586,2026-01-06 06:26:00,311.34604957462204,0.452
7587,2026-01-06 06:27:00,311.47770007485815,0.37200000000000005
7588,2026-01-06 06:28:00,311.9059278947228,0.18899999999999997
7589,2026-01-06 06:29:00,310.8427039461642,0.426
7590,2026-01-06 06:30:00,310.6912417212552,0.28300000000000003
7591,2026-01-06 06:31:00,310.45030896319815,0.354
7592,2026-01-06 06:32:00,310.8790212385902,0.62
7593,2026-01-06 06:33:00,311.1000518663959,0.287
7594,2026-01-06 06:34:00,311.5173487770821,0.436
7595,2026-01-06 06:35:00,311.9596750050454,0.34600000000000003
7596,2026-01-06 06:36:00,311.5373654128307,0.203
7597,2026-01-06 06:37:00,311.384552570168,0.565
7598,2026-01-06 06:38:00,311.2559779523637,0.41100000000000003
7599,2026-01-06 06:39:00,311.83934388081843,0.271
7600,2026-01-06 06:40:00,310.59573459839595,0.418
7601,2026-01-06 06:41:00,312.3027290497591,0.434
7602,2026-01-06 06:42:00,312.031538246297,0.327
7603,2026-01-06 06:43:00,311.6247335145413,0.276
7604,2026-01-06 06:44:00,311.96545334563973,0.46299999999999997
7605,2026-01-06 06:45:00,311.44637823665664,0.475
7606,2026-01-06 06:46:00,310.7405206961447,0.47
7607,2026-01-06 06:47:00,311.34978447508564,0.40399999999999997
7608,2026-01-06 06:48:00,311.21859951523913,0.45299999999999996
7609,2026-01-06 06:49:00,310.8643061469638,0.514
7610,2026-01-06 06:50:00,312.06942172009605,0.47
7611,2026-01-06 06:51:00,310.712636953265,0.369
7612,2026-01-06 06:52:00,312.1442946564083,0.384
7613,2026-01-06 06:53:00,311.9309077427082,0.315
7614,2026-01-06 06:54:00,311.8724146531903,0.299
7615,2026-01-06 06:55:00,312.35107303829517,0.455
7616,2026-01-06 06:56:00,311.17965701818247,0.349
7617,2026-01-06 06:57:00,312.2250618988759,0.535
7618,2026-01-06 06:58:00,312.48708413622285,0.44799999999999995
7619,2026-01-06 06:59:00,311.1234447561793,0.327
7620,2026-01-06 07:00:00,311.62936707168313,0.64
7621,2026-01-06 07:01:00,311.90084253318713,0.377
7622,2026-01-06 07:02:00,311.31924800135914,0.493
7623,2026-01-06 07:03:00,311.6451991516471,0.268
7624,2026-01-06 07:04:00,311.2267722518434,0.446
7625,2026-01-06 07:05:00,311.82301266063774,0.40700000000000003
7626,2026-01-06 07:06:00,310.72810068328084,0.385
7627,2026-01-06 07:07:00,311.4376589971956,0.297
7628,2026-01-06 07:08:00,311.5289437388891,0.524
7629,2026-01-06 07:09:00,310.49848335755627,0.359
7630,2026-01-06 07:10:00,310.5288537756667,0.418
7631,2026-01-06 07:11:00,311.43318472136764,0.35100000000000003
7632,2026-01-06 07:12:00,311.9078262087743,0.573
7633,2026-01-06 07:13:00,310.3372420464049,0.317
7634,2026-01-06 07:14:00,310.99645660476983,0.507
7635,2026-01-06 07:15:00,311.46817839783785,0.446
7636,2026-01-06 07:16:00,311.28084738037643,0.293
7637,2026-01-06 07:17:00,311.0786860939903,0.239
7638,2026-01-06 07:18:00,311.89053369416,0.317
7639,2026-01-06 07:19:00,311.11326138910204,0.28800000000000003
7640,2026-01-06 07:20:00,311.33640449487746,0.29
7641,2026-01-06 07:21:00,311.4498085577528,0.5770000000000001
7642,2026-01-06 07:22:00,312.1280104092121,0.326
7643,2026-01-06 07:23:00,310.97842486016856,0.511
7644,2026-01-06 07:24:00,311.0212796483944,0.446
7645,2026-01-06 07:25:00,310.68610875352454,0.415
7646,2026-01-06 07:26:00,311.4541644012464,0.325
7647,2026-01-06 07:27:00,311.8666611755533,0.478
7648,2026-01-06 07:28:00,310.71913750278327,0.3
7649,2026-01-06 07:29:00,311.6259240409904,0.5539999999999999
7650,2026-01-06 07:30:00,311.5946265040306,0.424
7651,2026-01-06 07:31:00,311.0416748535479,0.529
7652,2026-01-06 07:32:00,310.8873782484392,0.325
7653,2026-01-06 07:33:00,311.4772519773283,0.304
7654,2026-01-06 07:34:00,312.41409226075467,0.5479999999999999
7655,2026-01-06 07:35:00,310.84234719783035,0.503
7656,2026-01-06 07:36:00,310.97774293817537,0.405
7657,2026-01-06 07:37:00,311.8941538146057,0.508
7658,2026-01-06 07:38:00,311.9360826001939,0.439
7659,2026-01-06 07:39:00,311.71686415457543,0.37
7660,2026-01-06 07:40:00,311.208847956743,0.584
7661,2026-01-06 07:41:00,311.9548167957029,0.376
7662,2026-01-06 07:42:00,312.1406167186985,0.511
7663,2026-01-06 07:43:00,311.10703080202944,0.172
7664,2026-01-06 07:44:00,311.9238872101133,0.391
7665,2026-01-06 07:45:00,311.0150594111454,0.47200000000000003
7666,2026-01-06 07:46:00,311.03413683695914,0.45399999999999996
7667,2026-01-06 07:47:00,311.8979349523065,0.491
7668,2026-01-06 07:48:00,312.73166113479004,0.526
7669,2026-01-06 07:49:00,311.56019188247495,0.521
7670,2026-01-06 07:50:00,311.9522530168991,0.324
7671,2026-01-06 07:51:00,312.66283810265924,0.43700000000000006
7672,2026-01-06 07:52:00,311.5775654222763,0.43700000000000006
7673,2026-01-06 07:53:00,311.18347675087927,0.491
7674,2026-01-06 07:54:00,310.96527571126626,0.435
7675,2026-01-06 07:55:00,311.68627212023443,0.424
7676,2026-01-06 07:56:00,312.44653272688623,0.435
7677,2026-01-06 07:57:00,311.52365205511757,0.369
7678,2026-01-06 07:58:00,311.1851564064971,0.18899999999999997
7679,2026-01-06 07:59:00,311.24054841475083,0.39799999999999996
7680,2026-01-06 08:00:00,311.0079712656496,0.392
7681,2026-01-06 08:01:00,312.4672591569929,0.365
7682,2026-01-06 08:02:00,311.36440845328286,0.561
7683,2026-01-06 08:03:00,311.5272261987072,0.36200000000000004
7684,2026-01-06 08:04:00,311.3147663123267,0.214
7685,2026-01-06 08:05:00,311.87952917500445,0.36700000000000005
7686,2026-01-06 08:06:00,311.476871234528,0.47700000000000004
7687,2026-01-06 08:07:00,312.1786858943992,0.602
7688,2026-01-06 08:08:00,312.05145840113437,0.451
7689,2026-01-06 08:09:00,311.234079472801,0.386
7690,2026-01-06 08:10:00,311.2196684116757,0.406
7691,2026-01-06 08:11:00,311.47522694495393,0.625
7692,2026-01-06 08:12:00,312.5166074877239,0.387
7693,2026-01-06 08:13:00,312.78193647308296,0.308
7694,2026-01-06 08:14:00,312.53578548948093,0.23600000000000002
7695,2026-01-06 08:15:00,311.8735921899839,0.318
7696,2026-01-06 08:16:00,311.92624615695337,0.49700000000000005
7697,2026-01-06 08:17:00,311.2111247185278,0.312
7698,2026-01-06 08:18:00,311.86701253646754,0.275
7699,2026-01-06 08:19:00,311.308866129027,0.32299999999999995
7700,2026-01-06 08:20:00,311.32100044779014,0.415
7701,2026-01-06 08:21:00,311.5189243958258,0.519
7702,2026-01-06 08:22:00,311.83091152492415,0.555
7703,2026-01-06 08:23:00,311.57666045454005,0.376
7704,2026-01-06 08:24:00,311.0191876512905,0.188
7705,2026-01-06 08:25:00,311.4652447854347,0.43
7706,2026-01-06 08:26:00,311.93267916409314,0.496
7707,2026-01-06 08:27:00,311.4250493134876,0.48200000000000004
7708,2026-01-06 08:28:00,311.49136381895636,0.53
7709,2026-01-06 08:29:00,312.5485916373516,0.446
7710,2026-01-06 08:30:00,311.0505517736377,0.33299999999999996
7711,2026-01-06 08:31:00,311.41279493459973,0.41700000000000004
7712,2026-01-06 08:32:00,311.8751299665275,0.424
7713,2026-01-06 08:33:00,312.0012583123547,0.547
7714,2026-01-06 08:34:00,310.9054038577425,0.302
7715,2026-01-06 08:35:00,312.1623483455575,0.414
7716,2026-01-06 08:36:00,311.8024296348313,0.26899999999999996
7717,2026-01-06 08:37:00,312.09610491182,0.29
7718,2026-01-06 08:38:00,312.8097495295051,0.309
7719,2026-01-06 08:39:00,311.5398639771812,0.47
7720,2026-01-06 08:40:00,312.45322296682184,0.5920000000000001
7721,2026-01-06 08:41:00,312.42173282165356,0.442
7722,2026-01-06 08:42:00,312.6311529035743,0.301
7723,2026-01-06 08:43:00,311.773021269986,0.42700000000000005
7724,2026-01-06 08:44:00,311.8666169271021,0.409
7725,2026-01-06 08:45:00,311.50526338460776,0.294
7726,2026-01-06 08:46:00,312.0663728383802,0.551
7727,2026-01-06 08:47:00,311.97100946875224,0.469
7728,2026-01-06 08:48:00,311.88074181727495,0.193
7729,2026-01-06 08:49:00,312.1065125196861,0.608
7730,2026-01-06 08:50:00,311.4670179067061,0.311
7731,2026-01-06 08:51:00,311.46420370583616,0.451
7732,2026-01-06 08:52:00,312.3385921886714,0.39
7733,2026-01-06 08:53:00,312.0348229293713,0.579
7734,2026-01-06 08:54:00,311.2955123074581,0.284
7735,2026-01-06 08:55:00,311.0415116920555,0.595
7736,2026-01-06 08:56:00,312.212978295873,0.396
7737,2026-01-06 08:57:00,310.7425379935153,0.45399999999999996
7738,2026-01-06 08:58:00,312.542878969275,0.5529999999999999
7739,2026-01-06 08:59:00,312.50355229434473,0.474
7740,2026-01-06 09:00:00,311.71178912041256,0.33
7741,2026-01-06 09:01:00,312.7947023450944,0.512
7742,2026-01-06 09:02:00,312.61802298579596,0.426
7743,2026-01-06 09:03:00,311.15793773882814,0.242
7744,2026-01-06 09:04:00,312.1732246619012,0.42
7745,2026-01-06 09:05:00,311.7299980417196,0.39899999999999997
7746,2026-01-06 09:06:00,311.709006173139,0.47600000000000003
7747,2026-01-06 09:07:00,312.048327349442,0.579
7748,2026-01-06 09:08:00,311.64962946712865,0.28300000000000003
7749,2026-01-06 09:09:00,311.42000531022023,0.308
7750,2026-01-06 09:10:00,311.20631384813487,0.5920000000000001
7751,2026-01-06 09:11:00,311.97341739843284,0.33
7752,2026-01-06 09:12:00,311.66028308325724,0.308
7753,2026-01-06 09:13:00,311.9790614900899,0.43799999999999994
7754,2026-01-06 09:14:00,311.84842476517224,0.7659999999999999
7755,2026-01-06 09:15:00,312.149193605729,0.387
7756,2026-01-06 09:16:00,312.5597971912539,0.562
7757,2026-01-06 09:17:00,311.20596401456623,0.527
7758,2026-01-06 09:18:00,311.0293891642109,0.546
7759,2026-01-06 09:19:00,311.32982202107206,0.209
7760,2026-01-06 09:20:00,311.7997744519154,0.389
7761,2026-01-06 09:21:00,311.28994633473354,0.322
7762,2026-01-06 09:22:00,311.75436595342853,0.295
7763,2026-01-06 09:23:00,311.5884098129816,0.41
7764,2026-01-06 09:24:00,311.4605989027895,0.248
7765,2026-01-06 09:25:00,311.2474324628663,0.319
7766,2026-01-06 09:26:00,311.7718029111174,0.336
7767,2026-01-06 09:27:00,311.7782004790491,0.473
7768,2026-01-06 09:28:00,311.5733729859451,0.256
7769,2026-01-06 09:29:00,311.2555811086,0.39
7770,2026-01-06 09:30:00,311.7982285866062,0.268
7771,2026-01-06 09:31:00,311.6013920976442,0.235
7772,2026-01-06 09:32:00,312.0130935067263,0.4
7773,2026-01-06 09:33:00,311.87378303398685,0.364
7774,2026-01-06 09:34:00,311.6990820095376,0.28800000000000003
7775,2026-01-06 09:35:00,310.6093466435206,0.601
7776,2026-01-06 09:36:00,311.06021652537004,0.42100000000000004
7777,2026-01-06 09:37:00,311.9751712773846,0.462
7778,2026-01-06 09:38:00,312.5322101098411,0.475
7779,2026-01-06 09:39:00,311.2584245821566,0.409
7780,2026-01-06 09:40:00,311.4571140332127,0.385
7781,2026-01-06 09:41:00,310.6324106970351,0.293
7782,2026-01-06 09:42:00,310.7641400542661,0.47700000000000004
7783,2026-01-06 09:43:00,311.8911380014253,0.40399999999999997
7784,2026-01-06 09:44:00,311.266571968876,0.408
7785,2026-01-06 09:45:00,311.8392786269724,0.5579999999999999
7786,2026-01-06 09:46:00,311.7518527294927,0.29600000000000004
7787,2026-01-06 09:47:00,310.7855873456879,0.524
7788,2026-01-06 09:48:00,311.10734591187713,0.39
7789,2026-01-06 09:49:00,312.03345742733273,0.28300000000000003
7790,2026-01-06 09:50:00,311.30498025759294,0.419
7791,2026-01-06 09:51:00,311.3022224911893,0.406
7792,2026-01-06 09:52:00,311.38541417076243,0.496
7793,2026-01-06 09:53:00,311.1961693655046,0.5820000000000001
7794,2026-01-06 09:54:00,310.7898010496067,0.41200000000000003
7795,2026-01-06 09:55:00,311.4814905107345,0.449
7796,2026-01-06 09:56:00,311.04433074212636,0.28800000000000003
7797,2026-01-06 09:57:00,311.6088810219298,0.486
7798,2026-01-06 09:58:00,311.3990849735634,0.49
7799,2026-01-06 09:59:00,311.35751437324143,0.36700000000000005
7800,2026-01-06 10:00:00,311.87633900024616,0.354
7801,2026-01-06 10:01:00,311.66394006192445,0.17
7802,2026-01-06 10:02:00,310.5388336613549,0.39
7803,2026-01-06 10:03:00,311.46654385846585,0.32
7804,2026-01-06 10:04:00,311.4132500531337,0.41700000000000004
7805,2026-01-06 10:05:00,311.99531901949683,0.24600000000000002
7806,2026-01-06 10:06:00,310.68653179390486,0.284
7807,2026-01-06 10:07:00,311.0564269465171,0.359
7808,2026-01-06 10:08:00,310.41061460930246,0.254
7809,2026-01-06 10:09:00,311.4389458102009,0.166
7810,2026-01-06 10:10:00,311.4731954498534,0.462
7811,2026-01-06 10:11:00,310.9171569456468,0.292
7812,2026-01-06 10:12:00,311.04036945493397,0.244
7813,2026-01-06 10:13:00,311.07774413877735,0.418
7814,2026-01-06 10:14:00,311.7884175614085,0.532
7815,2026-01-06 10:15:00,311.04361053849146,0.381
7816,2026-01-06 10:16:00,310.39305376780106,0.355
7817,2026-01-06 10:17:00,310.5707484384597,0.642
7818,2026-01-06 10:18:00,310.96218636335436,0.44299999999999995
7819,2026-01-06 10:19:00,311.15911270744147,0.35700000000000004
7820,2026-01-06 10:20:00,310.67430379426355,0.28300000000000003
7821,2026-01-06 10:21:00,310.75076341908715,0.358
7822,2026-01-06 10:22:00,312.1417133980752,0.426
7823,2026-01-06 10:23:00,311.58906689497013,0.37
7824,2026-01-06 10:24:00,311.7597837924266,0.387
7825,2026-01-06 10:25:00,311.88021161498955,0.456
7826,2026-01-06 10:26:00,312.02585654189426,0.34700000000000003
7827,2026-01-06 10:27:00,311.6303135188548,0.35
7828,2026-01-06 10:28:00,311.0170227258555,0.31
7829,2026-01-06 10:29:00,312.0792447396381,0.49200000000000005
7830,2026-01-06 10:30:00,311.6542966658578,0.474
7831,2026-01-06 10:31:00,311.3327142476899,0.31
7832,2026-01-06 10:32:00,310.93592526362596,0.47200000000000003
7833,2026-01-06 10:33:00,312.3949463985396,0.311
7834,2026-01-06 10:34:00,311.30660728397277,0.485
7835,2026-01-06 10:35:00,311.8344510228258,0.426
7836,2026-01-06 10:36:00,310.49180932772873,0.23199999999999998
7837,2026-01-06 10:37:00,311.6053113019406,0.35
7838,2026-01-06 10:38:00,311.6253379332089,0.509
7839,2026-01-06 10:39:00,311.4438217232128,0.377
7840,2026-01-06 10:40:00,311.77345225681535,0.479
7841,2026-01-06 10:41:00,311.86807230447977,0.368
7842,2026-01-06 10:42:00,311.358714121413,0.47200000000000003
7843,2026-01-06 10:43:00,311.0851287619342,0.375
7844,2026-01-06 10:44:00,312.11161191775204,0.565
7845,2026-01-06 10:45:00,311.35447543189485,0.37200000000000005
7846,2026-01-06 10:46:00,311.9463483206864,0.321
7847,2026-01-06 10:47:00,312.8852606747309,0.42200000000000004
7848,2026-01-06 10:48:00,311.7428793201923,0.431
7849,2026-01-06 10:49:00,311.6155741110781,0.517
7850,2026-01-06 10:50:00,312.61480789130337,0.44799999999999995
7851,2026-01-06 10:51:00,312.82344267169714,0.446
7852,2026-01-06 10:52:00,312.42768225661575,0.429
7853,2026-01-06 10:53:00,311.6001959977032,0.541
7854,2026-01-06 10:54:00,312.686194573593,0.445
7855,2026-01-06 10:55:00,311.91167790565,0.595
7856,2026-01-06 10:56:00,312.58304115407753,0.505
7857,2026-01-06 10:57:00,312.4861461144238,0.494
7858,2026-01-06 10:58:00,311.7818668396451,0.381
7859,2026-01-06 10:59:00,311.7274681705761,0.467
7860,2026-01-06 11:00:00,312.74527987366747,0.27699999999999997
7861,2026-01-06 11:01:00,312.1664540883121,0.523
7862,2026-01-06 11:02:00,312.2900062269544,0.547
7863,2026-01-06 11:03:00,312.7072846368599,0.37200000000000005
7864,2026-01-06 11:04:00,313.0838079522345,0.386
7865,2026-01-06 11:05:00,312.81785199310406,0.379
7866,2026-01-06 11:06:00,311.720508962738,0.24
7867,2026-01-06 11:07:00,311.8842489485061,0.49
7868,2026-01-06 11:08:00,312.4763013505547,0.5379999999999999
7869,2026-01-06 11:09:00,312.50821475271084,0.49
7870,2026-01-06 11:10:00,312.81032728447013,0.40299999999999997
7871,2026-01-06 11:11:00,313.07942169293216,0.47200000000000003
7872,2026-01-06 11:12:00,311.8204899430255,0.391
7873,2026-01-06 11:13:00,312.1699164034624,0.273
7874,2026-01-06 11:14:00,312.70028829907875,0.45399999999999996
7875,2026-01-06 11:15:00,312.3782515695687,0.591
7876,2026-01-06 11:16:00,312.77681837999216,0.363
7877,2026-01-06 11:17:00,312.3222057231984,0.185
7878,2026-01-06 11:18:00,312.2859127987428,0.379
7879,2026-01-06 11:19:00,312.51422293768445,0.332
7880,2026-01-06 11:20:00,312.7555566148949,0.617
7881,2026-01-06 11:21:00,313.2941576861833,0.256
7882,2026-01-06 11:22:00,312.1313040582505,0.392
7883,2026-01-06 11:23:00,312.92515518499073,0.406
7884,2026-01-06 11:24:00,312.1046913324929,0.43799999999999994
7885,2026-01-06 11:25:00,312.33702350991655,0.35600000000000004
7886,2026-01-06 11:26:00,312.9038299575608,0.5
7887,2026-01-06 11:27:00,312.41113524204815,0.536
7888,2026-01-06 11:28:00,312.42173069665057,0.507
7889,2026-01-06 11:29:00,312.5254142119733,0.473
7890,2026-01-06 11:30:00,312.3740331525506,0.525
7891,2026-01-06 11:31:00,313.0209911167635,0.23800000000000002
7892,2026-01-06 11:32:00,313.0506683626953,0.445
7893,2026-01-06 11:33:00,312.50391195650775,0.47200000000000003
7894,2026-01-06 11:34:00,312.08839236704915,0.44799999999999995
7895,2026-01-06 11:35:00,312.6944749509055,0.251
7896,2026-01-06 11:36:00,312.3940140791694,0.43700000000000006
7897,2026-01-06 11:37:00,312.6077721380168,0.51
7898,2026-01-06 11:38:00,311.1465041068828,0.263
7899,2026-01-06 11:39:00,311.7758247941585,0.268
7900,2026-01-06 11:40:00,312.0504547288341,0.385
7901,2026-01-06 11:41:00,311.49552666930697,0.257
7902,2026-01-06 11:42:00,311.75355498005115,0.369
7903,2026-01-06 11:43:00,312.7755951961533,0.44
7904,2026-01-06 11:44:00,312.7442332808536,0.419
7905,2026-01-06 11:45:00,311.9197966479427,0.431
7906,2026-01-06 11:46:00,312.1423726012385,0.35100000000000003
7907,2026-01-06 11:47:00,312.1889378184583,0.371
7908,2026-01-06 11:48:00,311.3965052574239,0.424
7909,2026-01-06 11:49:00,312.0854627815402,0.413
7910,2026-01-06 11:50:00,311.82482172489597,0.4
7911,2026-01-06 11:51:00,313.22277055440344,0.493
7912,2026-01-06 11:52:00,311.886210222071,0.47700000000000004
7913,2026-01-06 11:53:00,311.8723538170064,0.397
7914,2026-01-06 11:54:00,312.0155953596539,0.45
7915,2026-01-06 11:55:00,312.2890705210073,0.465
7916,2026-01-06 11:56:00,312.0592521084408,0.282
7917,2026-01-06 11:57:00,311.9481548154128,0.5710000000000001
7918,2026-01-06 11:58:00,311.43576777891593,0.42
7919,2026-01-06 11:59:00,311.245344773244,0.436
7920,2026-01-06 12:00:00,311.1609548385739,0.292
7921,2026-01-06 12:01:00,310.82791047979765,0.48
7922,2026-01-06 12:02:00,311.51274937745706,0.384
7923,2026-01-06 12:03:00,311.7484453028076,0.419
7924,2026-01-06 12:04:00,312.27858337847977,0.218
7925,2026-01-06 12:05:00,311.84719331180867,0.28300000000000003
7926,2026-01-06 12:06:00,311.2641263279559,0.44299999999999995
7927,2026-01-06 12:07:00,311.34731877017117,0.46399999999999997
7928,2026-01-06 12:08:00,311.83546436920926,0.314
7929,2026-01-06 12:09:00,310.9245200161734,0.313
7930,2026-01-06 12:10:00,311.6259587429461,0.434
7931,2026-01-06 12:11:00,312.80878444055094,0.4
7932,2026-01-06 12:12:00,311.7801028397889,0.389
7933,2026-01-06 12:13:00,311.62591195979655,0.45799999999999996
7934,2026-01-06 12:14:00,311.2501572079111,0.29
7935,2026-01-06 12:15:00,311.6432483943823,0.49
7936,2026-01-06 12:16:00,311.4412204906293,0.322
7937,2026-01-06 12:17:00,311.2468096772298,0.35600000000000004
7938,2026-01-06 12:18:00,311.54361280484636,0.455
7939,2026-01-06 12:19:00,310.96498971189766,0.39399999999999996
7940,2026-01-06 12:20:00,311.77716148319064,0.364
7941,2026-01-06 12:21:00,311.61961556549124,0.36
7942,2026-01-06 12:22:00,311.2666941132546,0.245
7943,2026-01-06 12:23:00,311.82232341381024,0.409
7944,2026-01-06 12:24:00,311.4175908853359,0.368
7945,2026-01-06 12:25:00,311.72743060517723,0.419
7946,2026-01-06 12:26:00,311.39369728267576,0.561
7947,2026-01-06 12:27:00,311.67355324950597,0.38
7948,2026-01-06 12:28:00,312.06288271791675,0.165
7949,2026-01-06 12:29:00,312.62488891604215,0.499
7950,2026-01-06 12:30:00,312.00948332784475,0.32299999999999995
7951,2026-01-06 12:31:00,311.21629888420114,0.426
7952,2026-01-06 12:32:00,312.0478950424255,0.59
7953,2026-01-06 12:33:00,312.55516545289015,0.47
7954,2026-01-06 12:34:00,312.8795564977435,0.39899999999999997
7955,2026-01-06 12:35:00,312.06839929526785,0.402
7956,2026-01-06 12:36:00,311.6202133400895,0.353
7957,2026-01-06 12:37:00,312.12877298047795,0.359
7958,2026-01-06 12:38:00,312.6051888482599,0.326
7959,2026-01-06 12:39:00,311.9175306313414,0.23199999999999998
7960,2026-01-06 12:40:00,312.3177649881335,0.28800000000000003
7961,2026-01-06 12:41:00,312.0801312239486,0.486
7962,2026-01-06 12:42:00,311.918744021845,0.461
7963,2026-01-06 12:43:00,312.88769070278624,0.5489999999999999
7964,2026-01-06 12:44:00,312.3476001789002,0.297
7965,2026-01-06 12:45:00,312.5550297049748,0.384
7966,2026-01-06 12:46:00,313.0246044374086,0.38299999999999995
7967,2026-01-06 12:47:00,312.6073916106524,0.478
7968,2026-01-06 12:48:00,312.7136942456987,0.59
7969,2026-01-06 12:49:00,313.0359523741233,0.535
7970,2026-01-06 12:50:00,312.4643926663754,0.366
7971,2026-01-06 12:51:00,313.18540505124463,0.396
7972,2026-01-06 12:52:00,312.5347159801366,0.364
7973,2026-01-06 12:53:00,312.3579926091486,0.426
7974,2026-01-06 12:54:00,311.254340245352,0.33
7975,2026-01-06 12:55:00,313.1209767932597,0.349
7976,2026-01-06 12:56:00,311.48415799846236,0.341
7977,2026-01-06 12:57:00,312.6883642399293,0.345
7978,2026-01-06 12:58:00,312.02104844477464,0.40299999999999997
7979,2026-01-06 12:59:00,312.04858420793215,0.349
7980,2026-01-06 13:00:00,312.5470732746079,0.379
7981,2026-01-06 13:01:00,312.57811557544886,0.251
7982,2026-01-06 13:02:00,311.9173277409773,0.39
7983,2026-01-06 13:03:00,311.83519586536096,0.259
7984,2026-01-06 13:04:00,311.3361831852615,0.319
7985,2026-01-06 13:05:00,311.57477053903665,0.435
7986,2026-01-06 13:06:00,312.2399979933702,0.28800000000000003
7987,2026-01-06 13:07:00,313.1447661706208,0.415
7988,2026-01-06 13:08:00,311.3540201648447,0.09699999999999999
7989,2026-01-06 13:09:00,311.87925063378646,0.517
7990,2026-01-06 13:10:00,311.9282548203253,0.31
7991,2026-01-06 13:11:00,311.59418176838756,0.5329999999999999
7992,2026-01-06 13:12:00,312.2461692953021,0.502
7993,2026-01-06 13:13:00,312.0922790582534,0.23
7994,2026-01-06 13:14:00,312.4181289436303,0.6729999999999999
7995,2026-01-06 13:15:00,312.0041253988,0.44
7996,2026-01-06 13:16:00,312.40938220901427,0.373
7997,2026-01-06 13:17:00,312.868582209559,0.46
7998,2026-01-06 13:18:00,310.85776378865353,0.284
7999,2026-01-06 13:19:00,312.4920332802413,0.41100000000000003
8000,2026-01-06 13:20:00,311.6355483793354,0.17800000000000002
8001,2026-01-06 13:21:00,310.9558560011456,0.611
8002,2026-01-06 13:22:00,311.5272245485257,0.433
8003,2026-01-06 13:23:00,312.0056632196052,0.561
8004,2026-01-06 13:24:00,312.0418053832287,0.507
8005,2026-01-06 13:25:00,312.1367600022872,0.442
8006,2026-01-06 13:26:00,311.51430611354914,0.375
8007,2026-01-06 13:27:00,311.910725675606,0.414
8008,2026-01-06 13:28:00,311.7231269484806,0.39299999999999996
8009,2026-01-06 13:29:00,312.1531623027332,0.235
8010,2026-01-06 13:30:00,312.3393300101882,0.307
8011,2026-01-06 13:31:00,311.894690139208,0.27899999999999997
8012,2026-01-06 13:32:00,311.7343376009087,0.34600000000000003
8013,2026-01-06 13:33:00,312.402180693261,0.43799999999999994
8014,2026-01-06 13:34:00,312.5948811707759,0.42700000000000005
8015,2026-01-06 13:35:00,312.89528560733777,0.387
8016,2026-01-06 13:36:00,312.25439748600576,0.507
8017,2026-01-06 13:37:00,312.0548701425488,0.502
8018,2026-01-06 13:38:00,312.5226880084718,0.449
8019,2026-01-06 13:39:00,310.80013489246886,0.44799999999999995
8020,2026-01-06 13:40:00,311.5291056909124,0.353
8021,2026-01-06 13:41:00,312.4147819793796,0.42200000000000004
8022,2026-01-06 13:42:00,312.20335968832916,0.324
8023,2026-01-06 13:43:00,311.569211424269,0.465
8024,2026-01-06 13:44:00,311.57679776464425,0.38799999999999996
8025,2026-01-06 13:45:00,311.833706066779,0.368
8026,2026-01-06 13:46:00,310.7527178308412,0.19699999999999998
8027,2026-01-06 13:47:00,311.4616724517634,0.461
8028,2026-01-06 13:48:00,311.3175588205134,0.341
8029,2026-01-06 13:49:00,311.7290814000636,0.473
8030,2026-01-06 13:50:00,311.5333739629674,0.318
8031,2026-01-06 13:51:00,311.7741528725482,0.39299999999999996
8032,2026-01-06 13:52:00,312.4958765428389,0.485
8033,2026-01-06 13:53:00,312.4887016607839,0.451
8034,2026-01-06 13:54:00,312.17139941293783,0.358
8035,2026-01-06 13:55:00,312.6383369418708,0.381
8036,2026-01-06 13:56:00,312.2284139459396,0.551
8037,2026-01-06 13:57:00,311.1708106000588,0.414
8038,2026-01-06 13:58:00,312.7159073702189,0.382
8039,2026-01-06 13:59:00,312.6410728226781,0.413
8040,2026-01-06 14:00:00,311.7416727650832,0.305
8041,2026-01-06 14:01:00,312.0168475669242,0.511
8042,2026-01-06 14:02:00,311.3443139124479,0.272
8043,2026-01-06 14:03:00,312.632949043919,0.457
8044,2026-01-06 14:04:00,312.08073127566803,0.217
8045,2026-01-06 14:05:00,311.4878080500657,0.479
8046,2026-01-06 14:06:00,310.9523377646156,0.41100000000000003
8047,2026-01-06 14:07:00,311.8802256402265,0.434
8048,2026-01-06 14:08:00,312.44061881632376,0.37200000000000005
8049,2026-01-06 14:09:00,311.56230603208843,0.449
8050,2026-01-06 14:10:00,311.73867120278544,0.377
8051,2026-01-06 14:11:00,310.7711559779257,0.44299999999999995
8052,2026-01-06 14:12:00,310.8110774667776,0.414
8053,2026-01-06 14:13:00,311.1954821255438,0.541
8054,2026-01-06 14:14:00,311.8731838606084,0.364
8055,2026-01-06 14:15:00,311.7314672052009,0.348
8056,2026-01-06 14:16:00,310.8250254928389,0.263
8057,2026-01-06 14:17:00,312.45945172344386,0.213
8058,2026-01-06 14:18:00,311.8220513025513,0.39799999999999996
8059,2026-01-06 14:19:00,312.3589480331978,0.35200000000000004
8060,2026-01-06 14:20:00,312.0761764070212,0.221
8061,2026-01-06 14:21:00,312.75042149591053,0.23
8062,2026-01-06 14:22:00,312.0087267004585,0.295
8063,2026-01-06 14:23:00,312.30931156991034,0.43200000000000005
8064,2026-01-06 14:24:00,312.7385865262775,0.36700000000000005
8065,2026-01-06 14:25:00,311.96850130269166,0.349
8066,2026-01-06 14:26:00,310.67513230694914,0.43
8067,2026-01-06 14:27:00,311.8159050694313,0.48
8068,2026-01-06 14:28:00,311.49569712391053,0.397
8069,2026-01-06 14:29:00,312.38834321347736,0.312
8070,2026-01-06 14:30:00,311.62975269512464,0.361
8071,2026-01-06 14:31:00,311.2821957152651,0.436
8072,2026-01-06 14:32:00,311.12288855619823,0.535
8073,2026-01-06 14:33:00,311.7098042462553,0.462
8074,2026-01-06 14:34:00,312.35637179394587,0.42200000000000004
8075,2026-01-06 14:35:00,310.96769018440204,0.444
8076,2026-01-06 14:36:00,311.6483620202772,0.498
8077,2026-01-06 14:37:00,311.44737995668254,0.375
8078,2026-01-06 14:38:00,311.1498548133438,0.406
8079,2026-01-06 14:39:00,311.1309996301856,0.457
8080,2026-01-06 14:40:00,311.7565706814447,0.303
8081,2026-01-06 14:41:00,311.01324496660976,0.23
8082,2026-01-06 14:42:00,311.3942865216784,0.569
8083,2026-01-06 14:43:00,311.70916004765206,0.408
8084,2026-01-06 14:44:00,311.84034176004394,0.35700000000000004
8085,2026-01-06 14:45:00,311.3452358381087,0.28800000000000003
8086,2026-01-06 14:46:00,311.31841445204157,0.483
8087,2026-01-06 14:47:00,311.91164889750917,0.374
8088,2026-01-06 14:48:00,311.7787664977973,0.415
8089,2026-01-06 14:49:00,311.69492442102535,0.39
8090,2026-01-06 14:50:00,312.672045369771,0.305
8091,2026-01-06 14:51:00,311.9512327593081,0.278
8092,2026-01-06 14:52:00,312.02072598149465,0.377
8093,2026-01-06 14:53:00,311.6980902281508,0.46
8094,2026-01-06 14:54:00,311.60390242207745,0.41600000000000004
8095,2026-01-06 14:55:00,312.64489239879424,0.315
8096,2026-01-06 14:56:00,311.2391579324877,0.48700000000000004
8097,2026-01-06 14:57:00,311.892197116368,0.304
8098,2026-01-06 14:58:00,311.558832382441,0.49
8099,2026-01-06 14:59:00,310.93656716367207,0.337
8100,2026-01-06 15:00:00,311.1878699179953,0.263
8101,2026-01-06 15:01:00,313.0207898448947,0.185
8102,2026-01-06 15:02:00,311.7269293788459,0.331
8103,2026-01-06 15:03:00,311.6736077763055,0.451
8104,2026-01-06 15:04:00,311.7437854642328,0.456
8105,2026-01-06 15:05:00,311.0703868596043,0.135
8106,2026-01-06 15:06:00,312.1384135577142,0.5720000000000001
8107,2026-01-06 15:07:00,312.0203785141659,0.196
8108,2026-01-06 15:08:00,311.1513420867382,0.475
8109,2026-01-06 15:09:00,311.0584948938032,0.33
8110,2026-01-06 15:10:00,311.36532406967814,0.552
8111,2026-01-06 15:11:00,311.67937595322286,0.264
8112,2026-01-06 15:12:00,311.7053054411487,0.27
8113,2026-01-06 15:13:00,310.9723873436649,0.46399999999999997
8114,2026-01-06 15:14:00,311.9907663069399,0.368
8115,2026-01-06 15:15:00,311.3498551194092,0.41
8116,2026-01-06 15:16:00,311.36057120821494,0.478
8117,2026-01-06 15:17:00,311.14240697400953,0.379
8118,2026-01-06 15:18:00,312.0267319977667,0.33799999999999997
8119,2026-01-06 15:19:00,310.3416599529642,0.313
8120,2026-01-06 15:20:00,311.9432077703286,0.392
8121,2026-01-06 15:21:00,311.848285234588,0.431
8122,2026-01-06 15:22:00,310.74820698428374,0.496
8123,2026-01-06 15:23:00,312.0290924100941,0.5
8124,2026-01-06 15:24:00,310.93148086832366,0.461
8125,2026-01-06 15:25:00,310.3034362512367,0.324
8126,2026-01-06 15:26:00,310.8710874229056,0.363
8127,2026-01-06 15:27:00,311.84512224952863,0.397
8128,2026-01-06 15:28:00,311.2899652070034,0.324
8129,2026-01-06 15:29:00,310.0324985828804,0.5489999999999999
8130,2026-01-06 15:30:00,310.17960845972715,0.382
8131,2026-01-06 15:31:00,310.25474554900563,0.28
8132,2026-01-06 15:32:00,310.400037002632,0.499
8133,2026-01-06 15:33:00,310.17872560041684,0.498
8134,2026-01-06 15:34:00,311.7041724419668,0.40399999999999997
8135,2026-01-06 15:35:00,311.1628547255479,0.42700000000000005
8136,2026-01-06 15:36:00,311.0107174709882,0.321
8137,2026-01-06 15:37:00,310.63709551161776,0.318
8138,2026-01-06 15:38:00,310.86278553112334,0.41
8139,2026-01-06 15:39:00,311.1495412817507,0.395
8140,2026-01-06 15:40:00,311.21773420841623,0.504
8141,2026-01-06 15:41:00,310.36912447019,0.413
8142,2026-01-06 15:42:00,310.7327283302213,0.409
8143,2026-01-06 15:43:00,311.3161791677797,0.457
8144,2026-01-06 15:44:00,310.7367923353812,0.424
8145,2026-01-06 15:45:00,310.95762031091647,0.521
8146,2026-01-06 15:46:00,310.55140513074826,0.524
8147,2026-01-06 15:47:00,310.7140396444342,0.309
8148,2026-01-06 15:48:00,310.524636827288,0.469
8149,2026-01-06 15:49:00,310.55674859484594,0.408
8150,2026-01-06 15:50:00,310.9752973607342,0.312
8151,2026-01-06 15:51:00,310.9705950665475,0.303
8152,2026-01-06 15:52:00,311.53495825434396,0.302
8153,2026-01-06 15:53:00,310.98798727438117,0.35
8154,2026-01-06 15:54:00,311.24247126790544,0.364
8155,2026-01-06 15:55:00,311.12289807869223,0.409
8156,2026-01-06 15:56:00,311.862488148019,0.332
8157,2026-01-06 15:57:00,310.64015997631896,0.314
8158,2026-01-06 15:58:00,310.88174522144334,0.47100000000000003
8159,2026-01-06 15:59:00,311.83306463701524,0.306
8160,2026-01-06 16:00:00,311.4556246767312,0.263
8161,2026-01-06 16:01:00,311.3204814235698,0.457
8162,2026-01-06 16:02:00,311.3585085964176,0.345
8163,2026-01-06 16:03:00,312.2671953884828,0.289
8164,2026-01-06 16:04:00,312.05168541505367,0.37
8165,2026-01-06 16:05:00,312.14651679631237,0.523
8166,2026-01-06 16:06:00,311.46017702461944,0.41200000000000003
8167,2026-01-06 16:07:00,310.98964248371584,0.4
8168,2026-01-06 16:08:00,310.9159513616812,0.449
8169,2026-01-06 16:09:00,310.4818064080268,0.521
8170,2026-01-06 16:10:00,311.31858008652625,0.354
8171,2026-01-06 16:11:00,311.73180014547535,0.423
8172,2026-01-06 16:12:00,311.2607843572075,0.237
8173,2026-01-06 16:13:00,310.3108701124808,0.327
8174,2026-01-06 16:14:00,311.7793563477009,0.473
8175,2026-01-06 16:15:00,311.08401107268367,0.177
8176,2026-01-06 16:16:00,311.3585526204471,0.41
8177,2026-01-06 16:17:00,310.50291281539864,0.254
8178,2026-01-06 16:18:00,310.98625775296375,0.46299999999999997
8179,2026-01-06 16:19:00,310.73555471334225,0.38799999999999996
8180,2026-01-06 16:20:00,310.26337790215797,0.21
8181,2026-01-06 16:21:00,311.2783810875284,0.37200000000000005
8182,2026-01-06 16:22:00,310.146984152163,0.298
8183,2026-01-06 16:23:00,311.18939091732574,0.652
8184,2026-01-06 16:24:00,310.2207225474588,0.223
8185,2026-01-06 16:25:00,311.1537075321828,0.457
8186,2026-01-06 16:26:00,310.8636775854667,0.539
8187,2026-01-06 16:27:00,311.10997263212863,0.336
8188,2026-01-06 16:28:00,310.39143207671685,0.457
8189,2026-01-06 16:29:00,310.0445740316964,0.489
8190,2026-01-06 16:30:00,310.31022110647564,0.27
8191,2026-01-06 16:31:00,310.85056318959533,0.424
8192,2026-01-06 16:32:00,311.4770908616478,0.251
8193,2026-01-06 16:33:00,311.4071806120557,0.324
8194,2026-01-06 16:34:00,310.2721377217639,0.401
8195,2026-01-06 16:35:00,311.4096530941994,0.278
8196,2026-01-06 16:36:00,310.8641235559513,0.473
8197,2026-01-06 16:37:00,311.2946039561326,0.435
8198,2026-01-06 16:38:00,310.8845311175282,0.426
8199,2026-01-06 16:39:00,309.6538211401978,0.44
8200,2026-01-06 16:40:00,310.081526126898,0.469
8201,2026-01-06 16:41:00,310.34602735252435,0.294
8202,2026-01-06 16:42:00,311.5517580171563,0.33299999999999996
8203,2026-01-06 16:43:00,310.5060150250498,0.489
8204,2026-01-06 16:44:00,310.09496116076485,0.335
8205,2026-01-06 16:45:00,309.2515910179986,0.45799999999999996
8206,2026-01-06 16:46:00,309.7743119665521,0.431
8207,2026-01-06 16:47:00,311.0444294847761,0.619
8208,2026-01-06 16:48:00,310.1625980785139,0.371
8209,2026-01-06 16:49:00,311.2023185394757,0.37799999999999995
8210,2026-01-06 16:50:00,309.727088065945,0.34299999999999997
8211,2026-01-06 16:51:00,310.206544563739,0.35200000000000004
8212,2026-01-06 16:52:00,310.65863662402205,0.43
8213,2026-01-06 16:53:00,310.4394830869694,0.27899999999999997
8214,2026-01-06 16:54:00,310.19155477056,0.5489999999999999
8215,2026-01-06 16:55:00,310.08590177295866,0.35200000000000004
8216,2026-01-06 16:56:00,309.7517049821697,0.366
8217,2026-01-06 16:57:00,310.40204241595376,0.614
8218,2026-01-06 16:58:00,310.6809998688162,0.514
8219,2026-01-06 16:59:00,311.12831689562717,0.493
8220,2026-01-06 17:00:00,309.52376229073633,0.27399999999999997
8221,2026-01-06 17:01:00,310.5316488493385,0.26899999999999996
8222,2026-01-06 17:02:00,310.478230844383,0.488
8223,2026-01-06 17:03:00,310.7265383691449,0.49700000000000005
8224,2026-01-06 17:04:00,310.9998214538409,0.43200000000000005
8225,2026-01-06 17:05:00,310.4171046145715,0.397
8226,2026-01-06 17:06:00,310.9969367793001,0.509
8227,2026-01-06 17:07:00,310.53320012215556,0.41100000000000003
8228,2026-01-06 17:08:00,311.01372686102883,0.26
8229,2026-01-06 17:09:00,310.6613764147874,0.45299999999999996
8230,2026-01-06 17:10:00,309.12974798628403,0.496
8231,2026-01-06 17:11:00,310.8339691842173,0.415
8232,2026-01-06 17:12:00,309.7448987279145,0.2
8233,2026-01-06 17:13:00,309.72203207922774,0.297
8234,2026-01-06 17:14:00,310.5548965538083,0.545
8235,2026-01-06 17:15:00,310.2140384126602,0.38799999999999996
8236,2026-01-06 17:16:00,310.6459217108705,0.6859999999999999
8237,2026-01-06 17:17:00,310.8341335611421,0.39899999999999997
8238,2026-01-06 17:18:00,310.6429865431936,0.28
8239,2026-01-06 17:19:00,310.1032085829674,0.441
8240,2026-01-06 17:20:00,310.9653004754802,0.39799999999999996
8241,2026-01-06 17:21:00,311.1710214084395,0.452
8242,2026-01-06 17:22:00,310.6220000729384,0.212
8243,2026-01-06 17:23:00,310.4350994730958,0.361
8244,2026-01-06 17:24:00,310.1042528642578,0.31
8245,2026-01-06 17:25:00,310.31955481009817,0.371
8246,2026-01-06 17:26:00,310.5363754189759,0.311
8247,2026-01-06 17:27:00,310.89878377433985,0.568
8248,2026-01-06 17:28:00,310.9788369654607,0.342
8249,2026-01-06 17:29:00,310.5080580820269,0.397
8250,2026-01-06 17:30:00,310.81908600532483,0.384
8251,2026-01-06 17:31:00,310.2411874573336,0.48
8252,2026-01-06 17:32:00,310.3383021667169,0.484
8253,2026-01-06 17:33:00,310.84877139212915,0.239
8254,2026-01-06 17:34:00,309.72355469307934,0.306
8255,2026-01-06 17:35:00,310.8805596782752,0.495
8256,2026-01-06 17:36:00,310.2270570451544,0.28
8257,2026-01-06 17:37:00,310.7225206584526,0.24100000000000002
8258,2026-01-06 17:38:00,310.6777665344297,0.363
8259,2026-01-06 17:39:00,309.8712593129943,0.39799999999999996
8260,2026-01-06 17:40:00,310.1116926808103,0.304
8261,2026-01-06 17:41:00,310.5640750391739,0.384
8262,2026-01-06 17:42:00,310.79822692185905,0.511
8263,2026-01-06 17:43:00,310.3047589029824,0.526
8264,2026-01-06 17:44:00,310.33732965662693,0.222
8265,2026-01-06 17:45:00,310.00366644263505,0.292
8266,2026-01-06 17:46:00,310.8572024775538,0.253
8267,2026-01-06 17:47:00,310.2306253876849,0.528
8268,2026-01-06 17:48:00,309.5665238676842,0.5579999999999999
8269,2026-01-06 17:49:00,311.4881686300518,0.46399999999999997
8270,2026-01-06 17:50:00,310.17528968734183,0.254
8271,2026-01-06 17:51:00,310.9731852968057,0.391
8272,2026-01-06 17:52:00,309.53242950230816,0.38799999999999996
8273,2026-01-06 17:53:00,310.51630100489905,0.336
8274,2026-01-06 17:54:00,310.50906086985196,0.33
8275,2026-01-06 17:55:00,311.8179197973188,0.33299999999999996
8276,2026-01-06 17:56:00,309.933976916432,0.527
8277,2026-01-06 17:57:00,309.95141948973816,0.32799999999999996
8278,2026-01-06 17:58:00,309.94006411016454,0.381
8279,2026-01-06 17:59:00,310.4966115215748,0.33799999999999997
8280,2026-01-06 18:00:00,310.8112560213333,0.43799999999999994
8281,2026-01-06 18:01:00,310.25255782691846,0.358
8282,2026-01-06 18:02:00,310.36974289953423,0.26899999999999996
8283,2026-01-06 18:03:00,310.46029177537883,0.39899999999999997
8284,2026-01-06 18:04:00,310.72816311668373,0.444
8285,2026-01-06 18:05:00,310.7456208866425,0.385
8286,2026-01-06 18:06:00,310.78723202747983,0.263
8287,2026-01-06 18:07:00,310.1829373461429,0.39
8288,2026-01-06 18:08:00,310.32703684166097,0.331
8289,2026-01-06 18:09:00,310.01431289589135,0.456
8290,2026-01-06 18:10:00,310.6662275528098,0.318
8291,2026-01-06 18:11:00,309.509723805135,0.376
8292,2026-01-06 18:12:00,309.76156047792784,0.341
8293,2026-01-06 18:13:00,309.11258896442365,0.311
8294,2026-01-06 18:14:00,310.77126133042293,0.41
8295,2026-01-06 18:15:00,309.33765024023467,0.507
8296,2026-01-06 18:16:00,311.9247387580305,0.44
8297,2026-01-06 18:17:00,310.41405490681973,0.425
8298,2026-01-06 18:18:00,310.23631207690624,0.6970000000000001
8299,2026-01-06 18:19:00,310.42074968540976,0.45299999999999996
8300,2026-01-06 18:20:00,309.67452000278473,0.402
8301,2026-01-06 18:21:00,309.6931692238923,0.397
8302,2026-01-06 18:22:00,309.27944954741594,0.527
8303,2026-01-06 18:23:00,309.486255531261,0.385
8304,2026-01-06 18:24:00,310.30052383709113,0.449
8305,2026-01-06 18:25:00,310.63644020329133,0.306
8306,2026-01-06 18:26:00,309.3476319738126,0.40700000000000003
8307,2026-01-06 18:27:00,311.9332335850547,0.4
8308,2026-01-06 18:28:00,309.9120498770678,0.304
8309,2026-01-06 18:29:00,309.4693081605263,0.39299999999999996
8310,2026-01-06 18:30:00,310.014948255073,0.457
8311,2026-01-06 18:31:00,309.50523861245983,0.47700000000000004
8312,2026-01-06 18:32:00,309.54292093263706,0.5
8313,2026-01-06 18:33:00,309.67941145494564,0.449
8314,2026-01-06 18:34:00,309.7948448943377,0.40399999999999997
8315,2026-01-06 18:35:00,308.6345235556637,0.46
8316,2026-01-06 18:36:00,310.4630427576404,0.38799999999999996
8317,2026-01-06 18:37:00,309.1290841392147,0.342
8318,2026-01-06 18:38:00,309.12409821989127,0.5710000000000001
8319,2026-01-06 18:39:00,309.0902295112427,0.522
8320,2026-01-06 18:40:00,310.46862363956717,0.496
8321,2026-01-06 18:41:00,310.2290130855225,0.39
8322,2026-01-06 18:42:00,309.7434693650814,0.48700000000000004
8323,2026-01-06 18:43:00,310.34869265810806,0.44
8324,2026-01-06 18:44:00,309.3442100534978,0.485
8325,2026-01-06 18:45:00,309.5761561558013,0.473
8326,2026-01-06 18:46:00,310.80557838805396,0.159
8327,2026-01-06 18:47:00,309.05974362954794,0.488
8328,2026-01-06 18:48:00,309.02364077704453,0.353
8329,2026-01-06 18:49:00,309.3609880372018,0.285
8330,2026-01-06 18:50:00,310.43409640381543,0.40299999999999997
8331,2026-01-06 18:51:00,310.05642565720666,0.381
8332,2026-01-06 18:52:00,310.11784902710053,0.29600000000000004
8333,2026-01-06 18:53:00,309.17513488446104,0.406
8334,2026-01-06 18:54:00,308.9422501021531,0.48200000000000004
8335,2026-01-06 18:55:00,309.7797439864808,0.40399999999999997
8336,2026-01-06 18:56:00,310.2528948506672,0.359
8337,2026-01-06 18:57:00,309.9595751734798,0.35700000000000004
8338,2026-01-06 18:58:00,308.44499587898946,0.311
8339,2026-01-06 18:59:00,309.0103870791292,0.42700000000000005
8340,2026-01-06 19:00:00,309.936271832407,0.336
8341,2026-01-06 19:01:00,309.93772044693543,0.48100000000000004
8342,2026-01-06 19:02:00,308.89042661492294,0.262
8343,2026-01-06 19:03:00,309.09977383126056,0.369
8344,2026-01-06 19:04:00,308.9953724793381,0.556
8345,2026-01-06 19:05:00,308.943711310505,0.503
8346,2026-01-06 19:06:00,309.3049534542187,0.467
8347,2026-01-06 19:07:00,309.65251347692987,0.594
8348,2026-01-06 19:08:00,308.6017729224621,0.46299999999999997
8349,2026-01-06 19:09:00,309.3917650062684,0.374
8350,2026-01-06 19:10:00,309.14294294948866,0.424
8351,2026-01-06 19:11:00,309.9114080922787,0.358
8352,2026-01-06 19:12:00,308.99280403078774,0.44299999999999995
8353,2026-01-06 19:13:00,309.4099802403621,0.625
8354,2026-01-06 19:14:00,309.8157513927084,0.45
8355,2026-01-06 19:15:00,309.40566981848195,0.49
8356,2026-01-06 19:16:00,310.07811358131363,0.366
8357,2026-01-06 19:17:00,309.6299279795785,0.228
8358,2026-01-06 19:18:00,309.6287580365342,0.499
8359,2026-01-06 19:19:00,309.6832381091037,0.42100000000000004
8360,2026-01-06 19:20:00,309.3042805311255,0.20600000000000002
8361,2026-01-06 19:21:00,309.87351326382486,0.336
8362,2026-01-06 19:22:00,309.81133990406215,0.217
8363,2026-01-06 19:23:00,309.2314372320982,0.44799999999999995
8364,2026-01-06 19:24:00,309.79962366674897,0.505
8365,2026-01-06 19:25:00,310.2031547387642,0.634
8366,2026-01-06 19:26:00,309.4053807794319,0.48200000000000004
8367,2026-01-06 19:27:00,309.2317449170057,0.493
8368,2026-01-06 19:28:00,309.90244119392133,0.503
8369,2026-01-06 19:29:00,308.9679107529473,0.616
8370,2026-01-06 19:30:00,310.94322563059063,0.319
8371,2026-01-06 19:31:00,309.6977179109366,0.257
8372,2026-01-06 19:32:00,309.82270781352446,0.38299999999999995
8373,2026-01-06 19:33:00,310.09457488443286,0.273
8374,2026-01-06 19:34:00,309.6754831373338,0.35200000000000004
8375,2026-01-06 19:35:00,309.8505473021008,0.431
8376,2026-01-06 19:36:00,309.57095770731564,0.38799999999999996
8377,2026-01-06 19:37:00,309.5497419412112,0.371
8378,2026-01-06 19:38:00,310.9434534562734,0.47200000000000003
8379,2026-01-06 19:39:00,310.3561302611647,0.465
8380,2026-01-06 19:40:00,310.0574331803815,0.397
8381,2026-01-06 19:41:00,309.14362318921235,0.619
8382,2026-01-06 19:42:00,309.46350425691344,0.42700000000000005
8383,2026-01-06 19:43:00,310.65991878267806,0.39399999999999996
8384,2026-01-06 19:44:00,309.2834594736303,0.435
8385,2026-01-06 19:45:00,309.64748139499017,0.381
8386,2026-01-06 19:46:00,309.4074193427888,0.44799999999999995
8387,2026-01-06 19:47:00,309.56576214460773,0.33299999999999996
8388,2026-01-06 19:48:00,309.22488301122536,0.264
8389,2026-01-06 19:49:00,310.0509273665977,0.121
8390,2026-01-06 19:50:00,309.80994341213653,0.594
8391,2026-01-06 19:51:00,309.66767698178495,0.40700000000000003
8392,2026-01-06 19:52:00,308.6543987606319,0.318
8393,2026-01-06 19:53:00,309.2979491179028,0.524
8394,2026-01-06 19:54:00,309.40899132561475,0.451
8395,2026-01-06 19:55:00,309.30843774304753,0.366
8396,2026-01-06 19:56:00,308.9847258272373,0.41700000000000004
8397,2026-01-06 19:57:00,309.42714455846914,0.45299999999999996
8398,2026-01-06 19:58:00,310.28421454952206,0.501
8399,2026-01-06 19:59:00,309.9799063270536,0.33
8400,2026-01-06 20:00:00,309.5281883073909,0.26899999999999996
8401,2026-01-06 20:01:00,309.5438235519516,0.445
8402,2026-01-06 20:02:00,310.2472184468326,0.377
8403,2026-01-06 20:03:00,308.76086599941243,0.49700000000000005
8404,2026-01-06 20:04:00,309.6112337340081,0.49700000000000005
8405,2026-01-06 20:05:00,309.43704291915725,0.201
8406,2026-01-06 20:06:00,309.79445826326514,0.53
8407,2026-01-06 20:07:00,310.34482085607357,0.313
8408,2026-01-06 20:08:00,311.26389754333223,0.307
8409,2026-01-06 20:09:00,310.82329637255333,0.23199999999999998
8410,2026-01-06 20:10:00,310.6294015912959,0.39899999999999997
8411,2026-01-06 20:11:00,309.98778559624213,0.377
8412,2026-01-06 20:12:00,310.44776278007794,0.363
8413,2026-01-06 20:13:00,310.7123082930234,0.63
8414,2026-01-06 20:14:00,310.4393710253526,0.462
8415,2026-01-06 20:15:00,310.196994912997,0.447
8416,2026-01-06 20:16:00,310.00964170053095,0.384
8417,2026-01-06 20:17:00,310.4166419428786,0.359
8418,2026-01-06 20:18:00,310.3217371415116,0.461
8419,2026-01-06 20:19:00,310.2221068320313,0.28
8420,2026-01-06 20:20:00,310.347917033792,0.4
8421,2026-01-06 20:21:00,310.64837614235296,0.5720000000000001
8422,2026-01-06 20:22:00,310.164028995937,0.546
8423,2026-01-06 20:23:00,310.30118646164135,0.39899999999999997
8424,2026-01-06 20:24:00,309.42423897835874,0.48700000000000004
8425,2026-01-06 20:25:00,309.8808287809952,0.29100000000000004
8426,2026-01-06 20:26:00,309.5303220267371,0.381
8427,2026-01-06 20:27:00,309.8048937139078,0.513
8428,2026-01-06 20:28:00,310.3826219528701,0.659
8429,2026-01-06 20:29:00,309.8977222204565,0.428
8430,2026-01-06 20:30:00,309.36155760746374,0.34600000000000003
8431,2026-01-06 20:31:00,309.57526657905987,0.56
8432,2026-01-06 20:32:00,310.263993743916,0.306
8433,2026-01-06 20:33:00,310.82953791855056,0.39
8434,2026-01-06 20:34:00,310.0570481147892,0.32299999999999995
8435,2026-01-06 20:35:00,310.4253417057907,0.249
8436,2026-01-06 20:36:00,309.6528096173246,0.369
8437,2026-01-06 20:37:00,310.5570103945265,0.42100000000000004
8438,2026-01-06 20:38:00,309.553918725344,0.499
8439,2026-01-06 20:39:00,310.24133721069836,0.41200000000000003
8440,2026-01-06 20:40:00,310.0629217168584,0.278
8441,2026-01-06 20:41:00,310.7953983367161,0.442
8442,2026-01-06 20:42:00,310.26546757790794,0.425
8443,2026-01-06 20:43:00,309.7841064570138,0.375
8444,2026-01-06 20:44:00,310.4857430262541,0.371
8445,2026-01-06 20:45:00,309.76218726415823,0.40299999999999997
8446,2026-01-06 20:46:00,309.72688385943025,0.595
8447,2026-01-06 20:47:00,311.28193253026404,0.386
8448,2026-01-06 20:48:00,309.7845571841248,0.455
8449,2026-01-06 20:49:00,308.70224546455046,0.268
8450,2026-01-06 20:50:00,310.0253031975669,0.295
8451,2026-01-06 20:51:00,309.8083268104916,0.547
8452,2026-01-06 20:52:00,309.2385206426763,0.433
8453,2026-01-06 20:53:00,310.41286221988224,0.447
8454,2026-01-06 20:54:00,309.1723485350227,0.451
8455,2026-01-06 20:55:00,309.87079826516094,0.275
8456,2026-01-06 20:56:00,309.8877661294614,0.405
8457,2026-01-06 20:57:00,309.61419462564743,0.384
8458,2026-01-06 20:58:00,309.590145104255,0.28300000000000003
8459,2026-01-06 20:59:00,309.423890221945,0.391
8460,2026-01-06 21:00:00,309.4647639321811,0.6409999999999999
8461,2026-01-06 21:01:00,309.8087828773787,0.38
8462,2026-01-06 21:02:00,309.694625674386,0.46399999999999997
8463,2026-01-06 21:03:00,309.2799062620397,0.37799999999999995
8464,2026-01-06 21:04:00,309.8955957176833,0.431
8465,2026-01-06 21:05:00,309.33688293323024,0.446
8466,2026-01-06 21:06:00,309.74697842942226,0.377
8467,2026-01-06 21:07:00,309.7589351337692,0.322
8468,2026-01-06 21:08:00,309.1710011432466,0.335
8469,2026-01-06 21:09:00,309.53530911511564,0.608
8470,2026-01-06 21:10:00,309.5154981560088,0.33399999999999996
8471,2026-01-06 21:11:00,309.75452106000915,0.35600000000000004
8472,2026-01-06 21:12:00,309.8104375038543,0.29
8473,2026-01-06 21:13:00,310.05425563795296,0.381
8474,2026-01-06 21:14:00,309.0806876380737,0.315
8475,2026-01-06 21:15:00,309.38658265660996,0.503
8476,2026-01-06 21:16:00,309.42044562610573,0.479
8477,2026-01-06 21:17:00,309.39962340351076,0.402
8478,2026-01-06 21:18:00,309.6674246898257,0.501
8479,2026-01-06 21:19:00,309.50031019389456,0.43200000000000005
8480,2026-01-06 21:20:00,308.8029508990649,0.46299999999999997
8481,2026-01-06 21:21:00,309.51247180644776,0.5870000000000001
8482,2026-01-06 21:22:00,309.48657792837577,0.386
8483,2026-01-06 21:23:00,310.098654169535,0.38799999999999996
8484,2026-01-06 21:24:00,309.3919404700341,0.369
8485,2026-01-06 21:25:00,309.7835887920684,0.36700000000000005
8486,2026-01-06 21:26:00,308.045909524597,0.271
8487,2026-01-06 21:27:00,309.4595705660308,0.226
8488,2026-01-06 21:28:00,308.56492305320495,0.342
8489,2026-01-06 21:29:00,308.68672662810735,0.37799999999999995
8490,2026-01-06 21:30:00,309.9720551996936,0.302
8491,2026-01-06 21:31:00,309.8684371883279,0.303
8492,2026-01-06 21:32:00,309.4463576090618,0.34600000000000003
8493,2026-01-06 21:33:00,309.70046961675337,0.5589999999999999
8494,2026-01-06 21:34:00,309.5526863542357,0.409
8495,2026-01-06 21:35:00,309.7804566747357,0.413
8496,2026-01-06 21:36:00,309.54583176251015,0.386
8497,2026-01-06 21:37:00,309.1844480928852,0.273
8498,2026-01-06 21:38:00,309.74798271185284,0.39799999999999996
8499,2026-01-06 21:39:00,309.880478520016,0.33299999999999996
8500,2026-01-06 21:40:00,309.9294158857757,0.225
8501,2026-01-06 21:41:00,309.3060392527598,0.44299999999999995
8502,2026-01-06 21:42:00,309.8917861242283,0.442
8503,2026-01-06 21:43:00,309.8775201396751,0.36200000000000004
8504,2026-01-06 21:44:00,310.2058815179873,0.365
8505,2026-01-06 21:45:00,309.7376602429164,0.47100000000000003
8506,2026-01-06 21:46:00,308.6852166246988,0.45399999999999996
8507,2026-01-06 21:47:00,309.34744632747663,0.309
8508,2026-01-06 21:48:00,309.70632702786986,0.5479999999999999
8509,2026-01-06 21:49:00,309.26901499233975,0.271
8510,2026-01-06 21:50:00,309.3125365272048,0.441
8511,2026-01-06 21:51:00,309.5949331081996,0.499
8512,2026-01-06 21:52:00,309.4512579939294,0.504
8513,2026-01-06 21:53:00,310.3122237909226,0.298
8514,2026-01-06 21:54:00,309.5851328812901,0.41700000000000004
8515,2026-01-06 21:55:00,309.61416941343657,0.462
8516,2026-01-06 21:56:00,309.13476696076725,0.523
8517,2026-01-06 21:57:00,310.5112616645272,0.519
8518,2026-01-06 21:58:00,309.31198527960925,0.374
8519,2026-01-06 21:59:00,308.6556990745828,0.358
8520,2026-01-06 22:00:00,309.29626057372235,0.474
8521,2026-01-06 22:01:00,309.5001710978579,0.318
8522,2026-01-06 22:02:00,309.1765184371675,0.465
8523,2026-01-06 22:03:00,309.49182410142686,0.555
8524,2026-01-06 22:04:00,308.9415079485133,0.41100000000000003
8525,2026-01-06 22:05:00,310.0065668903235,0.433
8526,2026-01-06 22:06:00,309.1259343164839,0.44799999999999995
8527,2026-01-06 22:07:00,310.20375186407995,0.45399999999999996
8528,2026-01-06 22:08:00,309.60334890769406,0.302
8529,2026-01-06 22:09:00,310.48740984895153,0.377
8530,2026-01-06 22:10:00,309.2664706502248,0.402
8531,2026-01-06 22:11:00,309.95507740616205,0.293
8532,2026-01-06 22:12:00,309.3461222519772,0.252
8533,2026-01-06 22:13:00,310.2784361484612,0.353
8534,2026-01-06 22:14:00,309.29051376545186,0.48700000000000004
8535,2026-01-06 22:15:00,309.4518354185923,0.21
8536,2026-01-06 22:16:00,310.029142447336,0.276
8537,2026-01-06 22:17:00,309.4391289919203,0.284
8538,2026-01-06 22:18:00,309.6273202757736,0.243
8539,2026-01-06 22:19:00,308.7063195825293,0.363
8540,2026-01-06 22:20:00,308.7780728516797,0.37200000000000005
8541,2026-01-06 22:21:00,309.16790306801647,0.455
8542,2026-01-06 22:22:00,309.4029694098393,0.49
8543,2026-01-06 22:23:00,309.92247582231755,0.445
8544,2026-01-06 22:24:00,308.98454194973067,0.382
8545,2026-01-06 22:25:00,309.0890420271418,0.33899999999999997
8546,2026-01-06 22:26:00,308.8901161302323,0.37200000000000005
8547,2026-01-06 22:27:00,309.1247230142732,0.406
8548,2026-01-06 22:28:00,308.773481337841,0.483
8549,2026-01-06 22:29:00,309.3606632364629,0.413
8550,2026-01-06 22:30:00,309.43798418255733,0.4
8551,2026-01-06 22:31:00,308.1739096842253,0.45399999999999996
8552,2026-01-06 22:32:00,308.51236308773855,0.444
8553,2026-01-06 22:33:00,308.49067590759745,0.524
8554,2026-01-06 22:34:00,308.65141681680035,0.36700000000000005
8555,2026-01-06 22:35:00,308.7697703081937,0.307
8556,2026-01-06 22:36:00,308.518635646826,0.365
8557,2026-01-06 22:37:00,308.4213756799765,0.266
8558,2026-01-06 22:38:00,309.8412111968961,0.45799999999999996
8559,2026-01-06 22:39:00,308.31683242868013,0.29600000000000004
8560,2026-01-06 22:40:00,308.5267958101693,0.275
8561,2026-01-06 22:41:00,308.7709393723295,0.359
8562,2026-01-06 22:42:00,309.21625247556847,0.157
8563,2026-01-06 22:43:00,308.7875716392113,0.35200000000000004
8564,2026-01-06 22:44:00,307.774217729456,0.324
8565,2026-01-06 22:45:00,308.59630671611677,0.539
8566,2026-01-06 22:46:00,308.322907847682,0.29100000000000004
8567,2026-01-06 22:47:00,307.48984539732874,0.395
8568,2026-01-06 22:48:00,307.92481640107684,0.43200000000000005
8569,2026-01-06 22:49:00,308.16049035480995,0.40700000000000003
8570,2026-01-06 22:50:00,307.92416000214376,0.312
8571,2026-01-06 22:51:00,308.24209433039977,0.306
8572,2026-01-06 22:52:00,308.06276787225005,0.45799999999999996
8573,2026-01-06 22:53:00,308.22442923877327,0.72
8574,2026-01-06 22:54:00,307.9748004212669,0.38
8575,2026-01-06 22:55:00,307.3461696608775,0.47700000000000004
8576,2026-01-06 22:56:00,308.04244320664975,0.485
8577,2026-01-06 22:57:00,307.3086538351486,0.375
8578,2026-01-06 22:58:00,307.6000828884452,0.34299999999999997
8579,2026-01-06 22:59:00,308.1191631856227,0.444
8580,2026-01-06 23:00:00,307.389909045027,0.48
8581,2026-01-06 23:01:00,307.87770909743347,0.355
8582,2026-01-06 23:02:00,307.94462331146707,0.33399999999999996
8583,2026-01-06 23:03:00,308.49352609647696,0.445
8584,2026-01-06 23:04:00,307.3222365866762,0.34600000000000003
8585,2026-01-06 23:05:00,308.51253100492295,0.519
8586,2026-01-06 23:06:00,308.89165569563335,0.309
8587,2026-01-06 23:07:00,307.3137583779535,0.565
8588,2026-01-06 23:08:00,308.05443535093127,0.47
8589,2026-01-06 23:09:00,308.97705872668246,0.423
8590,2026-01-06 23:10:00,308.3979708174684,0.40299999999999997
8591,2026-01-06 23:11:00,308.35960132926664,0.40299999999999997
8592,2026-01-06 23:12:00,307.5798000130387,0.469
8593,2026-01-06 23:13:00,308.07515031807924,0.317
8594,2026-01-06 23:14:00,308.05457477164083,0.491
8595,2026-01-06 23:15:00,308.7910567203694,0.521
8596,2026-01-06 23:16:00,308.5878488843367,0.33299999999999996
8597,2026-01-06 23:17:00,308.8625741810454,0.37200000000000005
8598,2026-01-06 23:18:00,309.1801592645772,0.5
8599,2026-01-06 23:19:00,308.16083550347076,0.506
8600,2026-01-06 23:20:00,307.85448944522534,0.405
8601,2026-01-06 23:21:00,308.026435271774,0.38299999999999995
8602,2026-01-06 23:22:00,307.25063553350986,0.455
8603,2026-01-06 23:23:00,308.1883954687838,0.445
8604,2026-01-06 23:24:00,308.5947274516755,0.505
8605,2026-01-06 23:25:00,309.0899979137945,0.331
8606,2026-01-06 23:26:00,309.6821308903244,0.47100000000000003
8607,2026-01-06 23:27:00,308.4719520106255,0.46399999999999997
8608,2026-01-06 23:28:00,308.7400581742906,0.45299999999999996
8609,2026-01-06 23:29:00,308.4232944033662,0.249
8610,2026-01-06 23:30:00,308.23102095584636,0.39799999999999996
8611,2026-01-06 23:31:00,309.27793431092823,0.424
8612,2026-01-06 23:32:00,309.1298356858192,0.526
8613,2026-01-06 23:33:00,308.48738498099607,0.423
8614,2026-01-06 23:34:00,308.52392152622883,0.456
8615,2026-01-06 23:35:00,308.5824510904129,0.397
8616,2026-01-06 23:36:00,308.60153898081114,0.335
8617,2026-01-06 23:37:00,308.26465975105583,0.49700000000000005
8618,2026-01-06 23:38:00,307.9522571115106,0.45799999999999996
8619,2026-01-06 23:39:00,308.78595978591386,0.31
8620,2026-01-06 23:40:00,308.90668104592777,0.391
8621,2026-01-06 23:41:00,308.13370236135466,0.574
8622,2026-01-06 23:42:00,308.43810616304074,0.37
8623,2026-01-06 23:43:00,307.6141569763518,0.355
8624,2026-01-06 23:44:00,307.38194321758647,0.537
8625,2026-01-06 23:45:00,309.06708667279304,0.43200000000000005
8626,2026-01-06 23:46:00,308.524243387694,0.273
8627,2026-01-06 23:47:00,307.56926313664326,0.273
8628,2026-01-06 23:48:00,307.57418419527284,0.397
8629,2026-01-06 23:49:00,308.0579273948401,0.359
8630,2026-01-06 23:50:00,308.8092511350097,0.56
8631,2026-01-06 23:51:00,308.82663953456387,0.475
8632,2026-01-06 23:52:00,308.6520503540844,0.486
8633,2026-01-06 23:53:00,307.76938945817983,0.366
8634,2026-01-06 23:54:00,308.83279214491415,0.5429999999999999
8635,2026-01-06 23:55:00,308.0476442745959,0.382
8636,2026-01-06 23:56:00,308.5868059943794,0.355
8637,2026-01-06 23:57:00,309.1027199341069,0.439
8638,2026-01-06 23:58:00,308.61754864607957,0.385
8639,2026-01-06 23:59:00,307.85892211475993,0.462
8640,2026-01-07 00:00:00,309.030134112444,0.618
8641,2026-01-07 00:01:00,309.2549808869403,0.27399999999999997
8642,2026-01-07 00:02:00,308.20420399100294,0.35
8643,2026-01-07 00:03:00,308.22936341607806,0.415
8644,2026-01-07 00:04:00,308.4267177178781,0.579
8645,2026-01-07 00:05:00,308.8179394690034,0.46799999999999997
8646,2026-01-07 00:06:00,308.4711778666209,0.606
8647,2026-01-07 00:07:00,308.6552563542587,0.27399999999999997
8648,2026-01-07 00:08:00,308.40967504481563,0.46
8649,2026-01-07 00:09:00,309.1103765123769,0.364
8650,2026-01-07 00:10:00,309.41729049974737,0.556
8651,2026-01-07 00:11:00,308.28591610692064,0.521
8652,2026-01-07 00:12:00,307.86187526292724,0.33799999999999997
8653,2026-01-07 00:13:00,307.4025979619902,0.369
8654,2026-01-07 00:14:00,308.6916669689121,0.294
8655,2026-01-07 00:15:00,308.45473520650035,0.589
8656,2026-01-07 00:16:00,309.5092239809174,0.506
8657,2026-01-07 00:17:00,308.8311591915771,0.425
8658,2026-01-07 00:18:00,308.4320723585426,0.461
8659,2026-01-07 00:19:00,308.82987620147804,0.45899999999999996
8660,2026-01-07 00:20:00,309.11134279223444,0.523
8661,2026-01-07 00:21:00,308.25658679665577,0.304
8662,2026-01-07 00:22:00,308.55894266069686,0.37799999999999995
8663,2026-01-07 00:23:00,308.7636250571126,0.503
8664,2026-01-07 00:24:00,307.3464124789293,0.426
8665,2026-01-07 00:25:00,308.5616579310363,0.29100000000000004
8666,2026-01-07 00:26:00,308.9533159435919,0.294
8667,2026-01-07 00:27:00,309.06327575439246,0.424
8668,2026-01-07 00:28:00,307.77145981419767,0.289
8669,2026-01-07 00:29:00,308.27309226811866,0.445
8670,2026-01-07 00:30:00,308.88382984167225,0.542
8671,2026-01-07 00:31:00,308.2931380752499,0.396
8672,2026-01-07 00:32:00,308.8056760727249,0.3
8673,2026-01-07 00:33:00,307.5730245673468,0.465
8674,2026-01-07 00:34:00,309.37736593440854,0.479
8675,2026-01-07 00:35:00,308.3536180707636,0.40399999999999997
8676,2026-01-07 00:36:00,308.53814168790535,0.414
8677,2026-01-07 00:37:00,308.58352562332124,0.316
8678,2026-01-07 00:38:00,307.7089861681523,0.349
8679,2026-01-07 00:39:00,307.50683100018955,0.469
8680,2026-01-07 00:40:00,307.9336049882465,0.396
8681,2026-01-07 00:41:00,308.7723169742276,0.444
8682,2026-01-07 00:42:00,309.2548092642631,0.36200000000000004
8683,2026-01-07 00:43:00,309.50900661806287,0.319
8684,2026-01-07 00:44:00,307.62833923501876,0.4
8685,2026-01-07 00:45:00,307.8759091219176,0.258
8686,2026-01-07 00:46:00,309.151525587831,0.444
8687,2026-01-07 00:47:00,307.8690848733866,0.498
8688,2026-01-07 00:48:00,308.4341805677542,0.335
8689,2026-01-07 00:49:00,308.3979881512377,0.462
8690,2026-01-07 00:50:00,308.5911935041967,0.341
8691,2026-01-07 00:51:00,308.6478921753552,0.43799999999999994
8692,2026-01-07 00:52:00,308.6599807940647,0.384
8693,2026-01-07 00:53:00,308.63283848900613,0.23
8694,2026-01-07 00:54:00,309.48027067396083,0.513
8695,2026-01-07 00:55:00,307.9851679294445,0.4
8696,2026-01-07 00:56:00,308.53246462785387,0.524
8697,2026-01-07 00:57:00,309.34006030190943,0.53
8698,2026-01-07 00:58:00,308.61094523895923,0.41700000000000004
8699,2026-01-07 00:59:00,308.16636798342836,0.54
8700,2026-01-07 01:00:00,308.4753688806031,0.35600000000000004
8701,2026-01-07 01:01:00,308.6487918921112,0.321
8702,2026-01-07 01:02:00,307.76411959317073,0.287
8703,2026-01-07 01:03:00,308.9418905669165,0.321
8704,2026-01-07 01:04:00,308.13612310797157,0.24100000000000002
8705,2026-01-07 01:05:00,308.7114240513091,0.41100000000000003
8706,2026-01-07 01:06:00,309.5181856431615,0.371
8707,2026-01-07 01:07:00,308.2242665175766,0.313
8708,2026-01-07 01:08:00,309.0072916285304,0.423
8709,2026-01-07 01:09:00,309.1810818806506,0.39299999999999996
8710,2026-01-07 01:10:00,309.06566472342126,0.431
8711,2026-01-07 01:11:00,309.0473365753116,0.361
8712,2026-01-07 01:12:00,308.9235024812642,0.307
8713,2026-01-07 01:13:00,308.5382330689431,0.504
8714,2026-01-07 01:14:00,308.62435470702934,0.344
8715,2026-01-07 01:15:00,308.71508024135653,0.39
8716,2026-01-07 01:16:00,308.4575905398051,0.42100000000000004
8717,2026-01-07 01:17:00,308.61941024024406,0.33
8718,2026-01-07 01:18:00,308.6166864423438,0.385
8719,2026-01-07 01:19:00,308.39180517404213,0.381
8720,2026-01-07 01:20:00,309.34111734906753,0.5379999999999999
8721,2026-01-07 01:21:00,308.3648824815594,0.33899999999999997
8722,2026-01-07 01:22:00,308.43983812734393,0.466
8723,2026-01-07 01:23:00,308.4036460727229,0.23600000000000002
8724,2026-01-07 01:24:00,309.66583149537354,0.445
8725,2026-01-07 01:25:00,309.12852313036126,0.415
8726,2026-01-07 01:26:00,308.6516078827726,0.47600000000000003
8727,2026-01-07 01:27:00,308.97174527554546,0.402
8728,2026-01-07 01:28:00,309.6891370799896,0.36700000000000005
8729,2026-01-07 01:29:00,308.8800220690713,0.36700000000000005
8730,2026-01-07 01:30:00,308.99673558653853,0.376
8731,2026-01-07 01:31:00,309.22817598414616,0.33899999999999997
8732,2026-01-07 01:32:00,308.9217597682973,0.41200000000000003
8733,2026-01-07 01:33:00,309.6433736029641,0.39
8734,2026-01-07 01:34:00,309.44355712865024,0.511
8735,2026-01-07 01:35:00,308.63469786727774,0.23
8736,2026-01-07 01:36:00,307.7395241913436,0.46299999999999997
8737,2026-01-07 01:37:00,309.4249751617249,0.445
8738,2026-01-07 01:38:00,308.88543015626374,0.42
8739,2026-01-07 01:39:00,307.98918700951674,0.396
8740,2026-01-07 01:40:00,308.00764309455036,0.264
8741,2026-01-07 01:41:00,308.39967954144635,0.308
8742,2026-01-07 01:42:00,308.414735679066,0.42
8743,2026-01-07 01:43:00,308.46360054108186,0.5589999999999999
8744,2026-01-07 01:44:00,307.99026312572096,0.331
8745,2026-01-07 01:45:00,308.42417745735605,0.305
8746,2026-01-07 01:46:00,308.96103709378514,0.319
8747,2026-01-07 01:47:00,308.23616332602484,0.262
8748,2026-01-07 01:48:00,308.3127246262987,0.349
8749,2026-01-07 01:49:00,308.44945446247726,0.53
8750,2026-01-07 01:50:00,308.20491656600666,0.53
8751,2026-01-07 01:51:00,307.9844020833658,0.46399999999999997
8752,2026-01-07 01:52:00,309.2904206035039,0.498
8753,2026-01-07 01:53:00,309.0598089431589,0.24
8754,2026-01-07 01:54:00,309.2285595808547,0.36700000000000005
8755,2026-01-07 01:55:00,308.99131534354433,0.33399999999999996
8756,2026-01-07 01:56:00,309.2149349943892,0.494
8757,2026-01-07 01:57:00,308.1294366839576,0.507
8758,2026-01-07 01:58:00,309.0069733118411,0.535
8759,2026-01-07 01:59:00,307.5976534560485,0.536
8760,2026-01-07 02:00:00,308.1147174416194,0.41200000000000003
8761,2026-01-07 02:01:00,308.2945651693115,0.32799999999999996
8762,2026-01-07 02:02:00,307.531538950438,0.39
8763,2026-01-07 02:03:00,308.7331043874911,0.289
8764,2026-01-07 02:04:00,309.36661542282343,0.376
8765,2026-01-07 02:05:00,308.42487447124375,0.515
8766,2026-01-07 02:06:00,308.2791704071316,0.387
8767,2026-01-07 02:07:00,308.6215359603265,0.526
8768,2026-01-07 02:08:00,308.7509780037307,0.38799999999999996
8769,2026-01-07 02:09:00,308.5598260026602,0.45
8770,2026-01-07 02:10:00,308.5726064690788,0.515
8771,2026-01-07 02:11:00,307.9521927452831,0.521
8772,2026-01-07 02:12:00,309.1735646504818,0.423
8773,2026-01-07 02:13:00,309.3538415930047,0.447
8774,2026-01-07 02:14:00,308.7896989478008,0.45799999999999996
8775,2026-01-07 02:15:00,308.2630704072615,0.433
8776,2026-01-07 02:16:00,309.29115846180207,0.271
8777,2026-01-07 02:17:00,308.92650509788353,0.507
8778,2026-01-07 02:18:00,307.9068444205899,0.301
8779,2026-01-07 02:19:00,308.69423292366434,0.532
8780,2026-01-07 02:20:00,309.2982717168228,0.439
8781,2026-01-07 02:21:00,308.40523030388636,0.439
8782,2026-01-07 02:22:00,308.3995386224702,0.455
8783,2026-01-07 02:23:00,307.9003696129087,0.512
8784,2026-01-07 02:24:00,308.5328465260741,0.259
8785,2026-01-07 02:25:00,308.35600089478254,0.364
8786,2026-01-07 02:26:00,308.80471395549375,0.39399999999999996
8787,2026-01-07 02:27:00,308.15264864290197,0.23800000000000002
8788,2026-01-07 02:28:00,307.51214590103865,0.312
8789,2026-01-07 02:29:00,308.17334524872456,0.467
8790,2026-01-07 02:30:00,308.39753314580815,0.413
8791,2026-01-07 02:31:00,308.9952449941127,0.47200000000000003
8792,2026-01-07 02:32:00,308.4006016370503,0.364
8793,2026-01-07 02:33:00,309.1632737975398,0.431
8794,2026-01-07 02:34:00,308.494223176151,0.486
8795,2026-01-07 02:35:00,308.44555979736697,0.607
8796,2026-01-07 02:36:00,307.7461446117875,0.426
8797,2026-01-07 02:37:00,308.2786928637609,0.34299999999999997
8798,2026-01-07 02:38:00,308.55570298717237,0.32799999999999996
8799,2026-01-07 02:39:00,309.22165328717335,0.48100000000000004
8800,2026-01-07 02:40:00,309.6834670688782,0.433
8801,2026-01-07 02:41:00,307.85815021437213,0.32799999999999996
8802,2026-01-07 02:42:00,309.1612656289212,0.358
8803,2026-01-07 02:43:00,308.45202224623165,0.419
8804,2026-01-07 02:44:00,309.0617492902093,0.295
8805,2026-01-07 02:45:00,308.37817740229394,0.512
8806,2026-01-07 02:46:00,308.30532352199697,0.55
8807,2026-01-07 02:47:00,309.0064940641295,0.45799999999999996
8808,2026-01-07 02:48:00,308.358829024743,0.535
8809,2026-01-07 02:49:00,308.70178944412515,0.48
8810,2026-01-07 02:50:00,309.35377611830177,0.489
8811,2026-01-07 02:51:00,308.7601940341212,0.4
8812,2026-01-07 02:52:00,307.261612540649,0.33799999999999997
8813,2026-01-07 02:53:00,308.81842623590126,0.49700000000000005
8814,2026-01-07 02:54:00,308.73638573505445,0.574
8815,2026-01-07 02:55:00,309.4338430321432,0.245
8816,2026-01-07 02:56:00,309.61492024521283,0.413
8817,2026-01-07 02:57:00,308.4756647884016,0.479
8818,2026-01-07 02:58:00,309.66284597082426,0.499
8819,2026-01-07 02:59:00,308.06273972368814,0.358
8820,2026-01-07 03:00:00,307.68597602418396,0.441
8821,2026-01-07 03:01:00,308.4568820889695,0.428
8822,2026-01-07 03:02:00,308.3643925360417,0.268
8823,2026-01-07 03:03:00,308.8473930556783,0.341
8824,2026-01-07 03:04:00,309.02495518796695,0.413
8825,2026-01-07 03:05:00,308.3850779113305,0.462
8826,2026-01-07 03:06:00,308.7539446989048,0.535
8827,2026-01-07 03:07:00,309.47371881690793,0.28800000000000003
8828,2026-01-07 03:08:00,308.9189436111277,0.385
8829,2026-01-07 03:09:00,308.0780695765993,0.547
8830,2026-01-07 03:10:00,308.4965467022694,0.39
8831,2026-01-07 03:11:00,308.99194761207843,0.37
8832,2026-01-07 03:12:00,307.9014465523021,0.39299999999999996
8833,2026-01-07 03:13:00,307.62453733186527,0.436
8834,2026-01-07 03:14:00,309.5731281442318,0.38
8835,2026-01-07 03:15:00,308.9362728170921,0.308
8836,2026-01-07 03:16:00,309.3356014745484,0.591
8837,2026-01-07 03:17:00,308.95095935940645,0.624
8838,2026-01-07 03:18:00,308.8420522774143,0.435
8839,2026-01-07 03:19:00,309.12994286815666,0.44799999999999995
8840,2026-01-07 03:20:00,308.4629660434931,0.307
8841,2026-01-07 03:21:00,309.3434903543641,0.43200000000000005
8842,2026-01-07 03:22:00,309.21743468246495,0.35100000000000003
8843,2026-01-07 03:23:00,308.07349918390764,0.39899999999999997
8844,2026-01-07 03:24:00,308.87117854847514,0.41100000000000003
8845,2026-01-07 03:25:00,309.08759938191906,0.418
8846,2026-01-07 03:26:00,308.7820522892372,0.281
8847,2026-01-07 03:27:00,309.02506073846513,0.637
8848,2026-01-07 03:28:00,309.06352070465294,0.263
8849,2026-01-07 03:29:00,308.49034807149235,0.335
8850,2026-01-07 03:30:00,308.93459599322495,0.444
8851,2026-01-07 03:31:00,310.01980946166424,0.373
8852,2026-01-07 03:32:00,308.9622630355719,0.34700000000000003
8853,2026-01-07 03:33:00,309.5929981769686,0.41700000000000004
8854,2026-01-07 03:34:00,309.739283340542,0.287
8855,2026-01-07 03:35:00,308.93750190772386,0.348
8856,2026-01-07 03:36:00,309.52439264044847,0.498
8857,2026-01-07 03:37:00,307.9900495809519,0.396
8858,2026-01-07 03:38:00,308.5487796120914,0.419
8859,2026-01-07 03:39:00,308.5555566823349,0.465
8860,2026-01-07 03:40:00,309.1677371605182,0.375
8861,2026-01-07 03:41:00,309.34020572977056,0.496
8862,2026-01-07 03:42:00,308.46040503860894,0.392
8863,2026-01-07 03:43:00,309.2181389253598,0.381
8864,2026-01-07 03:44:00,309.42808889671613,0.364
8865,2026-01-07 03:45:00,308.205563470416,0.45299999999999996
8866,2026-01-07 03:46:00,309.788508411843,0.51
8867,2026-01-07 03:47:00,309.34074007171097,0.252
8868,2026-01-07 03:48:00,309.4293306258039,0.45799999999999996
8869,2026-01-07 03:49:00,308.4652273337919,0.26899999999999996
8870,2026-01-07 03:50:00,309.78389446781875,0.395
8871,2026-01-07 03:51:00,309.61055371016414,0.39799999999999996
8872,2026-01-07 03:52:00,309.5032583359348,0.379
8873,2026-01-07 03:53:00,309.1215083188549,0.49700000000000005
8874,2026-01-07 03:54:00,308.96308413256156,0.381
8875,2026-01-07 03:55:00,309.71434844963323,0.324
8876,2026-01-07 03:56:00,309.24668972517355,0.429
8877,2026-01-07 03:57:00,309.76072825313963,0.36700000000000005
8878,2026-01-07 03:58:00,308.44078043105844,0.376
8879,2026-01-07 03:59:00,309.79170339516867,0.391
8880,2026-01-07 04:00:00,308.5299020970492,0.191
8881,2026-01-07 04:01:00,308.76870394675524,0.342
8882,2026-01-07 04:02:00,308.7652217006037,0.28300000000000003
8883,2026-01-07 04:03:00,308.8730265090334,0.43
8884,2026-01-07 04:04:00,309.5900014361563,0.465
8885,2026-01-07 04:05:00,308.63371069371925,0.38
8886,2026-01-07 04:06:00,308.90864657644374,0.401
8887,2026-01-07 04:07:00,308.53955057906563,0.319
8888,2026-01-07 04:08:00,308.99409212711123,0.35600000000000004
8889,2026-01-07 04:09:00,308.05133070608855,0.387
8890,2026-01-07 04:10:00,309.19602868838837,0.27699999999999997
8891,2026-01-07 04:11:00,308.56149373906385,0.294
8892,2026-01-07 04:12:00,308.95228437059546,0.501
8893,2026-01-07 04:13:00,308.1007491643453,0.46299999999999997
8894,2026-01-07 04:14:00,309.46945832207933,0.499
8895,2026-01-07 04:15:00,308.7462646488228,0.382
8896,2026-01-07 04:16:00,308.2201444656748,0.552
8897,2026-01-07 04:17:00,309.25544190850036,0.344
8898,2026-01-07 04:18:00,309.617301366164,0.43700000000000006
8899,2026-01-07 04:19:00,308.77084328166075,0.44299999999999995
8900,2026-01-07 04:20:00,307.9996462922537,0.40399999999999997
8901,2026-01-07 04:21:00,307.9348333196686,0.37
8902,2026-01-07 04:22:00,308.2866018369447,0.23800000000000002
8903,2026-01-07 04:23:00,308.75876843476345,0.43700000000000006
8904,2026-01-07 04:24:00,308.85222715657704,0.469
8905,2026-01-07 04:25:00,308.43941003584257,0.493
8906,2026-01-07 04:26:00,308.60509263487205,0.541
8907,2026-01-07 04:27:00,308.2945984023391,0.157
8908,2026-01-07 04:28:00,308.495844819079,0.379
8909,2026-01-07 04:29:00,308.2686978980679,0.512
8910,2026-01-07 04:30:00,308.80348395845243,0.28
8911,2026-01-07 04:31:00,308.2465279609449,0.45799999999999996
8912,2026-01-07 04:32:00,307.82000836543244,0.33299999999999996
8913,2026-01-07 04:33:00,308.3751745555085,0.426
8914,2026-01-07 04:34:00,308.7858669047337,0.45299999999999996
8915,2026-01-07 04:35:00,308.4199905748194,0.42200000000000004
8916,2026-01-07 04:36:00,307.85594549266824,0.425
8917,2026-01-07 04:37:00,308.75424595694005,0.596
8918,2026-01-07 04:38:00,307.7644198835834,0.25
8919,2026-01-07 04:39:00,308.04776727537245,0.415
8920,2026-01-07 04:40:00,308.1475857745554,0.358
8921,2026-01-07 04:41:00,308.0807570868856,0.39399999999999996
8922,2026-01-07 04:42:00,308.59427693167186,0.39899999999999997
8923,2026-01-07 04:43:00,309.2467954781434,0.436
8924,2026-01-07 04:44:00,307.8371031428038,0.41700000000000004
8925,2026-01-07 04:45:00,308.585840847311,0.35700000000000004
8926,2026-01-07 04:46:00,308.7897672774189,0.26899999999999996
8927,2026-01-07 04:47:00,307.7187593610701,0.42
8928,2026-01-07 04:48:00,308.15533205179065,0.526
8929,2026-01-07 04:49:00,308.7380560659448,0.41
8930,2026-01-07 04:50:00,308.59226383810244,0.44799999999999995
8931,2026-01-07 04:51:00,308.6374360534534,0.193
8932,2026-01-07 04:52:00,308.2983252303777,0.322
8933,2026-01-07 04:53:00,307.73281752829496,0.17
8934,2026-01-07 04:54:00,308.41215962360684,0.444
8935,2026-01-07 04:55:00,307.5271471006111,0.382
8936,2026-01-07 04:56:00,308.6599066309693,0.33799999999999997
8937,2026-01-07 04:57:00,308.5628565470606,0.245
8938,2026-01-07 04:58:00,308.0030922749883,0.382
8939,2026-01-07 04:59:00,308.9547461549631,0.419
8940,2026-01-07 05:00:00,308.08093481349573,0.603
8941,2026-01-07 05:01:00,308.3231388034629,0.5
8942,2026-01-07 05:02:00,308.0681919499312,0.284
8943,2026-01-07 05:03:00,308.17284719265814,0.425
8944,2026-01-07 05:04:00,307.38264576896825,0.36
8945,2026-01-07 05:05:00,307.84001776961713,0.49
8946,2026-01-07 05:06:00,307.6138692097701,0.551
8947,2026-01-07 05:07:00,308.51871973665124,0.574
8948,2026-01-07 05:08:00,308.10185525442716,0.537
8949,2026-01-07 05:09:00,308.7948982828466,0.27699999999999997
8950,2026-01-07 05:10:00,307.83544077926507,0.465
8951,2026-01-07 05:11:00,308.76912687032524,0.247
8952,2026-01-07 05:12:00,308.5283711864799,0.45
8953,2026-01-07 05:13:00,308.72824309750223,0.302
8954,2026-01-07 05:14:00,308.17671926048274,0.304
8955,2026-01-07 05:15:00,307.2664170156029,0.449
8956,2026-01-07 05:16:00,308.4831403257814,0.447
8957,2026-01-07 05:17:00,306.9061604729291,0.303
8958,2026-01-07 05:18:00,307.8395490870303,0.40399999999999997
8959,2026-01-07 05:19:00,308.30194118496644,0.506
8960,2026-01-07 05:20:00,307.40389321121796,0.5
8961,2026-01-07 05:21:00,307.9639478660793,0.374
8962,2026-01-07 05:22:00,307.81531822215646,0.35700000000000004
8963,2026-01-07 05:23:00,307.17809478212155,0.499
8964,2026-01-07 05:24:00,307.391262253921,0.483
8965,2026-01-07 05:25:00,307.1180841844655,0.424
8966,2026-01-07 05:26:00,307.5762998594785,0.342
8967,2026-01-07 05:27:00,307.4980510196731,0.34600000000000003
8968,2026-01-07 05:28:00,307.5420464633538,0.312
8969,2026-01-07 05:29:00,307.5909205091823,0.45
8970,2026-01-07 05:30:00,308.23531920148565,0.511
8971,2026-01-07 05:31:00,308.42403590972697,0.424
8972,2026-01-07 05:32:00,308.13734722476096,0.39399999999999996
8973,2026-01-07 05:33:00,307.82432315850156,0.601
8974,2026-01-07 05:34:00,307.3104974046119,0.511
8975,2026-01-07 05:35:00,308.458193103309,0.604
8976,2026-01-07 05:36:00,308.0913679266446,0.423
8977,2026-01-07 05:37:00,308.05230288462286,0.439
8978,2026-01-07 05:38:00,307.3897489269687,0.358
8979,2026-01-07 05:39:00,308.35513962430423,0.24600000000000002
8980,2026-01-07 05:40:00,308.62265160607745,0.48200000000000004
8981,2026-01-07 05:41:00,307.6502780424131,0.384
8982,2026-01-07 05:42:00,308.1115387950456,0.294
8983,2026-01-07 05:43:00,308.1382795880339,0.37200000000000005
8984,2026-01-07 05:44:00,308.3784809195607,0.375
8985,2026-01-07 05:45:00,307.896491566309,0.203
8986,2026-01-07 05:46:00,307.8847698320141,0.43700000000000006
8987,2026-01-07 05:47:00,308.91632868180255,0.371
8988,2026-01-07 05:48:00,307.8508343610946,0.389
8989,2026-01-07 05:49:00,308.21622356624516,0.428
8990,2026-01-07 05:50:00,308.3140837606393,0.39399999999999996
8991,2026-01-07 05:51:00,307.7800573793134,0.461
8992,2026-01-07 05:52:00,308.65071665479957,0.39899999999999997
8993,2026-01-07 05:53:00,307.1070395584964,0.366
8994,2026-01-07 05:54:00,307.5477757243479,0.491
8995,2026-01-07 05:55:00,308.0816583189615,0.34299999999999997
8996,2026-01-07 05:56:00,307.9302696105488,0.581
8997,2026-01-07 05:57:00,307.68938309584115,0.418
8998,2026-01-07 05:58:00,308.04566476390454,0.462
8999,2026-01-07 05:59:00,308.08514098725584,0.424
9000,2026-01-07 06:00:00,308.36557184451885,0.344
9001,2026-01-07 06:01:00,307.92819902859407,0.4
9002,2026-01-07 06:02:00,307.64395424468313,0.359
9003,2026-01-07 06:03:00,307.82449810266144,0.26
9004,2026-01-07 06:04:00,307.94518498419427,0.43
9005,2026-01-07 06:05:00,307.79061315109533,0.613
9006,2026-01-07 06:06:00,308.99918954722864,0.49700000000000005
9007,2026-01-07 06:07:00,307.5190579341502,0.527
9008,2026-01-07 06:08:00,307.1096667477761,0.52
9009,2026-01-07 06:09:00,308.32072273392004,0.354
9010,2026-01-07 06:10:00,307.964841709927,0.313
9011,2026-01-07 06:11:00,307.85702689779157,0.335
9012,2026-01-07 06:12:00,308.37554182222635,0.34600000000000003
9013,2026-01-07 06:13:00,308.3352699418111,0.466
9014,2026-01-07 06:14:00,309.0379190517006,0.309
9015,2026-01-07 06:15:00,308.4220413556861,0.455
9016,2026-01-07 06:16:00,308.14765479853725,0.359
9017,2026-01-07 06:17:00,307.39843462274837,0.281
9018,2026-01-07 06:18:00,307.65561077751295,0.44
9019,2026-01-07 06:19:00,307.9434408591726,0.48700000000000004
9020,2026-01-07 06:20:00,308.36597287180746,0.38799999999999996
9021,2026-01-07 06:21:00,308.68352851007535,0.44299999999999995
9022,2026-01-07 06:22:00,307.8937245483354,0.239
9023,2026-01-07 06:23:00,307.9773456058428,0.28800000000000003
9024,2026-01-07 06:24:00,307.3262141905574,0.41
9025,2026-01-07 06:25:00,308.90814671364836,0.462
9026,2026-01-07 06:26:00,308.1248790971569,0.27699999999999997
9027,2026-01-07 06:27:00,307.8568149162522,0.377
9028,2026-01-07 06:28:00,308.40849839224717,0.244
9029,2026-01-07 06:29:00,307.90634032303365,0.149
9030,2026-01-07 06:30:00,307.4631150962697,0.519
9031,2026-01-07 06:31:00,307.99860950714395,0.37
9032,2026-01-07 06:32:00,310.1107704883294,0.615
9033,2026-01-07 06:33:00,308.4765775121681,0.32899999999999996
9034,2026-01-07 06:34:00,308.3152004227004,0.4
9035,2026-01-07 06:35:00,307.72979954041296,0.39899999999999997
9036,2026-01-07 06:36:00,308.1528056782968,0.34600000000000003
9037,2026-01-07 06:37:00,307.9593509897963,0.281
9038,2026-01-07 06:38:00,308.3966170402836,0.374
9039,2026-01-07 06:39:00,307.360264717352,0.505
9040,2026-01-07 06:40:00,308.60980019805675,0.34299999999999997
9041,2026-01-07 06:41:00,308.01175513076225,0.314
9042,2026-01-07 06:42:00,308.2373274310727,0.24600000000000002
9043,2026-01-07 06:43:00,309.4109366082576,0.221
9044,2026-01-07 06:44:00,308.39056669270906,0.322
9045,2026-01-07 06:45:00,307.9628712646619,0.382
9046,2026-01-07 06:46:00,308.8194184644311,0.231
9047,2026-01-07 06:47:00,308.0240927307982,0.419
9048,2026-01-07 06:48:00,308.34534474782276,0.345
9049,2026-01-07 06:49:00,308.8708363905803,0.5720000000000001
9050,2026-01-07 06:50:00,308.4646339172916,0.256
9051,2026-01-07 06:51:00,307.4476052820573,0.45799999999999996
9052,2026-01-07 06:52:00,308.5778221177158,0.26
9053,2026-01-07 06:53:00,308.5837741825122,0.353
9054,2026-01-07 06:54:00,308.33587260866966,0.397
9055,2026-01-07 06:55:00,309.2284102767417,0.252
9056,2026-01-07 06:56:00,309.16850327262074,0.17300000000000001
9057,2026-01-07 06:57:00,308.2534067936067,0.303
9058,2026-01-07 06:58:00,308.425270967972,0.5660000000000001
9059,2026-01-07 06:59:00,308.34093468437607,0.303
9060,2026-01-07 07:00:00,308.4824248595182,0.281
9061,2026-01-07 07:01:00,308.72662097086067,0.452
9062,2026-01-07 07:02:00,307.79256857302227,0.54
9063,2026-01-07 07:03:00,307.57410253906613,0.272
9064,2026-01-07 07:04:00,308.9810668423207,0.312
9065,2026-01-07 07:05:00,307.83231360643975,0.413
9066,2026-01-07 07:06:00,307.9199230163448,0.36
9067,2026-01-07 07:07:00,307.98164074396533,0.44299999999999995
9068,2026-01-07 07:08:00,308.1915274910665,0.261
9069,2026-01-07 07:09:00,308.3220528712609,0.35700000000000004
9070,2026-01-07 07:10:00,308.1689633119962,0.424
9071,2026-01-07 07:11:00,308.87917733212754,0.254
9072,2026-01-07 07:12:00,308.7518974317854,0.35100000000000003
9073,2026-01-07 07:13:00,307.78404078874127,0.496
9074,2026-01-07 07:14:00,308.15871964729104,0.35700000000000004
9075,2026-01-07 07:15:00,307.5987155621653,0.754
9076,2026-01-07 07:16:00,307.8181324580916,0.54
9077,2026-01-07 07:17:00,307.5718982477083,0.43700000000000006
9078,2026-01-07 07:18:00,307.05752336380755,0.276
9079,2026-01-07 07:19:00,307.32023465327546,0.26899999999999996
9080,2026-01-07 07:20:00,308.7534340413172,0.203
9081,2026-01-07 07:21:00,307.8452081503491,0.29
9082,2026-01-07 07:22:00,308.0810270216392,0.311
9083,2026-01-07 07:23:00,308.06912557211683,0.344
9084,2026-01-07 07:24:00,308.1116559830815,0.306
9085,2026-01-07 07:25:00,308.2302575350134,0.588
9086,2026-01-07 07:26:00,308.44661042636164,0.457
9087,2026-01-07 07:27:00,307.5323427443444,0.309
9088,2026-01-07 07:28:00,307.6090575429037,0.369
9089,2026-01-07 07:29:00,307.07173921532683,0.498
9090,2026-01-07 07:30:00,308.1769065588153,0.523
9091,2026-01-07 07:31:00,308.5399337075068,0.535
9092,2026-01-07 07:32:00,308.1656152034295,0.314
9093,2026-01-07 07:33:00,307.91940736669613,0.382
9094,2026-01-07 07:34:00,307.9511056785873,0.41
9095,2026-01-07 07:35:00,308.9205452578965,0.478
9096,2026-01-07 07:36:00,308.1526734319929,0.349
9097,2026-01-07 07:37:00,308.1194369096203,0.218
9098,2026-01-07 07:38:00,307.9204157395541,0.303
9099,2026-01-07 07:39:00,307.712845018693,0.38799999999999996
9100,2026-01-07 07:40:00,308.7542846348345,0.397
9101,2026-01-07 07:41:00,308.6764578618324,0.49
9102,2026-01-07 07:42:00,309.17751745965296,0.51
9103,2026-01-07 07:43:00,308.03020564875413,0.38299999999999995
9104,2026-01-07 07:44:00,309.0268154728729,0.285
9105,2026-01-07 07:45:00,308.36611364547235,0.39
9106,2026-01-07 07:46:00,307.5983407877256,0.48200000000000004
9107,2026-01-07 07:47:00,308.09040308385727,0.321
9108,2026-01-07 07:48:00,307.8842058744671,0.466
9109,2026-01-07 07:49:00,309.022163218683,0.42100000000000004
9110,2026-01-07 07:50:00,309.3047622275568,0.295
9111,2026-01-07 07:51:00,308.187930789657,0.387
9112,2026-01-07 07:52:00,307.8594629558815,0.45899999999999996
9113,2026-01-07 07:53:00,308.1444896235527,0.41200000000000003
9114,2026-01-07 07:54:00,308.2440356677674,0.428
9115,2026-01-07 07:55:00,307.69215850302027,0.504
9116,2026-01-07 07:56:00,307.9631971019693,0.342
9117,2026-01-07 07:57:00,307.3568127029545,0.40700000000000003
9118,2026-01-07 07:58:00,308.6405514669848,0.272
9119,2026-01-07 07:59:00,308.6691400918773,0.45899999999999996
9120,2026-01-07 08:00:00,307.51661557883193,0.301
9121,2026-01-07 08:01:00,308.0784503365888,0.327
9122,2026-01-07 08:02:00,308.1568393319252,0.467
9123,2026-01-07 08:03:00,307.9932633945098,0.42
9124,2026-01-07 08:04:00,308.6658186238623,0.457
9125,2026-01-07 08:05:00,308.2972589642789,0.402
9126,2026-01-07 08:06:00,308.67096560457213,0.503
9127,2026-01-07 08:07:00,309.32393744410297,0.29100000000000004
9128,2026-01-07 08:08:00,308.69408921043936,0.284
9129,2026-01-07 08:09:00,308.845991557864,0.37
9130,2026-01-07 08:10:00,308.3855283470733,0.369
9131,2026-01-07 08:11:00,308.70118260252656,0.39899999999999997
9132,2026-01-07 08:12:00,308.8732451188983,0.364
9133,2026-01-07 08:13:00,308.9867875998615,0.342
9134,2026-01-07 08:14:00,308.1587154074581,0.426
9135,2026-01-07 08:15:00,308.3620454900912,0.41600000000000004
9136,2026-01-07 08:16:00,308.9816449721569,0.371
9137,2026-01-07 08:17:00,308.29876424014304,0.4
9138,2026-01-07 08:18:00,308.5155274385095,0.272
9139,2026-01-07 08:19:00,308.9138620373424,0.40399999999999997
9140,2026-01-07 08:20:00,308.80695296829566,0.505
9141,2026-01-07 08:21:00,309.4415115034739,0.57
9142,2026-01-07 08:22:00,309.28260101117957,0.405
9143,2026-01-07 08:23:00,308.91708317524285,0.536
9144,2026-01-07 08:24:00,308.2358317876588,0.33799999999999997
9145,2026-01-07 08:25:00,308.25212642885674,0.36
9146,2026-01-07 08:26:00,308.63463969259476,0.574
9147,2026-01-07 08:27:00,307.67527364230716,0.5479999999999999
9148,2026-01-07 08:28:00,308.6933781054998,0.523
9149,2026-01-07 08:29:00,307.57850076971215,0.462
9150,2026-01-07 08:30:00,308.00642327064753,0.355
9151,2026-01-07 08:31:00,307.8381660050632,0.28
9152,2026-01-07 08:32:00,308.61043846456835,0.3
9153,2026-01-07 08:33:00,309.7756645341134,0.397
9154,2026-01-07 08:34:00,309.5057722831821,0.473
9155,2026-01-07 08:35:00,308.9735053955849,0.14400000000000002
9156,2026-01-07 08:36:00,307.9431963264468,0.624
9157,2026-01-07 08:37:00,308.07006677170267,0.534
9158,2026-01-07 08:38:00,308.23272968781504,0.41200000000000003
9159,2026-01-07 08:39:00,309.63887247292797,0.444
9160,2026-01-07 08:40:00,307.9073906475893,0.245
9161,2026-01-07 08:41:00,307.2070751770118,0.46799999999999997
9162,2026-01-07 08:42:00,309.6769802717661,0.456
9163,2026-01-07 08:43:00,309.4677497118474,0.272
9164,2026-01-07 08:44:00,309.5100045464293,0.322
9165,2026-01-07 08:45:00,308.77452483004265,0.256
9166,2026-01-07 08:46:00,308.60695802275643,0.642
9167,2026-01-07 08:47:00,309.24877838362875,0.40399999999999997
9168,2026-01-07 08:48:00,309.0418780402617,0.43
9169,2026-01-07 08:49:00,308.9285643696897,0.569
9170,2026-01-07 08:50:00,308.63068067433164,0.447
9171,2026-01-07 08:51:00,308.5564766395385,0.369
9172,2026-01-07 08:52:00,308.86944630686213,0.361
9173,2026-01-07 08:53:00,308.59982708687386,0.45
9174,2026-01-07 08:54:00,308.89743188015353,0.366
9175,2026-01-07 08:55:00,309.2633114109314,0.366
9176,2026-01-07 08:56:00,309.9750859993838,0.503
9177,2026-01-07 08:57:00,308.96638648770085,0.29
9178,2026-01-07 08:58:00,308.7369837054809,0.473
9179,2026-01-07 08:59:00,309.01780298955384,0.402
9180,2026-01-07 09:00:00,308.620731559178,0.32
9181,2026-01-07 09:01:00,308.90236097456517,0.385
9182,2026-01-07 09:02:00,308.3279525668165,0.21600000000000003
9183,2026-01-07 09:03:00,309.21600142097844,0.358
9184,2026-01-07 09:04:00,309.71098435664106,0.409
9185,2026-01-07 09:05:00,309.48084163804003,0.406
9186,2026-01-07 09:06:00,309.2271741185284,0.376
9187,2026-01-07 09:07:00,309.0497835048182,0.377
9188,2026-01-07 09:08:00,308.96278813385504,0.49
9189,2026-01-07 09:09:00,308.9004790661425,0.376
9190,2026-01-07 09:10:00,309.5648907469961,0.314
9191,2026-01-07 09:11:00,309.59128093210114,0.321
9192,2026-01-07 09:12:00,308.21675711357346,0.442
9193,2026-01-07 09:13:00,309.1534423836532,0.369
9194,2026-01-07 09:14:00,308.22735815637225,0.35200000000000004
9195,2026-01-07 09:15:00,308.4793160090054,0.361
9196,2026-01-07 09:16:00,308.82038602923194,0.32899999999999996
9197,2026-01-07 09:17:00,308.77325801181456,0.44
9198,2026-01-07 09:18:00,308.74345704267364,0.486
9199,2026-01-07 09:19:00,308.68305475032446,0.409
9200,2026-01-07 09:20:00,308.4661841500269,0.5589999999999999
9201,2026-01-07 09:21:00,308.07884322491526,0.139
9202,2026-01-07 09:22:00,308.35399816816266,0.491
9203,2026-01-07 09:23:00,308.92483199870986,0.539
9204,2026-01-07 09:24:00,308.7854008299377,0.324
9205,2026-01-07 09:25:00,309.22745709947816,0.371
9206,2026-01-07 09:26:00,309.47462125487743,0.317
9207,2026-01-07 09:27:00,308.8713445170769,0.43700000000000006
9208,2026-01-07 09:28:00,307.8985277224301,0.496
9209,2026-01-07 09:29:00,309.42582941855204,0.502
9210,2026-01-07 09:30:00,308.7666584286001,0.57
9211,2026-01-07 09:31:00,307.9622990830927,0.581
9212,2026-01-07 09:32:00,308.96525388900875,0.3
9213,2026-01-07 09:33:00,308.6784851684874,0.385
9214,2026-01-07 09:34:00,308.9553108225824,0.439
9215,2026-01-07 09:35:00,309.5212507480737,0.46799999999999997
9216,2026-01-07 09:36:00,308.45848799178765,0.23600000000000002
9217,2026-01-07 09:37:00,308.6814627910839,0.235
9218,2026-01-07 09:38:00,309.1682367121248,0.44299999999999995
9219,2026-01-07 09:39:00,308.9420311990262,0.375
9220,2026-01-07 09:40:00,308.52069037957574,0.17800000000000002
9221,2026-01-07 09:41:00,308.78078703169047,0.226
9222,2026-01-07 09:42:00,309.2641637208345,0.365
9223,2026-01-07 09:43:00,309.2918542494321,0.52
9224,2026-01-07 09:44:00,309.2137407685627,0.451
9225,2026-01-07 09:45:00,309.04090900582935,0.203
9226,2026-01-07 09:46:00,308.3014339018512,0.35200000000000004
9227,2026-01-07 09:47:00,309.10584604442954,0.316
9228,2026-01-07 09:48:00,308.6348244444635,0.254
9229,2026-01-07 09:49:00,309.34060589433557,0.41200000000000003
9230,2026-01-07 09:50:00,308.538129212973,0.519
9231,2026-01-07 09:51:00,308.30678945709576,0.496
9232,2026-01-07 09:52:00,307.4337575582065,0.29100000000000004
9233,2026-01-07 09:53:00,308.7094074979904,0.609
9234,2026-01-07 09:54:00,309.42460085512613,0.49
9235,2026-01-07 09:55:00,308.70164753237935,0.273
9236,2026-01-07 09:56:00,308.5093175503026,0.273
9237,2026-01-07 09:57:00,308.280079849519,0.27
9238,2026-01-07 09:58:00,308.3698484036245,0.307
9239,2026-01-07 09:59:00,309.55689482331053,0.406
9240,2026-01-07 10:00:00,308.8761265734145,0.322
9241,2026-01-07 10:01:00,309.3140171390013,0.259
9242,2026-01-07 10:02:00,308.537628386351,0.28800000000000003
9243,2026-01-07 10:03:00,309.64281958513243,0.361
9244,2026-01-07 10:04:00,309.51895813007644,0.405
9245,2026-01-07 10:05:00,308.4508102742225,0.311
9246,2026-01-07 10:06:00,308.4713477686469,0.315
9247,2026-01-07 10:07:00,309.4007535026926,0.35200000000000004
9248,2026-01-07 10:08:00,309.4021684589677,0.5870000000000001
9249,2026-01-07 10:09:00,308.6117561741328,0.43200000000000005
9250,2026-01-07 10:10:00,308.8795432312761,0.28
9251,2026-01-07 10:11:00,308.26673573736343,0.578
9252,2026-01-07 10:12:00,308.55971252001524,0.384
9253,2026-01-07 10:13:00,309.18567358663256,0.47
9254,2026-01-07 10:14:00,308.68376283614856,0.401
9255,2026-01-07 10:15:00,308.9273114453545,0.369
9256,2026-01-07 10:16:00,308.5261857288474,0.49700000000000005
9257,2026-01-07 10:17:00,307.69308452938066,0.255
9258,2026-01-07 10:18:00,309.4862088581466,0.573
9259,2026-01-07 10:19:00,308.2396919248953,0.315
9260,2026-01-07 10:20:00,308.92887443977116,0.609
9261,2026-01-07 10:21:00,308.6604465229411,0.604
9262,2026-01-07 10:22:00,308.6233652792228,0.205
9263,2026-01-07 10:23:00,308.03833300013315,0.541
9264,2026-01-07 10:24:00,309.5174610868373,0.35700000000000004
9265,2026-01-07 10:25:00,308.84199607576045,0.5489999999999999
9266,2026-01-07 10:26:00,308.69954882180133,0.294
9267,2026-01-07 10:27:00,308.80003872605863,0.303
9268,2026-01-07 10:28:00,308.5892470759566,0.484
9269,2026-01-07 10:29:00,309.38641420212724,0.39899999999999997
9270,2026-01-07 10:30:00,308.3049559191203,0.282
9271,2026-01-07 10:31:00,308.768032693935,0.433
9272,2026-01-07 10:32:00,309.00951555831443,0.45
9273,2026-01-07 10:33:00,307.9899658508993,0.44299999999999995
9274,2026-01-07 10:34:00,308.96278568186784,0.275
9275,2026-01-07 10:35:00,309.4520719929099,0.317
9276,2026-01-07 10:36:00,310.2220866519922,0.47600000000000003
9277,2026-01-07 10:37:00,308.68750897921086,0.32
9278,2026-01-07 10:38:00,309.3919505595491,0.281
9279,2026-01-07 10:39:00,308.7900247812075,0.531
9280,2026-01-07 10:40:00,308.9720017853739,0.45
9281,2026-01-07 10:41:00,309.49315885357663,0.442
9282,2026-01-07 10:42:00,308.91911916650855,0.578
9283,2026-01-07 10:43:00,309.0441338051648,0.341
9284,2026-01-07 10:44:00,309.6487195242862,0.38
9285,2026-01-07 10:45:00,308.93052860608867,0.36200000000000004
9286,2026-01-07 10:46:00,309.2523597497225,0.479
9287,2026-01-07 10:47:00,308.96593915828845,0.391
9288,2026-01-07 10:48:00,309.00069774141656,0.434
9289,2026-01-07 10:49:00,309.5763189373312,0.506
9290,2026-01-07 10:50:00,309.4532266353432,0.504
9291,2026-01-07 10:51:00,308.521568194222,0.419
9292,2026-01-07 10:52:00,309.53758266798485,0.503
9293,2026-01-07 10:53:00,309.8114327262633,0.251
9294,2026-01-07 10:54:00,308.73569996487765,0.38299999999999995
9295,2026-01-07 10:55:00,309.00010064784726,0.43
9296,2026-01-07 10:56:00,308.9059237975331,0.302
9297,2026-01-07 10:57:00,309.0533247785127,0.28300000000000003
9298,2026-01-07 10:58:00,309.05687789302004,0.498
9299,2026-01-07 10:59:00,309.0869159414267,0.48
9300,2026-01-07 11:00:00,309.2455246544137,0.376
9301,2026-01-07 11:01:00,309.2448356552147,0.408
9302,2026-01-07 11:02:00,308.7261034567782,0.43200000000000005
9303,2026-01-07 11:03:00,309.58262103532473,0.336
9304,2026-01-07 11:04:00,309.52768086216395,0.451
9305,2026-01-07 11:05:00,309.28892834442723,0.337
9306,2026-01-07 11:06:00,309.0744724253489,0.41
9307,2026-01-07 11:07:00,309.5618478009548,0.41200000000000003
9308,2026-01-07 11:08:00,309.4317311491697,0.381
9309,2026-01-07 11:09:00,309.7666646807573,0.445
9310,2026-01-07 11:10:00,309.69692806921444,0.215
9311,2026-01-07 11:11:00,308.79803978473694,0.431
9312,2026-01-07 11:12:00,309.53604292690204,0.535
9313,2026-01-07 11:13:00,309.7943476276067,0.381
9314,2026-01-07 11:14:00,308.90310583670544,0.402
9315,2026-01-07 11:15:00,307.9408779413312,0.376
9316,2026-01-07 11:16:00,309.7577447700598,0.408
9317,2026-01-07 11:17:00,309.93355117184524,0.312
9318,2026-01-07 11:18:00,308.69186442787384,0.337
9319,2026-01-07 11:19:00,308.6922750577328,0.19
9320,2026-01-07 11:20:00,308.8267514972568,0.413
9321,2026-01-07 11:21:00,309.2768387564505,0.361
9322,2026-01-07 11:22:00,309.2192080600248,0.379
9323,2026-01-07 11:23:00,308.7746304165631,0.22
9324,2026-01-07 11:24:00,309.6660921732365,0.405
9325,2026-01-07 11:25:00,309.624530416481,0.44799999999999995
9326,2026-01-07 11:26:00,309.3330348380536,0.5
9327,2026-01-07 11:27:00,308.8734733755609,0.319
9328,2026-01-07 11:28:00,308.85287307743897,0.40299999999999997
9329,2026-01-07 11:29:00,309.87950552174607,0.308
9330,2026-01-07 11:30:00,308.7911024598471,0.44799999999999995
9331,2026-01-07 11:31:00,308.6790622783168,0.371
9332,2026-01-07 11:32:00,308.12029877127435,0.461
9333,2026-01-07 11:33:00,309.35653089320056,0.318
9334,2026-01-07 11:34:00,308.7223518070368,0.504
9335,2026-01-07 11:35:00,308.47138080037763,0.337
9336,2026-01-07 11:36:00,309.0839592477392,0.47
9337,2026-01-07 11:37:00,308.8899196846519,0.40399999999999997
9338,2026-01-07 11:38:00,308.50378507445265,0.426
9339,2026-01-07 11:39:00,308.68979767200864,0.491
9340,2026-01-07 11:40:00,308.6549783063004,0.36200000000000004
9341,2026-01-07 11:41:00,308.71973684983897,0.17800000000000002
9342,2026-01-07 11:42:00,308.6470777531845,0.304
9343,2026-01-07 11:43:00,308.61237203337095,0.27899999999999997
9344,2026-01-07 11:44:00,308.22719615378634,0.44299999999999995
9345,2026-01-07 11:45:00,308.8026916525423,0.319
9346,2026-01-07 11:46:00,309.6536508251817,0.28
9347,2026-01-07 11:47:00,309.8970816932278,0.527
9348,2026-01-07 11:48:00,309.2328174742979,0.254
9349,2026-01-07 11:49:00,308.72537439497506,0.451
9350,2026-01-07 11:50:00,309.19613365983014,0.474
9351,2026-01-07 11:51:00,309.49494805491065,0.426
9352,2026-01-07 11:52:00,308.9060212775322,0.331
9353,2026-01-07 11:53:00,308.30794685141746,0.33
9354,2026-01-07 11:54:00,308.03322006503316,0.34299999999999997
9355,2026-01-07 11:55:00,307.9249272756433,0.285
9356,2026-01-07 11:56:00,308.5263218130041,0.5579999999999999
9357,2026-01-07 11:57:00,308.6749734306435,0.48
9358,2026-01-07 11:58:00,308.26509408214537,0.451
9359,2026-01-07 11:59:00,308.24751905381476,0.386
9360,2026-01-07 12:00:00,308.4437865416049,0.368
9361,2026-01-07 12:01:00,308.2295366670103,0.519
9362,2026-01-07 12:02:00,307.29145519073325,0.513
9363,2026-01-07 12:03:00,308.1197690710291,0.414
9364,2026-01-07 12:04:00,308.74003532522204,0.455
9365,2026-01-07 12:05:00,309.596671594918,0.447
9366,2026-01-07 12:06:00,308.02711454003855,0.495
9367,2026-01-07 12:07:00,308.5617387194142,0.27699999999999997
9368,2026-01-07 12:08:00,307.50655626015856,0.41
9369,2026-01-07 12:09:00,307.941158219677,0.28800000000000003
9370,2026-01-07 12:10:00,307.97342419777954,0.485
9371,2026-01-07 12:11:00,308.38754683675035,0.457
9372,2026-01-07 12:12:00,306.86851369979973,0.424
9373,2026-01-07 12:13:00,308.3419200292901,0.336
9374,2026-01-07 12:14:00,308.6002542424983,0.382
9375,2026-01-07 12:15:00,307.5804768685268,0.574
9376,2026-01-07 12:16:00,307.51125884618904,0.235
9377,2026-01-07 12:17:00,308.1638988864153,0.16699999999999998
9378,2026-01-07 12:18:00,307.9582631215343,0.52
9379,2026-01-07 12:19:00,307.676435178379,0.379
9380,2026-01-07 12:20:00,308.2403318487154,0.574
9381,2026-01-07 12:21:00,308.53816757560236,0.39
9382,2026-01-07 12:22:00,307.6190630057289,0.185
9383,2026-01-07 12:23:00,308.43955236503945,0.46299999999999997
9384,2026-01-07 12:24:00,308.12193018297745,0.43
9385,2026-01-07 12:25:00,309.3366553968858,0.53
9386,2026-01-07 12:26:00,308.1992548204247,0.39899999999999997
9387,2026-01-07 12:27:00,308.01952883338106,0.473
9388,2026-01-07 12:28:00,307.78305753192836,0.534
9389,2026-01-07 12:29:00,307.58640572948485,0.401
9390,2026-01-07 12:30:00,308.80230289748346,0.44799999999999995
9391,2026-01-07 12:31:00,308.1254060328991,0.439
9392,2026-01-07 12:32:00,309.005792732012,0.256
9393,2026-01-07 12:33:00,309.4225147244657,0.307
9394,2026-01-07 12:34:00,308.56966777140275,0.29100000000000004
9395,2026-01-07 12:35:00,308.6854332075811,0.193
9396,2026-01-07 12:36:00,306.7073119554887,0.488
9397,2026-01-07 12:37:00,308.2929720186282,0.156
9398,2026-01-07 12:38:00,308.16993415383814,0.501
9399,2026-01-07 12:39:00,308.7320297052662,0.345
9400,2026-01-07 12:40:00,308.22932970140795,0.28300000000000003
9401,2026-01-07 12:41:00,308.7249710554238,0.31
9402,2026-01-07 12:42:00,309.31649685574513,0.466
9403,2026-01-07 12:43:00,308.67582565078044,0.267
9404,2026-01-07 12:44:00,309.0054925924006,0.449
9405,2026-01-07 12:45:00,308.2633442961965,0.539
9406,2026-01-07 12:46:00,310.1865422824181,0.442
9407,2026-01-07 12:47:00,308.89529025261373,0.45899999999999996
9408,2026-01-07 12:48:00,308.73391663468624,0.43799999999999994
9409,2026-01-07 12:49:00,308.6309786220025,0.462
9410,2026-01-07 12:50:00,308.6804577574734,0.22
9411,2026-01-07 12:51:00,309.04811902218876,0.42
9412,2026-01-07 12:52:00,308.91565724181174,0.545
9413,2026-01-07 12:53:00,307.96460266371423,0.29600000000000004
9414,2026-01-07 12:54:00,308.9216775746728,0.305
9415,2026-01-07 12:55:00,308.4131623888916,0.33
9416,2026-01-07 12:56:00,308.30748139091105,0.46299999999999997
9417,2026-01-07 12:57:00,309.1668052586204,0.557
9418,2026-01-07 12:58:00,308.624793761031,0.348
9419,2026-01-07 12:59:00,309.2831591706795,0.284
9420,2026-01-07 13:00:00,308.24882558491475,0.36
9421,2026-01-07 13:01:00,308.83327916429147,0.28800000000000003
9422,2026-01-07 13:02:00,308.3349590442165,0.57
9423,2026-01-07 13:03:00,307.9081426639896,0.401
9424,2026-01-07 13:04:00,309.03425754025295,0.519
9425,2026-01-07 13:05:00,309.34353856456585,0.33299999999999996
9426,2026-01-07 13:06:00,309.4734025651925,0.493
9427,2026-01-07 13:07:00,308.6270298668255,0.425
9428,2026-01-07 13:08:00,309.5057787618092,0.43
9429,2026-01-07 13:09:00,307.63175801139533,0.568
9430,2026-01-07 13:10:00,308.81768570049354,0.48200000000000004
9431,2026-01-07 13:11:00,309.54363779364036,0.535
9432,2026-01-07 13:12:00,308.1441689842418,0.434
9433,2026-01-07 13:13:00,308.85560257081346,0.479
9434,2026-01-07 13:14:00,308.8304167484681,0.5379999999999999
9435,2026-01-07 13:15:00,308.5578496588891,0.159
9436,2026-01-07 13:16:00,309.6386199728305,0.45799999999999996
9437,2026-01-07 13:17:00,309.21031693033274,0.535
9438,2026-01-07 13:18:00,308.4730427361314,0.517
9439,2026-01-07 13:19:00,308.8294354999622,0.293
9440,2026-01-07 13:20:00,309.0605359561471,0.418
9441,2026-01-07 13:21:00,309.47538991675424,0.426
9442,2026-01-07 13:22:00,308.9517537745564,0.396
9443,2026-01-07 13:23:00,308.62194189784714,0.534
9444,2026-01-07 13:24:00,309.0204972298283,0.568
9445,2026-01-07 13:25:00,309.12157300793893,0.354
9446,2026-01-07 13:26:00,308.9537575576226,0.20199999999999999
9447,2026-01-07 13:27:00,310.18175461758426,0.33299999999999996
9448,2026-01-07 13:28:00,309.37057481427996,0.267
9449,2026-01-07 13:29:00,309.6887138815803,0.406
9450,2026-01-07 13:30:00,309.5115629945395,0.361
9451,2026-01-07 13:31:00,308.4257849532886,0.452
9452,2026-01-07 13:32:00,309.8945519840398,0.46399999999999997
9453,2026-01-07 13:33:00,309.0244717346632,0.401
9454,2026-01-07 13:34:00,308.9093134552,0.368
9455,2026-01-07 13:35:00,310.0856030282052,0.48200000000000004
9456,2026-01-07 13:36:00,309.51716203546886,0.43799999999999994
9457,2026-01-07 13:37:00,309.92125148997286,0.48
9458,2026-01-07 13:38:00,309.8674568461933,0.276
9459,2026-01-07 13:39:00,309.3159393122645,0.5539999999999999
9460,2026-01-07 13:40:00,309.3152375283857,0.332
9461,2026-01-07 13:41:00,309.0251062242873,0.47100000000000003
9462,2026-01-07 13:42:00,309.1632724139747,0.275
9463,2026-01-07 13:43:00,309.7250267931954,0.483
9464,2026-01-07 13:44:00,309.7515330160222,0.4
9465,2026-01-07 13:45:00,309.08448918718625,0.46799999999999997
9466,2026-01-07 13:46:00,309.8625603025626,0.419
9467,2026-01-07 13:47:00,308.9198626832847,0.319
9468,2026-01-07 13:48:00,309.53251312342115,0.33299999999999996
9469,2026-01-07 13:49:00,309.5069030102546,0.24
9470,2026-01-07 13:50:00,309.5310719758,0.335
9471,2026-01-07 13:51:00,310.56234189376016,0.43799999999999994
9472,2026-01-07 13:52:00,308.8436964802759,0.509
9473,2026-01-07 13:53:00,308.95914241128406,0.574
9474,2026-01-07 13:54:00,308.79085542756684,0.353
9475,2026-01-07 13:55:00,309.58596298702577,0.337
9476,2026-01-07 13:56:00,309.1860597748162,0.342
9477,2026-01-07 13:57:00,309.8910195204025,0.46
9478,2026-01-07 13:58:00,309.09230852591423,0.39799999999999996
9479,2026-01-07 13:59:00,310.62105607935814,0.345
9480,2026-01-07 14:00:00,310.5155614072889,0.419
9481,2026-01-07 14:01:00,310.5882278849546,0.447
9482,2026-01-07 14:02:00,308.4421856450755,0.40700000000000003
9483,2026-01-07 14:03:00,309.66558195293317,0.366
9484,2026-01-07 14:04:00,309.5713488097105,0.5539999999999999
9485,2026-01-07 14:05:00,310.2817738293865,0.414
9486,2026-01-07 14:06:00,309.21835129221427,0.44799999999999995
9487,2026-01-07 14:07:00,311.2950322994282,0.504
9488,2026-01-07 14:08:00,310.3728702660385,0.40299999999999997
9489,2026-01-07 14:09:00,310.2312490643356,0.361
9490,2026-01-07 14:10:00,310.4475646512541,0.377
9491,2026-01-07 14:11:00,310.49420560460334,0.306
9492,2026-01-07 14:12:00,310.09604750428997,0.474
9493,2026-01-07 14:13:00,310.4321051186326,0.49200000000000005
9494,2026-01-07 14:14:00,309.6877360824909,0.44799999999999995
9495,2026-01-07 14:15:00,309.859420805097,0.47
9496,2026-01-07 14:16:00,310.77755109970576,0.401
9497,2026-01-07 14:17:00,309.3609131062994,0.41600000000000004
9498,2026-01-07 14:18:00,309.714934178437,0.38799999999999996
9499,2026-01-07 14:19:00,311.20467777296903,0.364
9500,2026-01-07 14:20:00,310.2493175924944,0.39799999999999996
9501,2026-01-07 14:21:00,309.9993611784993,0.433
9502,2026-01-07 14:22:00,310.4960700032615,0.40700000000000003
9503,2026-01-07 14:23:00,310.183396999657,0.37799999999999995
9504,2026-01-07 14:24:00,310.0240764713447,0.33399999999999996
9505,2026-01-07 14:25:00,310.0128690492326,0.45899999999999996
9506,2026-01-07 14:26:00,309.7365639144481,0.28800000000000003
9507,2026-01-07 14:27:00,311.4201446986077,0.545
9508,2026-01-07 14:28:00,310.56998750343695,0.391
9509,2026-01-07 14:29:00,310.89439414254946,0.419
9510,2026-01-07 14:30:00,309.45464037859836,0.36
9511,2026-01-07 14:31:00,309.84623813681407,0.489
9512,2026-01-07 14:32:00,310.43786816512113,0.40399999999999997
9513,2026-01-07 14:33:00,310.19998600492977,0.32299999999999995
9514,2026-01-07 14:34:00,310.24053081929776,0.406
9515,2026-01-07 14:35:00,310.6129194120759,0.276
9516,2026-01-07 14:36:00,310.1078461353,0.42100000000000004
9517,2026-01-07 14:37:00,310.0663672027769,0.5539999999999999
9518,2026-01-07 14:38:00,310.5565426589101,0.439
9519,2026-01-07 14:39:00,310.8442436434591,0.59
9520,2026-01-07 14:40:00,310.05972984360966,0.467
9521,2026-01-07 14:41:00,310.65577021618316,0.536
9522,2026-01-07 14:42:00,310.72119525946357,0.441
9523,2026-01-07 14:43:00,310.7663766877426,0.48700000000000004
9524,2026-01-07 14:44:00,310.49278102536704,0.295
9525,2026-01-07 14:45:00,310.9771775884038,0.457
9526,2026-01-07 14:46:00,310.4044161982987,0.314
9527,2026-01-07 14:47:00,310.19009881402013,0.26
9528,2026-01-07 14:48:00,310.0769396365227,0.42100000000000004
9529,2026-01-07 14:49:00,310.1317006216259,0.451
9530,2026-01-07 14:50:00,310.83028011778293,0.47700000000000004
9531,2026-01-07 14:51:00,310.9721302240204,0.402
9532,2026-01-07 14:52:00,311.3489029935403,0.313
9533,2026-01-07 14:53:00,311.1981956190784,0.285
9534,2026-01-07 14:54:00,310.75180741667145,0.48700000000000004
9535,2026-01-07 14:55:00,310.68102802015795,0.31
9536,2026-01-07 14:56:00,310.2838795246529,0.38299999999999995
9537,2026-01-07 14:57:00,312.76129756659986,0.439
9538,2026-01-07 14:58:00,310.9822740609892,0.307
9539,2026-01-07 14:59:00,311.2912787011286,0.37200000000000005
9540,2026-01-07 15:00:00,311.76604225516957,0.33799999999999997
9541,2026-01-07 15:01:00,311.8137339066734,0.433
9542,2026-01-07 15:02:00,311.078157406444,0.489
9543,2026-01-07 15:03:00,311.3305576273879,0.409
9544,2026-01-07 15:04:00,310.6138372693329,0.392
9545,2026-01-07 15:05:00,310.3057564161854,0.455
9546,2026-01-07 15:06:00,310.85472853199366,0.314
9547,2026-01-07 15:07:00,311.4744378458602,0.483
9548,2026-01-07 15:08:00,311.0013909349447,0.402
9549,2026-01-07 15:09:00,311.37389222204865,0.34600000000000003
9550,2026-01-07 15:10:00,310.71169516934776,0.385
9551,2026-01-07 15:11:00,311.6532845905271,0.425
9552,2026-01-07 15:12:00,311.0339575334988,0.263
9553,2026-01-07 15:13:00,310.9395739301187,0.501
9554,2026-01-07 15:14:00,310.6587348815539,0.255
9555,2026-01-07 15:15:00,311.43608373602297,0.249
9556,2026-01-07 15:16:00,310.2665659168753,0.381
9557,2026-01-07 15:17:00,311.4296660393087,0.35100000000000003
9558,2026-01-07 15:18:00,311.62975171153016,0.425
9559,2026-01-07 15:19:00,311.50721703255783,0.38
9560,2026-01-07 15:20:00,311.22600891735823,0.2
9561,2026-01-07 15:21:00,311.4768328579772,0.48200000000000004
9562,2026-01-07 15:22:00,310.9887032199762,0.36
9563,2026-01-07 15:23:00,310.4368378513665,0.47600000000000003
9564,2026-01-07 15:24:00,310.8478648632323,0.401
9565,2026-01-07 15:25:00,310.23816059770365,0.466
9566,2026-01-07 15:26:00,311.6276704759892,0.354
9567,2026-01-07 15:27:00,309.80204085739933,0.233
9568,2026-01-07 15:28:00,311.0275504968402,0.495
9569,2026-01-07 15:29:00,311.34250986525313,0.41200000000000003
9570,2026-01-07 15:30:00,310.533867270847,0.335
9571,2026-01-07 15:31:00,310.10902003428583,0.565
9572,2026-01-07 15:32:00,309.69860991056566,0.531
9573,2026-01-07 15:33:00,309.5983482506649,0.475
9574,2026-01-07 15:34:00,310.79798727872026,0.598
9575,2026-01-07 15:35:00,310.70405339356597,0.413
9576,2026-01-07 15:36:00,310.0585663431113,0.42100000000000004
9577,2026-01-07 15:37:00,310.86359715046746,0.545
9578,2026-01-07 15:38:00,310.760937602019,0.405
9579,2026-01-07 15:39:00,310.0323613901088,0.455
9580,2026-01-07 15:40:00,310.3569347341077,0.433
9581,2026-01-07 15:41:00,310.7904056523337,0.52
9582,2026-01-07 15:42:00,309.64823749101475,0.373
9583,2026-01-07 15:43:00,310.4290849886851,0.46799999999999997
9584,2026-01-07 15:44:00,310.47713019767923,0.528
9585,2026-01-07 15:45:00,310.98008919464877,0.287
9586,2026-01-07 15:46:00,309.2463587358789,0.5
9587,2026-01-07 15:47:00,311.16661063298505,0.434
9588,2026-01-07 15:48:00,310.87732548837715,0.38
9589,2026-01-07 15:49:00,310.54316079043804,0.41100000000000003
9590,2026-01-07 15:50:00,309.9467133669679,0.374
9591,2026-01-07 15:51:00,309.81459694778283,0.45299999999999996
9592,2026-01-07 15:52:00,309.90599618352604,0.18
9593,2026-01-07 15:53:00,309.5533389993597,0.325
9594,2026-01-07 15:54:00,310.8063513429946,0.402
9595,2026-01-07 15:55:00,310.107161483979,0.38
9596,2026-01-07 15:56:00,310.330210648051,0.379
9597,2026-01-07 15:57:00,309.65165296020933,0.444
9598,2026-01-07 15:58:00,310.6431825896138,0.368
9599,2026-01-07 15:59:00,309.8522354492226,0.415
9600,2026-01-07 16:00:00,309.96179004051857,0.40299999999999997
9601,2026-01-07 16:01:00,309.36593253688244,0.413
9602,2026-01-07 16:02:00,309.37428776632095,0.42200000000000004
9603,2026-01-07 16:03:00,309.7868992007463,0.318
9604,2026-01-07 16:04:00,310.62708083839925,0.625
9605,2026-01-07 16:05:00,311.51028003415956,0.439
9606,2026-01-07 16:06:00,310.15123804196725,0.39899999999999997
9607,2026-01-07 16:07:00,310.1973078507051,0.373
9608,2026-01-07 16:08:00,310.3307307275311,0.353
9609,2026-01-07 16:09:00,309.80336662389124,0.428
9610,2026-01-07 16:10:00,309.92709457472387,0.529
9611,2026-01-07 16:11:00,310.1333394443696,0.45899999999999996
9612,2026-01-07 16:12:00,309.56395232602983,0.195
9613,2026-01-07 16:13:00,309.56659117097644,0.272
9614,2026-01-07 16:14:00,311.16775978040266,0.478
9615,2026-01-07 16:15:00,309.4365242224736,0.386
9616,2026-01-07 16:16:00,309.89159555171244,0.475
9617,2026-01-07 16:17:00,310.153955233299,0.589
9618,2026-01-07 16:18:00,310.346119043498,0.366
9619,2026-01-07 16:19:00,309.8996935561149,0.34299999999999997
9620,2026-01-07 16:20:00,309.28108648142796,0.19699999999999998
9621,2026-01-07 16:21:00,310.13171896379987,0.358
9622,2026-01-07 16:22:00,310.15672624526945,0.332
9623,2026-01-07 16:23:00,310.20437200411044,0.574
9624,2026-01-07 16:24:00,310.22928197408135,0.41200000000000003
9625,2026-01-07 16:25:00,310.60509211696433,0.527
9626,2026-01-07 16:26:00,311.37114520096213,0.332
9627,2026-01-07 16:27:00,309.8458253905219,0.413
9628,2026-01-07 16:28:00,311.06457780445396,0.389
9629,2026-01-07 16:29:00,310.48262136389576,0.449
9630,2026-01-07 16:30:00,309.99405129505567,0.268
9631,2026-01-07 16:31:00,310.51424995490623,0.361
9632,2026-01-07 16:32:00,310.515785308207,0.539
9633,2026-01-07 16:33:00,310.8201272657418,0.46299999999999997
9634,2026-01-07 16:34:00,310.1063940790362,0.406
9635,2026-01-07 16:35:00,310.633850478166,0.326
9636,2026-01-07 16:36:00,311.33909713938056,0.281
9637,2026-01-07 16:37:00,310.2389816121182,0.317
9638,2026-01-07 16:38:00,309.43786282116264,0.47
9639,2026-01-07 16:39:00,310.02237427676914,0.41200000000000003
9640,2026-01-07 16:40:00,310.347408995714,0.331
9641,2026-01-07 16:41:00,309.7850206472935,0.41100000000000003
9642,2026-01-07 16:42:00,310.35979481803247,0.36
9643,2026-01-07 16:43:00,309.36854776084,0.46299999999999997
9644,2026-01-07 16:44:00,310.1925129481684,0.557
9645,2026-01-07 16:45:00,310.2803518635557,0.563
9646,2026-01-07 16:46:00,310.6802433653497,0.495
9647,2026-01-07 16:47:00,309.57394971150114,0.33
9648,2026-01-07 16:48:00,310.45488189942813,0.396
9649,2026-01-07 16:49:00,310.7893008827408,0.345
9650,2026-01-07 16:50:00,309.414433494287,0.619
9651,2026-01-07 16:51:00,310.31332527751084,0.431
9652,2026-01-07 16:52:00,309.68711586607213,0.449
9653,2026-01-07 16:53:00,309.48598928971114,0.309
9654,2026-01-07 16:54:00,309.91923097183616,0.488
9655,2026-01-07 16:55:00,309.9233720853283,0.5479999999999999
9656,2026-01-07 16:56:00,310.71451980810787,0.33299999999999996
9657,2026-01-07 16:57:00,310.11286341791765,0.24
9658,2026-01-07 16:58:00,309.7202480141033,0.489
9659,2026-01-07 16:59:00,310.2051431982595,0.35200000000000004
9660,2026-01-07 17:00:00,310.442846861147,0.311
9661,2026-01-07 17:01:00,311.07685482359557,0.307
9662,2026-01-07 17:02:00,309.92888032828455,0.441
9663,2026-01-07 17:03:00,310.6603289967294,0.315
9664,2026-01-07 17:04:00,310.81561939093547,0.354
9665,2026-01-07 17:05:00,309.6920901572615,0.29600000000000004
9666,2026-01-07 17:06:00,309.73418765277546,0.5720000000000001
9667,2026-01-07 17:07:00,310.52802017057155,0.212
9668,2026-01-07 17:08:00,310.736676515788,0.193
9669,2026-01-07 17:09:00,310.9927628851281,0.281
9670,2026-01-07 17:10:00,309.8333324819971,0.33399999999999996
9671,2026-01-07 17:11:00,310.1831801674258,0.242
9672,2026-01-07 17:12:00,309.8510014907146,0.444
9673,2026-01-07 17:13:00,309.74068910348416,0.466
9674,2026-01-07 17:14:00,310.3181846427549,0.564
9675,2026-01-07 17:15:00,309.0074325731811,0.51
9676,2026-01-07 17:16:00,309.7026409558875,0.48100000000000004
9677,2026-01-07 17:17:00,310.0445174253985,0.40700000000000003
9678,2026-01-07 17:18:00,310.1941145533607,0.316
9679,2026-01-07 17:19:00,308.9434789684337,0.456
9680,2026-01-07 17:20:00,310.7978727653103,0.595
9681,2026-01-07 17:21:00,309.63963274132135,0.35600000000000004
9682,2026-01-07 17:22:00,309.7433113101185,0.319
9683,2026-01-07 17:23:00,310.2967137417593,0.3
9684,2026-01-07 17:24:00,310.0624557155087,0.28800000000000003
9685,2026-01-07 17:25:00,309.0964890269707,0.33399999999999996
9686,2026-01-07 17:26:00,309.84518038329134,0.32
9687,2026-01-07 17:27:00,310.656185360976,0.39799999999999996
9688,2026-01-07 17:28:00,309.410586935037,0.455
9689,2026-01-07 17:29:00,309.4727476248213,0.282
9690,2026-01-07 17:30:00,309.19343124155233,0.363
9691,2026-01-07 17:31:00,309.01762660021546,0.537
9692,2026-01-07 17:32:00,310.2799021653947,0.424
9693,2026-01-07 17:33:00,309.9768380389178,0.312
9694,2026-01-07 17:34:00,309.8247005240115,0.436
9695,2026-01-07 17:35:00,310.5918286911232,0.414
9696,2026-01-07 17:36:00,310.2215762122644,0.41100000000000003
9697,2026-01-07 17:37:00,309.2306734030243,0.301
9698,2026-01-07 17:38:00,310.0151959301457,0.32899999999999996
9699,2026-01-07 17:39:00,309.7848310508127,0.297
9700,2026-01-07 17:40:00,309.52454435386716,0.34600000000000003
9701,2026-01-07 17:41:00,309.66747983476745,0.613
9702,2026-01-07 17:42:00,310.89847765059943,0.429
9703,2026-01-07 17:43:00,310.7440212373539,0.484
9704,2026-01-07 17:44:00,310.20254564593347,0.45
9705,2026-01-07 17:45:00,309.5100065368781,0.201
9706,2026-01-07 17:46:00,309.6444308467724,0.556
9707,2026-01-07 17:47:00,309.9212551592766,0.452
9708,2026-01-07 17:48:00,309.8239784539247,0.442
9709,2026-01-07 17:49:00,309.6914225371041,0.366
9710,2026-01-07 17:50:00,310.43506848513397,0.562
9711,2026-01-07 17:51:00,310.04815306265454,0.545
9712,2026-01-07 17:52:00,310.12631252060964,0.406
9713,2026-01-07 17:53:00,309.52565912358267,0.21600000000000003
9714,2026-01-07 17:54:00,310.23154589354755,0.336
9715,2026-01-07 17:55:00,309.48159896633143,0.19
9716,2026-01-07 17:56:00,309.94826874291994,0.27899999999999997
9717,2026-01-07 17:57:00,310.01924752075126,0.37200000000000005
9718,2026-01-07 17:58:00,310.0792682217453,0.39399999999999996
9719,2026-01-07 17:59:00,309.1897444920433,0.337
9720,2026-01-07 18:00:00,310.2028045136371,0.29
9721,2026-01-07 18:01:00,309.86177437861187,0.36700000000000005
9722,2026-01-07 18:02:00,308.8331144914472,0.496
9723,2026-01-07 18:03:00,310.0480673413838,0.174
9724,2026-01-07 18:04:00,309.6635075813045,0.429
9725,2026-01-07 18:05:00,309.9843347512629,0.44299999999999995
9726,2026-01-07 18:06:00,310.08123705661774,0.47700000000000004
9727,2026-01-07 18:07:00,309.7013869569988,0.5820000000000001
9728,2026-01-07 18:08:00,309.27108306620454,0.276
9729,2026-01-07 18:09:00,309.6831604505099,0.38
9730,2026-01-07 18:10:00,309.97881932189676,0.429
9731,2026-01-07 18:11:00,310.11417711770406,0.315
9732,2026-01-07 18:12:00,310.61915282938315,0.429
9733,2026-01-07 18:13:00,309.71353090911856,0.37200000000000005
9734,2026-01-07 18:14:00,309.6593870853951,0.425
9735,2026-01-07 18:15:00,310.6479708976611,0.36200000000000004
9736,2026-01-07 18:16:00,309.9466955077141,0.324
9737,2026-01-07 18:17:00,311.0226808404585,0.456
9738,2026-01-07 18:18:00,309.9671935435525,0.474
9739,2026-01-07 18:19:00,309.73681672032325,0.41200000000000003
9740,2026-01-07 18:20:00,310.00900178580406,0.45399999999999996
9741,2026-01-07 18:21:00,309.56419384883276,0.326
9742,2026-01-07 18:22:00,309.40904260198846,0.28800000000000003
9743,2026-01-07 18:23:00,309.8008811631045,0.326
9744,2026-01-07 18:24:00,309.64807023788745,0.35100000000000003
9745,2026-01-07 18:25:00,309.60960489352,0.34
9746,2026-01-07 18:26:00,309.49549475734057,0.353
9747,2026-01-07 18:27:00,309.4532975660955,0.359
9748,2026-01-07 18:28:00,309.8007178644049,0.34
9749,2026-01-07 18:29:00,309.30604021449346,0.162
9750,2026-01-07 18:30:00,309.76022766827106,0.36700000000000005
9751,2026-01-07 18:31:00,309.59117164235295,0.473
9752,2026-01-07 18:32:00,309.31503754706637,0.261
9753,2026-01-07 18:33:00,310.4051999905794,0.221
9754,2026-01-07 18:34:00,308.9555288066114,0.297
9755,2026-01-07 18:35:00,309.15276661791086,0.667
9756,2026-01-07 18:36:00,310.9302463470217,0.391
9757,2026-01-07 18:37:00,309.24185568541907,0.425
9758,2026-01-07 18:38:00,308.6636652907172,0.35
9759,2026-01-07 18:39:00,309.4759064012416,0.35700000000000004
9760,2026-01-07 18:40:00,308.92064245343084,0.486
9761,2026-01-07 18:41:00,308.95048163606856,0.318
9762,2026-01-07 18:42:00,310.40098294770803,0.504
9763,2026-01-07 18:43:00,309.594321101559,0.348
9764,2026-01-07 18:44:00,309.22967509107303,0.379
9765,2026-01-07 18:45:00,308.6292842034228,0.41
9766,2026-01-07 18:46:00,309.8082715189823,0.278
9767,2026-01-07 18:47:00,309.3382338335469,0.541
9768,2026-01-07 18:48:00,309.58095598182405,0.5760000000000001
9769,2026-01-07 18:49:00,309.6428635242047,0.545
9770,2026-01-07 18:50:00,309.86902046108594,0.36200000000000004
9771,2026-01-07 18:51:00,310.26224164997456,0.467
9772,2026-01-07 18:52:00,310.22475427762504,0.41600000000000004
9773,2026-01-07 18:53:00,309.79687812744885,0.47100000000000003
9774,2026-01-07 18:54:00,310.1581441288438,0.446
9775,2026-01-07 18:55:00,310.8832687871611,0.488
9776,2026-01-07 18:56:00,310.99551732376983,0.298
9777,2026-01-07 18:57:00,309.0670414971254,0.273
9778,2026-01-07 18:58:00,308.8617944016621,0.504
9779,2026-01-07 18:59:00,310.117263368495,0.39799999999999996
9780,2026-01-07 19:00:00,308.5675493054253,0.284
9781,2026-01-07 19:01:00,310.8904592502084,0.43200000000000005
9782,2026-01-07 19:02:00,309.6772393800796,0.375
9783,2026-01-07 19:03:00,309.8226345426925,0.36
9784,2026-01-07 19:04:00,309.0898265069253,0.467
9785,2026-01-07 19:05:00,309.3029313485255,0.33899999999999997
9786,2026-01-07 19:06:00,309.8312817168356,0.331
9787,2026-01-07 19:07:00,308.6616787585085,0.309
9788,2026-01-07 19:08:00,309.22142041644,0.335
9789,2026-01-07 19:09:00,309.5603483663132,0.447
9790,2026-01-07 19:10:00,309.1046048281941,0.34700000000000003
9791,2026-01-07 19:11:00,309.9124221117779,0.503
9792,2026-01-07 19:12:00,308.3113369640763,0.456
9793,2026-01-07 19:13:00,308.567426637974,0.192
9794,2026-01-07 19:14:00,308.5150314588843,0.298
9795,2026-01-07 19:15:00,309.2632663755112,0.425
9796,2026-01-07 19:16:00,308.9324729217113,0.285
9797,2026-01-07 19:17:00,308.8652436133491,0.605
9798,2026-01-07 19:18:00,309.5624601556384,0.55
9799,2026-01-07 19:19:00,309.1683955045175,0.442
9800,2026-01-07 19:20:00,309.90657721811823,0.503
9801,2026-01-07 19:21:00,309.1300990976763,0.409
9802,2026-01-07 19:22:00,308.8037189259659,0.317
9803,2026-01-07 19:23:00,307.60081052782573,0.45799999999999996
9804,2026-01-07 19:24:00,309.7561041886116,0.523
9805,2026-01-07 19:25:00,308.9694321210114,0.409
9806,2026-01-07 19:26:00,309.34149149072033,0.38799999999999996
9807,2026-01-07 19:27:00,308.35224544486124,0.294
9808,2026-01-07 19:28:00,309.13360281695185,0.424
9809,2026-01-07 19:29:00,310.2870982059652,0.451
9810,2026-01-07 19:30:00,310.06626781433005,0.369
9811,2026-01-07 19:31:00,309.4601112184961,0.36700000000000005
9812,2026-01-07 19:32:00,309.65854962595205,0.35600000000000004
9813,2026-01-07 19:33:00,308.7862520148036,0.609
9814,2026-01-07 19:34:00,309.5932929130545,0.43700000000000006
9815,2026-01-07 19:35:00,309.1657488714262,0.39299999999999996
9816,2026-01-07 19:36:00,309.5291018554755,0.324
9817,2026-01-07 19:37:00,307.83329852392797,0.527
9818,2026-01-07 19:38:00,309.3875595897441,0.57
9819,2026-01-07 19:39:00,309.3543147718027,0.5
9820,2026-01-07 19:40:00,309.5054835564785,0.418
9821,2026-01-07 19:41:00,309.15704853629154,0.561
9822,2026-01-07 19:42:00,309.17641474693096,0.354
9823,2026-01-07 19:43:00,309.3290739379626,0.177
9824,2026-01-07 19:44:00,309.73596239698793,0.45299999999999996
9825,2026-01-07 19:45:00,309.0844568593578,0.327
9826,2026-01-07 19:46:00,309.2386988563323,0.369
9827,2026-01-07 19:47:00,309.0868999090835,0.536
9828,2026-01-07 19:48:00,308.4977152587568,0.506
9829,2026-01-07 19:49:00,309.34164880741815,0.455
9830,2026-01-07 19:50:00,309.3294161804848,0.512
9831,2026-01-07 19:51:00,308.01205398149403,0.424
9832,2026-01-07 19:52:00,309.9142775402639,0.514
9833,2026-01-07 19:53:00,309.750985367513,0.47600000000000003
9834,2026-01-07 19:54:00,308.23018342264874,0.521
9835,2026-01-07 19:55:00,309.069791301256,0.37
9836,2026-01-07 19:56:00,309.16468053603705,0.474
9837,2026-01-07 19:57:00,309.01708908841545,0.588
9838,2026-01-07 19:58:00,308.9815358293023,0.461
9839,2026-01-07 19:59:00,308.81417616385176,0.406
9840,2026-01-07 20:00:00,309.51525487139685,0.155
9841,2026-01-07 20:01:00,309.2133147187923,0.34600000000000003
9842,2026-01-07 20:02:00,308.5248101694805,0.272
9843,2026-01-07 20:03:00,309.29279510719806,0.514
9844,2026-01-07 20:04:00,309.970513674178,0.37799999999999995
9845,2026-01-07 20:05:00,308.5473572108298,0.45299999999999996
9846,2026-01-07 20:06:00,309.60641297142604,0.385
9847,2026-01-07 20:07:00,309.5308060921528,0.442
9848,2026-01-07 20:08:00,310.088763884396,0.55
9849,2026-01-07 20:09:00,310.38028717897777,0.331
9850,2026-01-07 20:10:00,310.89008901336683,0.33899999999999997
9851,2026-01-07 20:11:00,310.08306231985426,0.26899999999999996
9852,2026-01-07 20:12:00,310.24732505991415,0.248
9853,2026-01-07 20:13:00,309.2584405680946,0.45799999999999996
9854,2026-01-07 20:14:00,310.8051069471349,0.563
9855,2026-01-07 20:15:00,310.39426491827163,0.314
9856,2026-01-07 20:16:00,310.48695228362925,0.139
9857,2026-01-07 20:17:00,310.5378159771185,0.34
9858,2026-01-07 20:18:00,309.86708313868013,0.447
9859,2026-01-07 20:19:00,309.623228740783,0.354
9860,2026-01-07 20:20:00,310.323034751914,0.313
9861,2026-01-07 20:21:00,309.52817587721677,0.256
9862,2026-01-07 20:22:00,309.8140139763332,0.217
9863,2026-01-07 20:23:00,310.8978799603067,0.521
9864,2026-01-07 20:24:00,310.9195711276586,0.365
9865,2026-01-07 20:25:00,310.2728155676485,0.441
9866,2026-01-07 20:26:00,309.3666233473444,0.506
9867,2026-01-07 20:27:00,310.26254351927,0.551
9868,2026-01-07 20:28:00,309.5387898325175,0.586
9869,2026-01-07 20:29:00,310.09595009196545,0.591
9870,2026-01-07 20:30:00,309.42394409542743,0.386
9871,2026-01-07 20:31:00,310.1853887901012,0.275
9872,2026-01-07 20:32:00,309.43144494948785,0.385
9873,2026-01-07 20:33:00,310.10669720521713,0.22
9874,2026-01-07 20:34:00,309.18898235886786,0.34299999999999997
9875,2026-01-07 20:35:00,308.8933484656139,0.308
9876,2026-01-07 20:36:00,309.46935138053425,0.27699999999999997
9877,2026-01-07 20:37:00,309.91228426221886,0.223
9878,2026-01-07 20:38:00,309.72901268350915,0.447
9879,2026-01-07 20:39:00,309.72812904917794,0.344
9880,2026-01-07 20:40:00,309.4985491553959,0.402
9881,2026-01-07 20:41:00,309.5292031033685,0.32799999999999996
9882,2026-01-07 20:42:00,309.26878443469224,0.48100000000000004
9883,2026-01-07 20:43:00,310.0221820743157,0.486
9884,2026-01-07 20:44:00,310.178562070682,0.5529999999999999
9885,2026-01-07 20:45:00,310.16645433075956,0.311
9886,2026-01-07 20:46:00,310.0927409548695,0.541
9887,2026-01-07 20:47:00,309.43445388840064,0.35100000000000003
9888,2026-01-07 20:48:00,309.16502706889503,0.47100000000000003
9889,2026-01-07 20:49:00,309.5541021736604,0.44799999999999995
9890,2026-01-07 20:50:00,308.61909018710185,0.314
9891,2026-01-07 20:51:00,309.32825122178014,0.423
9892,2026-01-07 20:52:00,308.8366345663861,0.489
9893,2026-01-07 20:53:00,308.84043508427686,0.45299999999999996
9894,2026-01-07 20:54:00,308.2107644838135,0.457
9895,2026-01-07 20:55:00,309.4042466431064,0.35700000000000004
9896,2026-01-07 20:56:00,308.63977593841093,0.495
9897,2026-01-07 20:57:00,309.3325837537461,0.373
9898,2026-01-07 20:58:00,308.87696374490633,0.43200000000000005
9899,2026-01-07 20:59:00,308.0859324950582,0.47700000000000004
9900,2026-01-07 21:00:00,308.6167804020882,0.327
9901,2026-01-07 21:01:00,309.4021657763488,0.46
9902,2026-01-07 21:02:00,309.05028202944214,0.408
9903,2026-01-07 21:03:00,309.3183231783408,0.588
9904,2026-01-07 21:04:00,309.74762528314596,0.306
9905,2026-01-07 21:05:00,308.7453531624447,0.29600000000000004
9906,2026-01-07 21:06:00,308.6613876318246,0.28300000000000003
9907,2026-01-07 21:07:00,308.91541241786246,0.349
9908,2026-01-07 21:08:00,309.21099275982846,0.36
9909,2026-01-07 21:09:00,307.5515016865414,0.5670000000000001
9910,2026-01-07 21:10:00,309.3257829857899,0.5870000000000001
9911,2026-01-07 21:11:00,307.7891212067277,0.439
9912,2026-01-07 21:12:00,309.64940778824547,0.485
9913,2026-01-07 21:13:00,308.0471729312952,0.391
9914,2026-01-07 21:14:00,308.5572336958297,0.33299999999999996
9915,2026-01-07 21:15:00,308.21735699284886,0.544
9916,2026-01-07 21:16:00,309.26628813308105,0.473
9917,2026-01-07 21:17:00,308.1281886723302,0.20199999999999999
9918,2026-01-07 21:18:00,308.20577898207387,0.369
9919,2026-01-07 21:19:00,308.3989390889325,0.27399999999999997
9920,2026-01-07 21:20:00,308.34546479492536,0.392
9921,2026-01-07 21:21:00,307.6237183853461,0.455
9922,2026-01-07 21:22:00,308.43507418318296,0.469
9923,2026-01-07 21:23:00,308.0647618737662,0.284
9924,2026-01-07 21:24:00,308.80490256413265,0.324
9925,2026-01-07 21:25:00,307.69341456784525,0.44299999999999995
9926,2026-01-07 21:26:00,308.5442817771168,0.485
9927,2026-01-07 21:27:00,308.5769230978132,0.332
9928,2026-01-07 21:28:00,308.119987271844,0.461
9929,2026-01-07 21:29:00,307.88897981737193,0.33899999999999997
9930,2026-01-07 21:30:00,308.30010898811923,0.128
9931,2026-01-07 21:31:00,308.27768956246604,0.28600000000000003
9932,2026-01-07 21:32:00,308.149444243811,0.44
9933,2026-01-07 21:33:00,308.1231598556495,0.508
9934,2026-01-07 21:34:00,307.5572464007051,0.26
9935,2026-01-07 21:35:00,307.95961974298467,0.478
9936,2026-01-07 21:36:00,308.42087492514827,0.37799999999999995
9937,2026-01-07 21:37:00,307.89582186088234,0.42
9938,2026-01-07 21:38:00,308.29905358407115,0.366
9939,2026-01-07 21:39:00,306.90625224178353,0.251
9940,2026-01-07 21:40:00,307.0752571296805,0.534
9941,2026-01-07 21:41:00,306.76236230284707,0.541
9942,2026-01-07 21:42:00,307.0668005358685,0.594
9943,2026-01-07 21:43:00,307.4737251608527,0.469
9944,2026-01-07 21:44:00,308.0618783257683,0.353
9945,2026-01-07 21:45:00,307.28254780958594,0.428
9946,2026-01-07 21:46:00,307.57423845590705,0.38799999999999996
9947,2026-01-07 21:47:00,306.7874807258517,0.345
9948,2026-01-07 21:48:00,308.1681914145893,0.33
9949,2026-01-07 21:49:00,307.90641222422937,0.359
9950,2026-01-07 21:50:00,307.5877213833775,0.491
9951,2026-01-07 21:51:00,307.88157825735226,0.35
9952,2026-01-07 21:52:00,307.9030770323698,0.5489999999999999
9953,2026-01-07 21:53:00,306.9728268719888,0.494
9954,2026-01-07 21:54:00,308.0082172038496,0.39899999999999997
9955,2026-01-07 21:55:00,308.00090540207935,0.265
9956,2026-01-07 21:56:00,307.9024239194681,0.289
9957,2026-01-07 21:57:00,308.4418179081208,0.41200000000000003
9958,2026-01-07 21:58:00,307.244442343808,0.324
9959,2026-01-07 21:59:00,308.0921158218154,0.324
9960,2026-01-07 22:00:00,307.839024145911,0.5
9961,2026-01-07 22:01:00,307.2558774368482,0.247
9962,2026-01-07 22:02:00,307.51157114884666,0.446
9963,2026-01-07 22:03:00,308.74826900275747,0.514
9964,2026-01-07 22:04:00,307.7033988860729,0.405
9965,2026-01-07 22:05:00,308.0377177736003,0.682
9966,2026-01-07 22:06:00,308.13042802876276,0.341
9967,2026-01-07 22:07:00,308.4888736192567,0.263
9968,2026-01-07 22:08:00,308.6205346279786,0.40399999999999997
9969,2026-01-07 22:09:00,308.74337355955265,0.521
9970,2026-01-07 22:10:00,308.543412884125,0.498
9971,2026-01-07 22:11:00,309.19726047501644,0.366
9972,2026-01-07 22:12:00,308.3886112823222,0.47
9973,2026-01-07 22:13:00,309.06531807524004,0.457
9974,2026-01-07 22:14:00,309.6047021718513,0.287
9975,2026-01-07 22:15:00,309.0510216290011,0.428
9976,2026-01-07 22:16:00,308.80258092637115,0.35600000000000004
9977,2026-01-07 22:17:00,308.0535542962264,0.423
9978,2026-01-07 22:18:00,308.8487905794921,0.371
9979,2026-01-07 22:19:00,308.7434155514925,0.24100000000000002
9980,2026-01-07 22:20:00,308.18953827422683,0.332
9981,2026-01-07 22:21:00,308.3443740135283,0.36200000000000004
9982,2026-01-07 22:22:00,307.94312496102583,0.261
9983,2026-01-07 22:23:00,308.25744072480944,0.392
9984,2026-01-07 22:24:00,308.62362113144917,0.473
9985,2026-01-07 22:25:00,308.00262579292456,0.27899999999999997
9986,2026-01-07 22:26:00,308.1463604093478,0.295
9987,2026-01-07 22:27:00,308.4608734200533,0.318
9988,2026-01-07 22:28:00,309.1520210462827,0.33399999999999996
9989,2026-01-07 22:29:00,308.8269193345528,0.485
9990,2026-01-07 22:30:00,309.1336972491122,0.402
